client_id,date,amount,segment,channel,country,declared_income,days_until_last_observed_transaction
C0389,2025-01-01,10222.122870778707,regular,app,RU,66611.28251620958,178
C0139,2025-06-09,35507.29491582651,opportunistic,manager,BY,143214.9268186321,12
C0107,2025-06-09,43346.870574574656,regular,app,RU,56532.060379392606,20
C0205,2025-05-09,3254.168745994023,regular,app,AM,33782.36257951558,48
C0247,2025-06-07,26433.186690711645,opportunistic,manager,RU,,0
C0079,2025-02-27,64427.52124589456,opportunistic,manager,RU,35790.53449527416,118
C0263,2025-02-03,13992.97693360684,regular,app,RU,72432.82695809603,144
C0250,2025-05-12,8999.206559462464,regular,app,BY,56532.86206867094,47
C0220,2025-03-30,20995.73237726115,regular,app,RU,89109.60304575077,90
C0389,2025-03-17,7506.09589777669,regular,app,RU,66611.28251620958,103
C0134,2025-02-09,12837.356696620474,regular,web,RU,162091.34627439242,139
C0307,2025-06-23,13109.423386727844,regular,app,KZ,111706.42563456245,3
C0242,2025-06-15,57813.992344001046,opportunistic,app,RU,,13
C0103,2025-06-18,26309.078017181288,regular,app,RU,41425.609103306146,9
C0317,2025-03-04,7526.453613357713,regular,app,RU,37535.87622140273,111
C0221,2025-06-08,13155.54186425484,regular,web,RU,100670.64887680218,18
C0223,2025-02-01,284335.7983171201,opportunistic,web,RU,26184.462394076887,148
C0140,2025-01-23,4984.796851459138,regular,app,AM,51875.679615003515,154
C0288,2025-06-23,12162.841650279228,regular,web,KZ,32072.151687949587,0
C0129,2025-05-11,19325.853227101885,regular,web,RU,102226.20848008845,19
C0321,2025-01-18,1718.4948725803945,new,web,RU,40102.093296631676,139
C0352,2025-05-31,36374.24419744946,regular,app,RU,103141.23639450001,27
C0259,2025-01-02,10638.291104126374,regular,web,KZ,54966.058792712574,176
C0331,2025-04-25,25360.42469841629,opportunistic,manager,RU,28003.565733441188,61
C0138,2025-06-13,10653.145921048803,regular,app,RU,59561.26986369458,12
C0255,2025-04-30,19210.35903489817,regular,app,AM,29087.88109205289,60
C0134,2025-06-23,15292.242317075354,regular,app,RU,162091.34627439242,5
C0366,2025-03-02,7564.621719354645,regular,app,RU,56128.80472027171,114
C0004,2025-04-26,54146.979940740464,opportunistic,manager,RU,30423.747915419874,61
C0218,2025-05-08,2330.554761406504,regular,web,AM,46855.648918213476,52
C0378,2025-04-16,11462.157759496367,regular,app,BY,93929.37563679303,73
C0268,2025-05-05,9600.462343527473,regular,web,KZ,36060.11248799635,48
C0067,2025-04-09,88208.00389559919,opportunistic,web,BY,,81
C0266,2025-04-14,4901.45095490007,regular,web,AM,60126.4423558778,69
C0230,2025-04-23,4599.985983737708,regular,app,RU,32681.058632895285,67
C0274,2025-04-05,65906.55005371157,opportunistic,app,RU,55376.719713659855,58
C0318,2025-01-13,16305.97626028383,opportunistic,app,RU,64130.477782441994,154
C0373,2025-02-11,13821.921200770887,regular,app,RU,,137
C0115,2025-05-03,16762.886756554035,regular,app,RU,140101.75043049947,47
C0099,2025-04-26,4368.674576345919,regular,web,BY,64136.52177165041,64
C0034,2025-06-10,3958.5515349263937,regular,app,BY,139312.1307018514,19
C0070,2025-04-15,12678.023429176536,regular,web,RU,72265.69587493673,74
C0155,2025-04-01,18909.485165070815,regular,app,RU,26171.924123075,72
C0378,2025-01-24,5406.388208800256,regular,manager,BY,93929.37563679303,155
C0019,2025-04-21,23825.505437718126,opportunistic,web,RU,88136.4967035286,21
C0232,2025-03-31,6755.976438505168,regular,app,RU,75576.78867544084,90
C0326,2025-05-27,29478.266777948702,opportunistic,manager,KZ,,9
C0217,2025-01-25,8397.107952579605,regular,app,RU,133378.46522269418,147
C0328,2025-03-19,8958.628804810985,regular,web,KZ,65732.80809874619,98
C0322,2025-02-18,9570.193587878102,regular,app,RU,89967.3339755547,114
C0074,2025-01-02,2839.526461470147,regular,app,RU,65236.56695866103,178
C0107,2025-01-12,33901.646349056384,regular,web,RU,56532.060379392606,168
C0283,2025-03-25,7700.2944135061425,regular,app,AM,49637.64105345447,90
C0365,2025-05-10,21686.75873175064,opportunistic,app,RU,66589.23523916356,21
C0257,2025-03-31,52669.59628798887,opportunistic,app,RU,,71
C0009,2025-04-18,6068.845661070349,regular,manager,KZ,97350.63118258487,72
C0311,2025-04-11,23823.188140199196,regular,app,RU,18468.17377658533,77
C0281,2025-04-28,18900.847906633087,regular,app,RU,27211.30833168933,58
C0128,2025-03-13,12827.865924695574,regular,app,RU,63110.63911316603,108
C0081,2025-01-01,84236.4548626608,opportunistic,manager,RU,56316.60043091989,165
C0316,2025-01-17,13587.666453487696,regular,app,RU,57827.32199477627,161
C0399,2025-01-08,5798.542644076579,regular,app,RU,66589.02089418373,170
C0021,2025-04-07,46733.11489279274,opportunistic,app,RU,62028.659546330346,79
C0080,2025-03-07,17891.763478920802,opportunistic,web,AM,,111
C0131,2025-01-15,9024.990440097563,regular,web,RU,95566.66157831959,165
C0243,2025-04-02,22425.37889321782,regular,web,RU,37334.670245607726,85
C0230,2025-02-15,15100.742995304085,regular,app,RU,32681.058632895285,134
C0129,2025-04-29,14387.88149464388,regular,web,RU,102226.20848008845,31
C0136,2025-05-27,9677.809481080416,regular,app,RU,40609.90938605977,27
C0395,2025-02-27,3887.0112291837086,regular,app,RU,64333.874332747415,117
C0177,2025-06-29,12992.725084224128,regular,app,KZ,68058.85552278945,0
C0013,2025-04-09,15598.50908680132,opportunistic,web,AM,,81
C0146,2025-04-02,9914.570497129416,regular,app,RU,39433.96766078368,87
C0057,2025-03-05,24669.234757144328,regular,app,BY,80745.46024762576,95
C0093,2025-01-22,12887.237235478446,regular,web,RU,66402.26752134197,154
C0357,2025-04-18,35832.07209899339,opportunistic,web,RU,37746.851199622164,69
C0166,2025-05-24,47568.14086213571,regular,app,KZ,,32
C0284,2025-02-18,22018.721207566272,regular,web,RU,16145.402480594568,124
C0027,2025-01-16,6408.785292607111,regular,app,RU,45567.70668624445,146
C0187,2025-05-27,18116.05065619521,regular,app,RU,76429.16908843287,16
C0175,2025-06-07,7112.00261235747,regular,manager,RU,63648.166022056794,22
C0269,2025-05-24,31005.70174127949,regular,app,BY,91399.24908804016,27
C0157,2025-02-11,56297.011446129625,regular,app,RU,75827.495673324,136
C0282,2025-02-15,5642.043501242898,regular,app,KZ,86261.33612057511,126
C0244,2025-03-25,5721.584481123798,regular,web,RU,17552.836117749855,90
C0284,2025-01-18,11786.005481006814,regular,app,RU,16145.402480594568,155
C0267,2025-02-24,6955.575472184511,regular,manager,BY,165601.26935907674,121
C0269,2025-03-15,6919.462708052443,regular,app,BY,91399.24908804016,97
C0232,2025-05-05,11145.1375008482,regular,app,RU,75576.78867544084,55
C0395,2025-06-23,3990.5211031626754,regular,web,RU,64333.874332747415,1
C0068,2025-04-11,16344.41857575147,regular,app,RU,207386.4605822518,77
C0389,2025-04-24,2234.973754297637,regular,app,RU,66611.28251620958,65
C0184,2025-05-10,4820.371879117773,regular,app,RU,73378.44254129767,45
C0277,2025-03-12,2419.1356159742636,regular,web,RU,40282.29405287731,102
C0324,2025-02-01,5557.028224705761,regular,app,RU,94477.46126382126,142
C0204,2025-02-16,2677.5169800736353,regular,app,RU,160510.37828520167,130
C0303,2025-02-19,5165.806042858199,regular,app,RU,51412.557388166,113
C0005,2025-06-08,17057.18277618558,regular,app,RU,18572.608441914028,20
C0175,2025-02-25,2862.9485424117756,regular,manager,RU,63648.166022056794,124
C0276,2025-01-05,4007.0372759132724,regular,app,RU,65535.05343619635,173
C0312,2025-02-24,10216.733415435721,regular,manager,RU,38948.629151541485,120
C0253,2025-04-22,12583.751820023856,regular,app,RU,91013.09064201491,57
C0298,2025-04-11,15179.109850611088,opportunistic,manager,BY,49675.761390926724,77
C0018,2025-04-04,9642.401966465246,regular,web,RU,53286.71637060531,72
C0271,2025-03-25,5494.888703590618,regular,app,RU,41028.573339414696,87
C0028,2025-01-25,49501.82659229403,regular,app,RU,99926.3451265315,127
C0389,2025-02-22,11220.60520983378,regular,app,RU,66611.28251620958,126
C0304,2025-05-30,2075.1447675895342,regular,manager,AM,,28
C0124,2025-06-08,7656.470394233662,regular,web,RU,85459.18010301342,3
C0008,2025-05-06,38620.773862779126,opportunistic,web,RU,,50
C0086,2025-03-23,10720.170075995506,regular,app,RU,52897.26789986734,92
C0277,2025-03-24,8373.467175284419,regular,app,RU,40282.29405287731,90
C0221,2025-03-08,6576.578791209231,regular,app,RU,100670.64887680218,110
C0264,2025-06-21,8062.167683522844,regular,app,RU,53382.85082631906,6
C0268,2025-01-15,12552.442879333044,regular,web,KZ,36060.11248799635,158
C0258,2025-03-04,2573.1267877968085,regular,app,BY,72735.01488396972,117
C0093,2025-06-06,6515.463528851977,regular,app,RU,66402.26752134197,19
C0190,2025-06-13,12148.860179201632,regular,web,RU,29728.08893128601,10
C0286,2025-04-07,16891.934226358408,regular,app,RU,,81
C0250,2025-04-19,3391.3287646205026,regular,app,BY,56532.86206867094,70
C0072,2025-02-25,18127.93933659078,regular,app,RU,41559.708530966964,124
C0033,2025-06-24,6175.244885456279,regular,app,RU,63702.184586940755,3
C0068,2025-01-25,21934.325066377747,regular,web,RU,207386.4605822518,153
C0292,2025-04-03,4919.0228429390145,regular,app,RU,,86
C0156,2025-05-14,13453.821135313034,opportunistic,manager,RU,42006.254107436456,24
C0094,2025-02-03,16679.57214570086,regular,web,RU,276155.8197288189,131
C0225,2025-01-10,7687.135141839361,regular,app,RU,37463.80596379556,163
C0269,2025-05-02,7741.800903920352,regular,app,BY,91399.24908804016,49
C0202,2025-06-17,8566.491988184012,new,web,KZ,41747.51166870158,0
C0322,2025-05-28,6578.662002603809,regular,web,RU,89967.3339755547,15
C0069,2025-01-09,13443.653290593844,regular,app,RU,68745.02328473939,160
C0266,2025-06-16,12140.018553314969,regular,app,AM,60126.4423558778,6
C0373,2025-03-26,5404.314250875035,regular,web,RU,94070.00566845604,94
C0255,2025-01-16,11008.064655898697,regular,app,AM,29087.88109205289,164
C0263,2025-03-24,12794.844601404393,regular,manager,RU,72432.82695809603,95
C0255,2025-05-06,13805.282780442356,regular,app,AM,29087.88109205289,54
C0070,2025-03-05,9491.744262122122,regular,app,RU,72265.69587493673,115
C0266,2025-05-05,14063.615915719498,regular,app,AM,60126.4423558778,48
C0142,2025-02-08,333541.4075915264,regular,app,RU,71133.75089158732,133
C0314,2025-05-29,12923.376084163676,regular,app,BY,59242.379815333625,24
C0212,2025-06-11,136123.56796568682,opportunistic,app,RU,103459.0031373886,11
C0277,2025-03-06,5621.3391404451795,regular,app,RU,,108
C0245,2025-02-20,105516.37902277877,opportunistic,manager,BY,160494.5632676289,128
C0314,2025-01-24,28888.082448831083,regular,app,BY,59242.379815333625,149
C0292,2025-01-10,4076.446014093472,regular,app,RU,83374.99550448595,169
C0324,2025-06-02,4044.464001824349,regular,app,RU,94477.46126382126,21
C0287,2025-05-23,10417.613591499914,regular,app,KZ,44683.913853316626,27
C0310,2025-03-08,4954.118557978517,regular,web,RU,43030.78274384195,113
C0068,2025-03-11,8504.193911601453,regular,app,RU,207386.4605822518,108
C0016,2025-01-07,5658.057863040292,regular,app,RU,73734.55681536577,168
C0015,2025-05-29,8241.244715926545,regular,app,RU,59946.85642054766,28
C0397,2025-05-14,26162.106835851082,opportunistic,web,RU,177843.39553446515,20
C0389,2025-04-06,7840.560476246751,regular,app,RU,66611.28251620958,83
C0164,2025-06-27,16060.44044871854,regular,app,RU,95269.62263734348,0
C0250,2025-06-26,45283.58370470616,regular,app,BY,56532.86206867094,2
C0283,2025-02-27,6832.600937450241,regular,app,AM,49637.64105345447,116
C0192,2025-01-18,10866.711085204564,regular,web,RU,131448.77247629315,155
C0284,2025-06-03,6097.423030408633,regular,web,RU,16145.402480594568,19
C0011,2025-02-15,2376.98948708827,regular,app,RU,100516.10043231638,131
C0159,2025-03-04,53597.782562619555,opportunistic,web,RU,57563.40627579265,113
C0019,2025-04-27,7871.7064066886005,opportunistic,manager,RU,88136.4967035286,15
C0145,2025-02-20,7990.808175415359,regular,web,RU,54231.990145770134,129
C0354,2025-01-01,80477.26872598978,opportunistic,app,RU,,111
C0080,2025-05-31,28737.419266910838,opportunistic,app,AM,51417.22917752957,26
C0091,2025-03-17,9450.957834823543,regular,app,RU,118790.6932272385,86
C0095,2025-05-01,25239.294132294246,regular,app,RU,74809.02849203724,46
C0349,2025-01-13,44071.18245471174,opportunistic,manager,RU,77109.29033857904,116
C0325,2025-04-05,22862.108840163608,opportunistic,app,RU,65676.35620004988,78
C0290,2025-06-25,5012.550720810334,regular,app,RU,80189.09743512764,0
C0204,2025-06-05,17791.061170719433,regular,app,RU,160510.37828520167,21
C0359,2025-03-06,17932.929944382344,regular,app,RU,69875.41513535524,115
C0086,2025-04-26,12921.585193347782,regular,app,RU,52897.26789986734,58
C0033,2025-01-10,7814.991632250312,regular,app,RU,63702.184586940755,168
C0395,2025-02-12,4695.8635297149485,regular,web,RU,64333.874332747415,132
C0068,2025-05-02,14322.873385329875,regular,web,RU,,56
C0206,2025-05-07,9731.63135452305,regular,app,RU,75884.66245476011,52
C0068,2025-03-10,40086.796243557954,regular,web,RU,207386.4605822518,109
C0155,2025-02-13,8096.14333147867,regular,app,RU,26171.924123075,119
C0324,2025-02-15,17712.42400746989,regular,manager,RU,94477.46126382126,128
C0096,2025-03-04,18145.029626390875,opportunistic,web,AM,145548.98544138437,98
C0186,2025-02-13,20722.584148629652,opportunistic,manager,RU,,102
C0167,2025-04-18,-31691.43592939036,opportunistic,manager,RU,,57
C0192,2025-03-26,20034.813484952163,regular,app,RU,131448.77247629315,88
C0172,2025-04-29,9385.117732516941,regular,app,RU,37505.97494683757,56
C0016,2025-02-13,13042.471563636143,regular,app,RU,73734.55681536577,131
C0217,2025-05-30,10779.866278135207,regular,web,RU,133378.46522269418,22
C0392,2025-06-05,20025.5112042118,regular,web,RU,82318.01174628778,14
C0193,2025-06-21,11008.353708222005,regular,app,RU,57590.64763962595,0
C0145,2025-03-29,12509.268195794562,regular,app,RU,54231.990145770134,92
C0145,2025-01-23,25146.060124066924,regular,web,RU,54231.990145770134,157
C0349,2025-04-16,41599.08350795535,opportunistic,manager,RU,,23
C0304,2025-01-06,22433.96704777547,regular,app,AM,52384.94132499481,172
C0136,2025-05-26,17168.01893664239,regular,app,RU,40609.90938605977,28
C0322,2025-05-24,10991.220738170632,regular,app,RU,89967.3339755547,19
C0324,2025-06-22,12111.456497348712,regular,app,RU,94477.46126382126,1
C0303,2025-03-02,21455.424454182757,regular,app,RU,51412.557388166,102
C0355,2025-06-16,43182.02707959969,regular,manager,RU,114801.5160405255,4
C0172,2025-01-17,15906.214996682631,regular,app,RU,37505.97494683757,158
C0317,2025-01-18,12287.911957320426,regular,web,RU,,156
C0200,2025-05-22,6252.384243649984,regular,web,RU,198493.78958835345,33
C0109,2025-05-27,10583.645992440202,regular,web,RU,55839.111146692514,30
C0127,2025-01-02,17200.425105597493,regular,web,RU,69892.42897742578,178
C0309,2025-04-17,11494.215355044224,regular,web,RU,41995.26799765813,58
C0203,2025-01-07,15515.164749713094,regular,manager,RU,75319.67008401135,163
C0313,2025-06-26,14436.82262062632,regular,web,RU,40001.1761448378,0
C0249,2025-02-05,6570.89157753847,regular,app,RU,55783.52272481387,144
C0015,2025-01-04,6234.102602867301,regular,manager,RU,59946.85642054766,173
C0074,2025-06-12,1524.144720119464,regular,app,RU,65236.56695866103,17
C0287,2025-05-17,14741.331160259222,regular,web,KZ,44683.913853316626,33
C0253,2025-01-22,26499.175663354825,regular,app,RU,91013.09064201491,147
C0031,2025-04-08,26861.01388534073,opportunistic,manager,RU,120459.5900263173,59
C0399,2025-06-25,22124.99666560633,regular,app,RU,66589.02089418373,2
C0255,2025-06-11,35553.398364322384,regular,app,AM,29087.88109205289,18
C0184,2025-01-18,30161.324745362777,regular,app,RU,73378.44254129767,157
C0294,2025-04-23,18069.677092834474,regular,web,RU,60366.5026649566,67
C0193,2025-06-12,33203.39006490738,regular,app,RU,57590.64763962595,9
C0136,2025-01-21,6676.674075208015,regular,app,RU,40609.90938605977,153
C0306,2025-02-04,7884.996894480697,regular,app,RU,57805.035774570744,138
C0298,2025-06-16,55279.27636786564,opportunistic,manager,BY,49675.761390926724,11
C0210,2025-01-03,6011.08333271167,regular,app,RU,52418.57889047791,177
C0220,2025-03-02,11617.933570543932,regular,manager,RU,89109.60304575077,118
C0385,2025-04-01,8939.402690460465,regular,manager,RU,171261.59082559345,80
C0237,2025-05-12,23959.65891168289,regular,app,RU,76718.82517000394,24
C0195,2025-02-19,3746.131125087607,regular,app,RU,17580.452648123697,111
C0350,2025-04-08,4124.995158649807,regular,app,AM,,79
C0063,2025-04-08,44826.43647200976,opportunistic,app,RU,122152.53681698047,81
C0019,2025-04-11,21360.018934524887,opportunistic,app,RU,,31
C0222,2025-03-01,7267.753577823569,regular,app,RU,84664.75261477451,115
C0126,2025-01-02,3640.015733959105,regular,app,KZ,56188.76756509697,177
C0281,2025-02-07,6849.738965273974,regular,manager,RU,27211.30833168933,138
C0061,2025-03-07,70597.20838309852,opportunistic,manager,RU,,105
C0272,2025-03-14,13844.483863199674,regular,web,RU,72952.79470233107,75
C0209,2025-04-28,4000.774324464027,regular,app,RU,32709.208941189918,62
C0271,2025-03-29,10276.549111657549,regular,app,RU,41028.573339414696,83
C0025,2025-03-03,31471.322599310282,opportunistic,manager,RU,29284.04277341049,113
C0047,2025-01-02,3550.4418594704216,regular,web,KZ,61568.2960255891,162
C0384,2025-04-28,238416.44845874616,regular,app,RU,166874.80517001377,59
C0381,2025-04-29,31474.955927898,opportunistic,manager,RU,69285.54604021527,53
C0269,2025-01-01,10891.066511872115,regular,app,BY,91399.24908804016,170
C0384,2025-06-22,5042.274511706351,regular,web,RU,166874.80517001377,4
C0147,2025-03-19,23673.840179158942,regular,app,RU,51703.96166882332,93
C0153,2025-02-07,21040.580432708513,regular,app,RU,17732.54325367211,142
C0376,2025-04-12,6095.457915882023,regular,app,RU,93850.10197362199,73
C0239,2025-06-22,4665.001811830613,regular,web,RU,85744.30607535798,3
C0115,2025-04-15,7094.969218653384,regular,app,RU,140101.75043049947,65
C0221,2025-04-30,26645.096337787872,regular,web,RU,100670.64887680218,57
C0134,2025-01-16,6511.166334261658,regular,web,RU,162091.34627439242,163
C0292,2025-02-25,189122.37177041345,regular,manager,RU,,123
C0206,2025-06-28,1590.841648705718,regular,app,RU,75884.66245476011,0
C0114,2025-05-11,49918.019509658465,opportunistic,manager,RU,29077.40070521304,15
C0033,2025-02-03,7876.425182405724,regular,app,RU,63702.184586940755,144
C0283,2025-03-12,3161.7541193914303,regular,web,AM,,103
C0343,2025-03-14,8520.829284419979,opportunistic,manager,RU,35344.9744058295,86
C0348,2025-05-18,10078.444308052121,regular,app,RU,59681.71404088037,42
C0343,2025-06-08,50177.843887922296,opportunistic,web,RU,,0
C0107,2025-02-21,3452.2322850654973,regular,app,RU,56532.060379392606,128
C0097,2025-03-15,27727.25963108697,regular,app,AM,69587.21229131967,102
C0203,2025-01-23,9941.433056133283,regular,app,RU,75319.67008401135,147
C0005,2025-01-11,8710.200683309806,regular,manager,RU,18572.608441914028,168
C0171,2025-05-07,6006.835120677882,regular,manager,RU,43719.95140581391,48
C0204,2025-04-25,5259.2817340436,regular,manager,RU,160510.37828520167,62
C0269,2025-06-08,7482.540430786287,regular,web,BY,91399.24908804016,12
C0131,2025-03-14,15947.449509613558,regular,app,RU,95566.66157831959,107
C0311,2025-03-26,8127.1272289754215,regular,web,RU,18468.17377658533,93
C0283,2025-06-02,33192.666516128214,regular,web,AM,49637.64105345447,21
C0230,2025-02-19,10330.720161070807,regular,web,RU,32681.058632895285,130
C0340,2025-03-18,4207.512641815564,new,web,RU,,0
C0266,2025-02-19,12453.499497512157,regular,manager,AM,,123
C0203,2025-02-28,27889.222123794338,regular,app,RU,75319.67008401135,111
C0263,2025-04-12,6503.290880539576,regular,web,RU,72432.82695809603,76
C0165,2025-02-19,45398.995789059256,opportunistic,app,BY,,128
C0009,2025-03-09,2887.4499016833806,regular,manager,KZ,97350.63118258487,112
C0066,2025-04-19,87726.04108856336,opportunistic,manager,RU,80163.75361248822,55
C0272,2025-03-05,9686.486461143733,regular,app,RU,72952.79470233107,84
C0316,2025-05-12,15620.457976200807,regular,web,RU,57827.32199477627,46
C0124,2025-05-01,6958.700700961159,regular,app,RU,,41
C0303,2025-06-12,8908.82631776297,regular,app,RU,51412.557388166,0
C0055,2025-05-21,71616.21944083784,opportunistic,manager,RU,59630.09125590324,37
C0228,2025-03-03,42611.21639787943,opportunistic,app,RU,,102
C0387,2025-04-02,58282.44213008265,opportunistic,manager,KZ,76142.91997429843,33
C0203,2025-03-05,23360.151280653638,regular,app,RU,75319.67008401135,106
C0018,2025-06-06,6439.078103745651,regular,web,RU,53286.71637060531,9
C0231,2025-01-08,2497.024442866166,regular,app,RU,97988.07583193238,172
C0316,2025-03-10,6069.023219416393,regular,app,RU,57827.32199477627,109
C0258,2025-01-01,3922.4912253252282,regular,app,BY,72735.01488396972,179
C0281,2025-04-30,12572.347952683735,regular,app,RU,27211.30833168933,56
C0251,2025-02-11,91802.85132834772,opportunistic,app,RU,59607.81016099394,118
C0159,2025-01-10,41617.51242083167,opportunistic,manager,RU,57563.40627579265,166
C0289,2025-03-22,9906.180235215366,regular,app,RU,104787.97930192667,88
C0369,2025-02-23,16292.373312463402,regular,web,RU,176635.3330683661,121
C0077,2025-04-25,3126.39673564164,regular,app,RU,27604.60480859763,64
C0221,2025-01-12,12260.436186768531,regular,web,RU,100670.64887680218,165
C0244,2025-05-15,12284.53148950614,regular,web,RU,17552.836117749855,39
C0314,2025-01-06,433458.46243069146,regular,app,BY,59242.379815333625,167
C0177,2025-06-09,11610.162230284195,regular,app,KZ,68058.85552278945,20
C0362,2025-03-05,14592.071514021733,regular,app,RU,87900.75427160058,107
C0363,2025-02-19,1013.4067723126574,regular,manager,RU,53936.128335688154,113
C0363,2025-04-03,8650.801952155165,regular,app,RU,53936.128335688154,70
C0263,2025-02-12,45666.44791225218,regular,app,RU,72432.82695809603,135
C0212,2025-03-19,123716.03142458425,opportunistic,web,RU,,95
C0170,2025-03-28,3725.6789620040217,new,app,BY,55887.9588032585,68
C0029,2025-04-14,6865.823710714329,regular,app,RU,56574.50740293192,73
C0021,2025-06-25,37048.17909921153,opportunistic,web,RU,62028.659546330346,0
C0173,2025-06-08,27334.38447193727,regular,app,RU,33374.269800263144,17
C0188,2025-04-05,7479.077629582775,regular,web,RU,40342.7858121426,83
C0159,2025-02-15,40183.92903452992,opportunistic,web,RU,57563.40627579265,130
C0239,2025-06-20,16327.361233430649,regular,app,RU,85744.30607535798,5
C0177,2025-04-07,2368.451065543257,regular,app,KZ,68058.85552278945,83
C0081,2025-01-11,15290.77676022205,opportunistic,manager,RU,56316.60043091989,155
C0070,2025-06-21,4578.470298837331,regular,app,RU,72265.69587493673,7
C0146,2025-01-07,5716.7451561215385,regular,app,RU,39433.96766078368,172
C0107,2025-05-20,6975.40810803736,regular,app,RU,56532.060379392606,40
C0313,2025-01-08,17764.27718117177,regular,app,RU,40001.1761448378,169
C0226,2025-05-16,3999.787739323287,new,app,RU,,0
C0294,2025-05-11,6045.856248311029,regular,app,RU,60366.5026649566,49
C0238,2025-02-01,39316.905923708495,opportunistic,manager,RU,,136
C0276,2025-06-11,2028.7866424454335,regular,app,RU,65535.05343619635,16
C0312,2025-05-24,8189.18679587634,regular,app,RU,38948.629151541485,31
C0244,2025-06-22,19617.97173788179,regular,app,RU,17552.836117749855,1
C0237,2025-03-20,11258.949964104673,regular,app,RU,76718.82517000394,77
C0141,2025-01-17,18728.244994936544,regular,app,RU,147307.13899357288,156
C0027,2025-02-17,14158.34654973888,regular,manager,RU,45567.70668624445,114
C0362,2025-06-04,5323.244307984554,regular,app,RU,87900.75427160058,16
C0192,2025-04-21,15138.549652142823,regular,app,RU,131448.77247629315,62
C0166,2025-06-22,9062.498558579284,regular,app,KZ,89867.6573767307,3
C0359,2025-03-21,8272.924329406944,regular,app,RU,69875.41513535524,100
C0115,2025-01-21,6354.851070374193,regular,app,RU,140101.75043049947,149
C0337,2025-02-20,56342.507807231734,regular,app,RU,18875.011531273616,126
C0274,2025-03-19,54533.622372729245,opportunistic,manager,RU,55376.719713659855,75
C0186,2025-04-19,178637.74065602847,opportunistic,web,RU,63742.758168336564,37
C0341,2025-02-26,17958.285172805146,regular,app,RU,77297.95977305167,116
C0142,2025-01-14,4500.745916127114,regular,app,RU,71133.75089158732,158
C0332,2025-04-18,22382.880058276383,regular,app,KZ,96486.84621670823,71
C0333,2025-03-17,52392.43981196461,opportunistic,web,RU,,88
C0250,2025-06-06,5463.213194988331,regular,app,BY,56532.86206867094,22
C0310,2025-06-20,5698.140357638146,regular,web,RU,43030.78274384195,9
C0089,2025-02-04,11437.847032321493,regular,web,BY,93017.61049185187,129
C0075,2025-01-14,11917.900969468494,regular,app,RU,78641.08221028118,164
C0145,2025-03-13,4959.968523719508,regular,app,RU,54231.990145770134,108
C0150,2025-05-03,15062.000137466845,regular,web,RU,93958.54905131078,57
C0051,2025-03-09,23367.555044379496,regular,app,AM,49333.31383761302,111
C0149,2025-04-24,10561.313181617441,regular,app,BY,,59
C0187,2025-05-11,9915.693561680953,regular,web,RU,76429.16908843287,32
C0112,2025-02-13,12249.47666254597,regular,app,KZ,55018.014532175854,121
C0316,2025-02-17,5573.689367903146,regular,app,RU,57827.32199477627,130
C0398,2025-05-01,7525.1941882453,regular,app,RU,108208.7305003528,53
C0107,2025-03-30,4431.578589433134,regular,web,RU,56532.060379392606,91
C0282,2025-06-21,8010.796235173782,regular,web,KZ,86261.33612057511,0
C0218,2025-05-25,12276.86417947834,regular,app,AM,46855.648918213476,35
C0138,2025-04-20,16847.524158426277,regular,app,RU,59561.26986369458,66
C0255,2025-05-24,14831.311344336666,regular,app,AM,29087.88109205289,36
C0298,2025-03-29,26185.518690262765,opportunistic,manager,BY,49675.761390926724,90
C0175,2025-06-18,13885.884012424878,regular,app,RU,63648.166022056794,11
C0051,2025-01-20,23016.60524596896,regular,web,AM,49333.31383761302,159
C0394,2025-02-08,81951.71090898883,opportunistic,manager,RU,32323.226443820487,141
C0022,2025-06-25,20471.78652828991,regular,web,BY,104426.15742678501,0
C0268,2025-02-04,7165.662654381972,regular,manager,KZ,36060.11248799635,138
C0383,2025-02-26,14259.05217072118,opportunistic,app,RU,32731.312689247476,118
C0153,2025-05-12,8735.643737642362,regular,web,RU,,48
C0277,2025-01-23,25721.16596330091,regular,web,RU,40282.29405287731,150
C0108,2025-02-01,9420.336117606135,regular,web,RU,84938.35767995643,143
C0273,2025-04-18,7491.293378590892,regular,manager,RU,128912.01034395119,67
C0324,2025-04-02,6395.710258247083,regular,app,RU,,82
C0209,2025-04-03,10035.853369265902,regular,app,RU,32709.208941189918,87
C0237,2025-05-10,11767.443266790115,regular,app,RU,76718.82517000394,26
C0276,2025-03-12,40206.175615054075,regular,app,RU,65535.05343619635,107
C0067,2025-04-10,196980.7512637774,opportunistic,app,BY,193504.66662175572,80
C0142,2025-03-30,4137.031294956786,regular,web,RU,71133.75089158732,83
C0027,2025-01-30,4104.471497321079,regular,app,RU,45567.70668624445,132
C0310,2025-05-05,10346.355153936967,regular,app,RU,43030.78274384195,55
C0090,2025-06-04,11091.153799056336,regular,app,RU,54907.642961464815,18
C0167,2025-02-13,26470.911754311826,opportunistic,app,RU,77888.21217479996,121
C0074,2025-01-11,10108.911043669214,regular,app,RU,65236.56695866103,169
C0319,2025-02-08,9539.200387150117,regular,app,BY,117835.57409004774,123
C0394,2025-01-30,27157.75025413806,opportunistic,app,RU,32323.226443820487,150
C0364,2025-06-16,11000.20731242218,regular,app,RU,40488.69823107142,11
C0234,2025-06-05,25621.555649622118,opportunistic,web,RU,146994.1937911746,12
C0267,2025-02-06,45360.28267523893,regular,app,BY,165601.26935907674,139
C0258,2025-06-21,6130.804558019298,regular,app,BY,72735.01488396972,8
C0282,2025-01-08,17619.551991529162,regular,web,KZ,86261.33612057511,164
C0254,2025-05-23,8266.235640969446,regular,app,RU,,24
C0151,2025-02-03,45210.52225636449,opportunistic,web,BY,,123
C0223,2025-06-29,50552.03768523114,opportunistic,manager,RU,,0
C0064,2025-04-20,60438.36388445273,opportunistic,manager,RU,,66
C0276,2025-01-12,8731.827217556332,regular,web,RU,65535.05343619635,166
C0336,2025-02-11,47757.354085969775,opportunistic,web,AM,,133
C0021,2025-02-08,60410.508546437144,opportunistic,manager,RU,62028.659546330346,137
C0186,2025-03-03,14513.858964041747,opportunistic,web,RU,63742.758168336564,84
C0372,2025-05-15,14855.254784672034,regular,web,BY,105901.06925376512,45
C0053,2025-06-06,64766.26277900194,opportunistic,app,RU,46172.709442249135,15
C0135,2025-01-16,34083.252905357316,opportunistic,manager,RU,,123
C0070,2025-06-28,6124.211945946048,regular,app,RU,72265.69587493673,0
C0028,2025-05-02,14769.232752698936,regular,app,RU,99926.3451265315,30
C0076,2025-04-12,7661.555397813747,regular,app,BY,41841.634218175095,62
C0369,2025-05-28,4086.5003583446533,regular,app,RU,176635.3330683661,27
C0396,2025-05-02,10082.683209293611,regular,app,KZ,63332.172912899565,53
C0112,2025-05-27,8247.683082163972,regular,web,KZ,,18
C0317,2025-04-14,17721.959938188964,regular,web,RU,37535.87622140273,70
C0075,2025-05-05,9702.905590445052,regular,manager,RU,78641.08221028118,53
C0088,2025-06-18,8574.16442794137,regular,app,RU,73271.65445707022,6
C0327,2025-05-08,1601098.1005432308,opportunistic,web,KZ,37447.94211658653,51
C0052,2025-04-21,7251.643294411164,regular,app,KZ,36740.54430792383,69
C0381,2025-04-08,697378.5912606952,opportunistic,web,RU,,74
C0188,2025-02-09,6447.370518506021,regular,manager,RU,40342.7858121426,138
C0360,2025-04-25,32170.26992240902,opportunistic,manager,RU,110410.55603274144,51
C0022,2025-04-01,11395.13053697536,regular,app,BY,104426.15742678501,85
C0272,2025-05-21,6664.603374876407,regular,app,RU,72952.79470233107,7
C0119,2025-04-26,2657.657754226446,regular,app,RU,12958.52483784047,63
C0284,2025-05-14,12915.14838557925,regular,app,RU,16145.402480594568,39
C0271,2025-02-16,7891.935235962928,regular,web,RU,41028.573339414696,124
C0060,2025-06-03,6129.027791000803,regular,manager,AM,29369.97581505382,25
C0178,2025-06-10,3441.2484509872147,new,app,RU,43432.16598996701,17
C0306,2025-06-17,5382.046204835096,regular,app,RU,57805.035774570744,5
C0187,2025-03-18,24161.899792289092,regular,app,RU,76429.16908843287,86
C0063,2025-01-11,82330.58751643386,opportunistic,manager,RU,,168
C0231,2025-02-15,13100.172424914861,regular,app,RU,97988.07583193238,134
C0259,2025-01-04,12343.693186924087,regular,app,KZ,54966.058792712574,174
C0051,2025-03-03,9414.329457220005,regular,web,AM,49333.31383761302,117
C0095,2025-05-27,25655.24264363794,regular,web,RU,74809.02849203724,20
C0333,2025-01-06,9842.963603185319,opportunistic,manager,RU,,158
C0322,2025-03-18,17200.25622393867,regular,app,RU,89967.3339755547,86
C0128,2025-01-02,4402.5990464363285,regular,app,RU,63110.63911316603,178
C0074,2025-03-06,8257.811786508031,regular,app,RU,65236.56695866103,115
C0388,2025-02-25,10442.962224971563,new,app,RU,139085.4562713581,0
C0384,2025-06-20,10389.064768175114,regular,app,RU,166874.80517001377,6
C0365,2025-05-31,16177.277142751836,opportunistic,web,RU,,0
C0302,2025-01-29,9317.349908921957,regular,app,KZ,150859.75994505777,147
C0131,2025-04-02,15806.33290154104,regular,web,RU,95566.66157831959,88
C0040,2025-01-15,25841.532193353647,opportunistic,manager,RU,54344.072314952726,51
C0385,2025-01-15,1584.7237780862667,regular,web,RU,171261.59082559345,156
C0111,2025-06-09,12961.197554048282,regular,manager,RU,24166.59661985463,19
C0316,2025-01-29,5495.261188423346,regular,app,RU,57827.32199477627,149
C0205,2025-02-01,9122.394330898001,regular,app,AM,33782.36257951558,145
C0086,2025-01-24,17902.853113334975,regular,app,RU,52897.26789986734,150
C0205,2025-01-04,20824.14474907221,regular,manager,AM,33782.36257951558,173
C0146,2025-03-13,10343.907431976539,regular,app,RU,39433.96766078368,107
C0264,2025-02-23,20013.571619955615,regular,app,RU,53382.85082631906,124
C0319,2025-01-25,8710.216266942196,regular,app,BY,117835.57409004774,137
C0125,2025-05-02,1827.0745680900968,regular,app,RU,28042.399336962837,44
C0283,2025-02-05,35957.7939321426,regular,app,AM,49637.64105345447,138
C0227,2025-03-25,19924.16411013711,regular,app,RU,30240.76297199327,92
C0248,2025-04-22,606499.2400930943,regular,manager,RU,,53
C0254,2025-04-09,9344.99153035672,regular,app,RU,88298.5580564642,68
C0071,2025-06-20,20065.95781083022,regular,manager,RU,119602.86638084592,7
C0317,2025-04-13,4886.309787832423,regular,manager,RU,37535.87622140273,71
C0048,2025-04-10,8388.976389954865,regular,app,RU,24173.246782879014,80
C0150,2025-04-12,7934.3663713185715,regular,app,RU,93958.54905131078,78
C0028,2025-02-16,11560.945671498006,regular,app,RU,99926.3451265315,105
C0163,2025-02-28,5917.042617610732,regular,app,RU,97613.13102034428,121
C0161,2025-06-01,7112.791735918763,regular,app,RU,74003.19392036954,28
C0277,2025-06-04,8323.21428121026,regular,manager,RU,40282.29405287731,18
C0008,2025-02-28,20140.813356634913,opportunistic,web,RU,85191.94571132299,117
C0118,2025-04-30,9599.241267324338,opportunistic,app,RU,28958.617270561706,60
C0092,2025-06-29,44063.59265537195,opportunistic,manager,RU,,0
C0109,2025-04-30,8737.272791342233,regular,app,RU,55839.111146692514,57
C0176,2025-04-13,6534.580266323016,regular,web,RU,79527.83146299052,70
C0107,2025-06-01,24587.288162806428,regular,manager,RU,56532.060379392606,28
C0400,2025-05-03,8715.937615819623,regular,app,RU,75874.27858611445,48
C0207,2025-05-02,14862.77167391451,regular,web,BY,180180.49328698896,53
C0231,2025-01-29,4454.681686180206,regular,web,RU,,151
C0068,2025-01-07,9646.061372270122,regular,app,RU,207386.4605822518,171
C0348,2025-06-21,5524.46286201069,regular,web,RU,59681.71404088037,8
C0359,2025-06-29,17230.53082969477,regular,web,RU,,0
C0360,2025-01-07,83798.4599869951,opportunistic,manager,RU,110410.55603274144,159
C0270,2025-03-31,11291.442956120996,regular,app,RU,78878.98685669352,70
C0396,2025-02-01,9880.283211360467,regular,web,KZ,63332.172912899565,143
C0188,2025-03-22,6379.61994756787,regular,app,RU,40342.7858121426,97
C0364,2025-05-25,-8184.143948599221,regular,app,RU,40488.69823107142,33
C0083,2025-06-02,10862.34905357495,opportunistic,manager,RU,121576.18149311296,27
C0050,2025-02-26,30634.427772873823,regular,app,AM,47441.35558338082,119
C0123,2025-03-21,20455.241916767223,regular,app,AM,48641.64046189509,100
C0190,2025-02-20,19302.319332144583,regular,app,RU,29728.08893128601,123
C0168,2025-03-30,37800.15540187226,opportunistic,web,RU,,72
C0119,2025-05-12,3021.9846103339864,regular,app,RU,12958.52483784047,47
C0128,2025-04-19,16501.0595525298,regular,web,RU,63110.63911316603,71
C0123,2025-01-26,1421.1369126489108,regular,manager,AM,48641.64046189509,154
C0379,2025-02-27,8836.24499632061,regular,manager,AM,79812.48895604689,121
C0060,2025-01-19,9012.061263958532,regular,app,AM,29369.97581505382,160
C0112,2025-01-01,6738.178647241996,regular,app,KZ,55018.014532175854,164
C0085,2025-06-03,10895.073464128101,regular,app,RU,80116.70385635352,21
C0176,2025-03-23,6577.9127455973485,regular,manager,RU,79527.83146299052,91
C0237,2025-02-01,7087.69469156893,regular,app,RU,76718.82517000394,124
C0318,2025-06-16,42323.79440495419,opportunistic,web,RU,64130.477782441994,0
C0224,2025-01-04,13083.759945968153,new,web,RU,88957.93904095016,99
C0109,2025-05-31,10696.753375418444,regular,web,RU,55839.111146692514,26
C0379,2025-04-01,11122.135357477731,regular,app,AM,79812.48895604689,88
C0049,2025-03-24,38644.022186920396,opportunistic,manager,RU,110256.34529649711,93
C0300,2025-01-21,8802.962822800215,opportunistic,app,RU,50842.772416125044,128
C0116,2025-06-20,892.2907041396134,new,app,RU,,0
C0393,2025-03-21,94148.73015501427,opportunistic,app,RU,,83
C0274,2025-02-28,98448.58758320093,opportunistic,manager,RU,55376.719713659855,94
C0231,2025-01-28,4775.642571751453,regular,web,RU,97988.07583193238,152
C0186,2025-03-21,32585.46340615966,opportunistic,manager,RU,63742.758168336564,66
C0149,2025-06-22,10065.211911448703,regular,manager,BY,27968.453975938126,0
C0126,2025-05-14,7071.355597925254,regular,manager,KZ,56188.76756509697,45
C0140,2025-01-12,10173.271397064444,regular,manager,AM,51875.679615003515,165
C0128,2025-06-05,8778.42027995963,regular,manager,RU,,24
C0142,2025-03-17,16333.79639049622,regular,web,RU,71133.75089158732,96
C0250,2025-06-10,4939.77426014351,regular,web,BY,,18
C0218,2025-02-24,8992.916379237407,regular,web,AM,46855.648918213476,125
C0225,2025-02-12,2252.4339216194594,regular,app,RU,37463.80596379556,130
C0367,2025-03-26,35882.88251458157,opportunistic,manager,RU,37862.35599077226,91
C0140,2025-02-17,4410.412650240889,regular,web,AM,51875.679615003515,129
C0196,2025-04-27,6098.0107928904,regular,app,RU,35031.704974799344,60
C0308,2025-03-04,40422.562932221954,opportunistic,manager,RU,19178.06563577975,95
C0322,2025-05-27,14611.974829360874,regular,app,RU,89967.3339755547,16
C0128,2025-02-01,21267.150294345865,regular,app,RU,63110.63911316603,148
C0204,2025-04-20,20945.59158716604,regular,app,RU,160510.37828520167,67
C0016,2025-05-29,4906.602263894545,regular,web,RU,73734.55681536577,26
C0011,2025-01-20,13229.856354860023,regular,app,RU,100516.10043231638,157
C0011,2025-04-27,11671.425976346756,regular,web,RU,100516.10043231638,60
C0294,2025-06-28,8233.729497227885,regular,web,RU,60366.5026649566,1
C0088,2025-03-04,7665.089109872424,regular,app,RU,73271.65445707022,112
C0089,2025-04-22,14291.5431760779,regular,app,BY,93017.61049185187,52
C0015,2025-05-30,4022.7015139439904,regular,app,RU,59946.85642054766,27
C0348,2025-04-23,7303.720225176216,regular,app,RU,59681.71404088037,67
C0306,2025-05-19,21412.871855056725,regular,web,RU,57805.035774570744,34
C0014,2025-01-25,33202.30104377667,opportunistic,manager,RU,44910.626020112715,126
C0389,2025-04-14,13112.349136099223,regular,web,RU,66611.28251620958,75
C0210,2025-06-06,15949.908297567725,regular,app,RU,52418.57889047791,23
C0095,2025-06-15,5048.337200758245,regular,web,RU,74809.02849203724,1
C0131,2025-01-31,8710.445989592043,regular,web,RU,95566.66157831959,149
C0136,2025-02-15,4662.537603332212,regular,web,RU,40609.90938605977,128
C0088,2025-02-25,17699.265568133866,regular,app,RU,,119
C0156,2025-03-21,14139.527692587437,opportunistic,manager,RU,42006.254107436456,78
C0302,2025-03-02,47682.72639310834,regular,app,KZ,150859.75994505777,115
C0142,2025-01-31,14829.488449084003,regular,app,RU,71133.75089158732,141
C0271,2025-03-27,18675.261933301794,regular,app,RU,41028.573339414696,85
C0373,2025-06-28,4973.693307832406,regular,app,RU,94070.00566845604,0
C0079,2025-03-18,112561.72782719856,opportunistic,manager,RU,35790.53449527416,99
C0032,2025-01-02,6372.58176525345,new,app,RU,137341.7154659492,86
C0380,2025-04-11,24465.98430331596,opportunistic,manager,RU,24810.292808637114,3
C0255,2025-02-01,40402.95245438768,regular,app,AM,29087.88109205289,148
C0392,2025-04-03,4779.830654487676,regular,web,RU,82318.01174628778,77
C0237,2025-01-30,5614.692480931769,regular,app,RU,76718.82517000394,126
C0327,2025-04-17,18052.457375148933,opportunistic,web,KZ,37447.94211658653,72
C0332,2025-03-12,3994.4780270209462,regular,app,KZ,96486.84621670823,108
C0027,2025-04-30,6303.630174360165,regular,app,RU,45567.70668624445,42
C0007,2025-04-24,59031.956396205416,opportunistic,app,RU,,63
C0330,2025-01-29,27745.708998027592,regular,app,RU,33903.04091126527,149
C0341,2025-06-22,4260.0838995327995,regular,manager,RU,77297.95977305167,0
C0060,2025-06-28,22319.462909477894,regular,web,AM,29369.97581505382,0
C0173,2025-02-06,4431.2682213433745,regular,app,RU,33374.269800263144,139
C0166,2025-06-15,45054.11410960543,regular,web,KZ,89867.6573767307,10
C0129,2025-01-24,5185.686563377923,regular,app,RU,,126
C0201,2025-05-18,57915.386917410455,opportunistic,app,RU,34643.37900711766,33
C0311,2025-02-21,20212.706547467013,regular,app,RU,18468.17377658533,126
C0093,2025-03-20,19861.163974483414,regular,app,RU,66402.26752134197,97
C0075,2025-04-16,15732.779752175233,regular,app,RU,78641.08221028118,72
C0309,2025-04-08,12845.547690216024,regular,manager,RU,41995.26799765813,67
C0314,2025-06-22,5077.247903387104,regular,manager,BY,59242.379815333625,0
C0035,2025-05-10,15545.269863972802,regular,app,RU,69610.42796192828,50
C0369,2025-03-09,12782.424246458599,regular,web,RU,176635.3330683661,107
C0047,2025-01-31,18268.962712291817,regular,app,KZ,61568.2960255891,133
C0103,2025-06-13,11554.851596528524,regular,web,RU,41425.609103306146,14
C0195,2025-04-04,4630.464188017531,regular,app,RU,17580.452648123697,67
C0273,2025-06-10,14614.044827716867,regular,app,RU,128912.01034395119,14
C0274,2025-05-12,20982.304440011158,opportunistic,manager,RU,,21
C0164,2025-04-26,8580.231482163897,regular,app,RU,95269.62263734348,62
C0298,2025-04-29,65623.45862522448,opportunistic,manager,BY,49675.761390926724,59
C0392,2025-03-31,11014.427196405284,regular,app,RU,82318.01174628778,80
C0131,2025-04-06,16024.718858796981,regular,app,RU,95566.66157831959,84
C0288,2025-03-21,22967.052353729046,regular,app,KZ,32072.151687949587,94
C0147,2025-01-08,3580.4429403469017,regular,web,RU,51703.96166882332,163
C0276,2025-01-07,9846.810931096476,regular,web,RU,65535.05343619635,171
C0037,2025-01-04,12057.733575827195,regular,app,KZ,47718.755959578484,134
C0269,2025-03-08,6877.328725424148,regular,app,BY,91399.24908804016,104
C0048,2025-06-10,12368.82714916509,regular,web,RU,24173.246782879014,19
C0072,2025-02-12,8034.211819853503,regular,manager,RU,41559.708530966964,137
C0010,2025-05-01,27546.993628421387,regular,app,RU,71398.54626114802,56
C0034,2025-01-18,3345.9969719123887,regular,app,BY,139312.1307018514,162
C0118,2025-01-30,27840.367890936996,opportunistic,manager,RU,,150
C0397,2025-06-03,158420.63252315257,opportunistic,manager,RU,177843.39553446515,0
C0188,2025-01-05,16280.17588744849,regular,app,RU,40342.7858121426,173
C0225,2025-04-14,8714.357697460442,regular,app,RU,37463.80596379556,69
C0149,2025-06-18,6740.288428982559,regular,app,BY,27968.453975938126,4
C0041,2025-04-21,21490.669380989486,regular,web,RU,102947.22534981728,69
C0259,2025-02-25,8691.190099501631,regular,app,KZ,54966.058792712574,122
C0253,2025-05-11,15019.665260193167,regular,app,RU,91013.09064201491,38
C0294,2025-04-10,3925.3980533571694,regular,app,RU,60366.5026649566,80
C0128,2025-01-28,8288.81791199963,regular,app,RU,63110.63911316603,152
C0020,2025-02-09,20330.2836515981,opportunistic,manager,RU,57170.23440825851,124
C0067,2025-06-18,30820.490635452286,opportunistic,web,BY,193504.66662175572,11
C0034,2025-03-06,2402.5526631972757,regular,web,BY,139312.1307018514,115
C0283,2025-05-05,4679.7364312552345,regular,app,AM,49637.64105345447,49
C0341,2025-04-25,11239.654502104711,regular,app,RU,77297.95977305167,58
C0330,2025-02-25,24642.524515921315,regular,app,RU,33903.04091126527,122
C0208,2025-05-06,35670.685877523356,opportunistic,manager,RU,26676.344249311056,33
C0308,2025-01-07,32500.03873887952,opportunistic,web,RU,19178.06563577975,151
C0302,2025-01-14,2296.5253333425926,regular,app,KZ,150859.75994505777,162
C0311,2025-03-08,5716.514614753617,regular,manager,RU,18468.17377658533,111
C0210,2025-06-15,12020.797330538813,regular,manager,RU,52418.57889047791,14
C0015,2025-05-13,7789.196406532419,regular,app,RU,59946.85642054766,44
C0046,2025-05-25,48133.2239148148,opportunistic,app,RU,85912.39546387289,32
C0051,2025-04-20,12646.66405740758,regular,web,AM,49333.31383761302,69
C0383,2025-03-28,34137.27551343634,opportunistic,app,RU,32731.312689247476,88
C0066,2025-01-17,31720.320450151874,opportunistic,app,RU,80163.75361248822,147
C0293,2025-03-06,1909.3931708172884,new,app,BY,81898.56331075767,74
C0240,2025-06-07,26680.876439162,regular,manager,RU,49345.468111258146,21
C0047,2025-02-22,7144.436738440016,regular,app,KZ,61568.2960255891,111
C0299,2025-03-14,82105.4578354275,opportunistic,manager,BY,52079.45904776453,97
C0281,2025-05-30,9932.21160569328,regular,app,RU,27211.30833168933,26
C0066,2025-04-13,36648.430406264444,opportunistic,manager,RU,80163.75361248822,61
C0258,2025-02-28,17786.059617615527,regular,manager,BY,72735.01488396972,121
C0047,2025-01-03,17867.833241451528,regular,app,KZ,,161
C0395,2025-05-02,5579.8211476050055,regular,web,RU,64333.874332747415,53
C0084,2025-02-15,23162.851182175982,regular,app,RU,38981.78972789811,105
C0399,2025-05-06,311088.316079012,regular,web,RU,66589.02089418373,52
C0119,2025-04-11,10036.782076157784,regular,app,RU,12958.52483784047,78
C0173,2025-04-24,6983.769694047872,regular,app,RU,33374.269800263144,62
C0282,2025-04-10,3853.2897911824552,regular,app,KZ,86261.33612057511,72
C0056,2025-03-20,20873.625080602284,opportunistic,manager,RU,79281.81808974489,60
C0015,2025-02-10,14700.06750843517,regular,app,RU,59946.85642054766,136
C0231,2025-01-04,4535.300395919406,regular,app,RU,97988.07583193238,176
C0057,2025-04-13,18453.67857622624,regular,manager,BY,80745.46024762576,56
C0064,2025-06-06,27344.99006907807,opportunistic,app,RU,81703.93243020093,19
C0119,2025-05-25,9113.715345949395,regular,manager,RU,12958.52483784047,34
C0362,2025-01-09,31052.12386484423,regular,app,RU,87900.75427160058,162
C0225,2025-06-06,9606.208386660608,regular,manager,RU,,16
C0194,2025-02-04,47736.887004947064,opportunistic,manager,RU,80813.54655267524,145
C0009,2025-01-07,2876.5466657938923,regular,web,KZ,97350.63118258487,173
C0025,2025-06-03,33937.23238755916,opportunistic,manager,RU,29284.04277341049,21
C0372,2025-06-23,10414.485388302128,regular,app,BY,105901.06925376512,6
C0248,2025-01-22,13084.688986655377,regular,app,RU,22805.090958222576,143
C0271,2025-03-21,4824.397919225867,regular,manager,RU,41028.573339414696,91
C0304,2025-03-04,15588.081574513242,regular,app,AM,52384.94132499481,115
C0125,2025-02-19,7127.888807847983,regular,app,RU,28042.399336962837,116
C0271,2025-02-10,5731.706300487194,regular,app,RU,,130
C0094,2025-04-10,9028.123736145193,regular,web,RU,276155.8197288189,65
C0330,2025-02-07,24344.02594326977,regular,manager,RU,33903.04091126527,140
C0049,2025-06-23,19892.20830337841,opportunistic,manager,RU,110256.34529649711,2
C0370,2025-03-05,3230.443814813887,new,app,KZ,123602.58968811943,38
C0161,2025-02-05,430871.33611195633,regular,web,RU,74003.19392036954,144
C0036,2025-01-07,22775.039926417947,regular,app,RU,41749.00830799161,166
C0153,2025-04-04,8181.6733511636185,regular,app,RU,17732.54325367211,86
C0261,2025-05-19,26217.401308903758,regular,app,RU,92817.5689867,41
C0138,2025-05-10,8013.916560187473,regular,app,RU,59561.26986369458,46
C0315,2025-05-13,4664.7352543607285,regular,manager,BY,122043.30752195237,39
C0369,2025-01-08,6576.6612109434045,regular,app,RU,,167
C0208,2025-06-08,118602.32996034551,opportunistic,web,RU,26676.344249311056,0
C0366,2025-06-07,14525.987840464832,regular,web,RU,56128.80472027171,17
C0235,2025-05-03,6276.814514202727,new,app,RU,51929.440784330545,22
C0393,2025-04-30,90700.93007564732,opportunistic,app,RU,68405.75658258372,43
C0145,2025-03-07,59094.689188228105,regular,app,RU,54231.990145770134,114
C0041,2025-06-03,2877.7636564981663,regular,web,RU,102947.22534981728,26
C0214,2025-02-26,55586.94523926358,opportunistic,app,RU,24928.596248155605,102
C0090,2025-03-14,17219.395572362155,regular,app,RU,54907.642961464815,100
C0400,2025-04-25,15197.145055774045,regular,app,RU,75874.27858611445,56
C0155,2025-03-27,3263.95159904781,regular,app,RU,26171.924123075,77
C0200,2025-06-12,23681.6388935175,regular,app,RU,198493.78958835345,12
C0065,2025-05-11,26153.454959240597,opportunistic,manager,RU,61566.57313890205,48
C0173,2025-06-25,7837.522521956263,regular,web,RU,33374.269800263144,0
C0128,2025-04-10,7464.210916347824,regular,manager,RU,63110.63911316603,80
C0369,2025-06-14,37732.754971527895,regular,web,RU,176635.3330683661,10
C0210,2025-04-01,9016.407307731037,regular,app,RU,52418.57889047791,89
C0314,2025-04-27,3956.1605012971995,regular,app,BY,59242.379815333625,56
C0352,2025-01-13,4342.784307060298,regular,app,RU,103141.23639450001,165
C0088,2025-05-19,7159.495573890926,regular,app,RU,73271.65445707022,36
C0105,2025-04-17,78377.29347472964,opportunistic,manager,RU,120199.46527490248,65
C0286,2025-06-03,15966.797824687916,regular,web,RU,76864.80399866072,24
C0253,2025-01-14,8253.658297700214,regular,manager,RU,91013.09064201491,155
C0282,2025-02-06,22159.1931350534,regular,app,KZ,86261.33612057511,135
C0146,2025-04-24,11093.043564391226,regular,app,RU,39433.96766078368,65
C0135,2025-02-12,46716.37757861751,opportunistic,manager,RU,38809.39999539269,96
C0172,2025-05-15,13134.556326445558,regular,web,RU,37505.97494683757,40
C0232,2025-02-04,6796.934851725004,regular,app,RU,75576.78867544084,145
C0205,2025-02-26,8843.481371984466,regular,web,AM,33782.36257951558,120
C0243,2025-04-07,6200.150024848398,regular,manager,RU,37334.670245607726,80
C0372,2025-02-08,10259.30807087385,regular,app,BY,105901.06925376512,141
C0041,2025-03-04,18445.75274725827,regular,app,RU,102947.22534981728,117
C0074,2025-04-24,12961.272684267602,regular,app,RU,65236.56695866103,66
C0131,2025-04-30,7478.588566706493,regular,web,RU,95566.66157831959,60
C0110,2025-02-28,4974.078754999437,new,web,RU,110696.87833823301,116
C0034,2025-03-08,4563.820462670104,regular,app,BY,139312.1307018514,113
C0103,2025-01-14,5842.639489504746,regular,app,RU,41425.609103306146,164
C0284,2025-05-18,6528.977813111895,regular,web,RU,16145.402480594568,35
C0039,2025-06-04,7998.118268505641,regular,app,RU,40600.123215367676,22
C0264,2025-03-25,334508.9348531762,regular,manager,RU,53382.85082631906,94
C0096,2025-06-10,17164.907687251856,opportunistic,web,AM,145548.98544138437,0
C0016,2025-06-03,14534.610450662803,regular,app,RU,73734.55681536577,21
C0389,2025-03-10,7456.763790937901,regular,app,RU,66611.28251620958,110
C0150,2025-06-14,15147.803318240842,regular,web,RU,93958.54905131078,15
C0044,2025-06-17,4515.065329226157,regular,web,RU,82129.71014803136,12
C0250,2025-02-26,31148.330289451435,regular,app,BY,56532.86206867094,122
C0332,2025-03-02,24661.085401319804,regular,web,KZ,96486.84621670823,118
C0311,2025-01-27,22275.953964274413,regular,app,RU,18468.17377658533,151
C0090,2025-06-22,1604.1123845307905,regular,app,RU,54907.642961464815,0
C0389,2025-05-15,30284.84210750526,regular,app,RU,66611.28251620958,44
C0281,2025-04-26,8219.523503314738,regular,app,RU,27211.30833168933,60
C0161,2025-01-07,3744.5157144705954,regular,app,RU,74003.19392036954,173
C0050,2025-02-07,7242.43007044748,regular,app,AM,47441.35558338082,138
C0328,2025-04-02,21138.111764975096,regular,web,KZ,65732.80809874619,84
C0057,2025-01-21,8049.004265989078,regular,app,BY,80745.46024762576,138
C0009,2025-03-10,52620.77378844396,regular,app,KZ,97350.63118258487,111
C0206,2025-04-21,4489.734020149523,regular,app,RU,75884.66245476011,68
C0375,2025-06-18,10590.994497110954,regular,app,RU,131572.8404314726,11
C0089,2025-01-13,8056.972718974029,regular,web,BY,93017.61049185187,151
C0312,2025-05-14,22432.228773066203,regular,app,RU,38948.629151541485,41
C0203,2025-05-29,7131.570711869224,regular,app,RU,75319.67008401135,21
C0033,2025-06-27,9659.76427743497,regular,web,RU,,0
C0323,2025-02-27,3760.8936623429418,regular,app,RU,58580.38170655148,112
C0366,2025-03-14,5056.586013203161,regular,app,RU,56128.80472027171,102
C0200,2025-06-05,21778.256351398122,regular,app,RU,,19
C0100,2025-03-31,24491.60165567778,new,app,BY,60251.083244896654,9
C0128,2025-02-19,6752.481083101512,regular,app,RU,63110.63911316603,130
C0041,2025-03-22,6270.101372869533,regular,app,RU,102947.22534981728,99
C0357,2025-06-26,67484.97352481335,opportunistic,manager,RU,,0
C0123,2025-06-27,8105.444588941412,regular,app,AM,48641.64046189509,2
C0277,2025-02-07,3365.535905912876,regular,app,RU,40282.29405287731,135
C0075,2025-01-03,9747.869995041987,regular,app,RU,78641.08221028118,175
C0244,2025-04-30,17592.933535779164,regular,app,RU,17552.836117749855,54
C0277,2025-04-20,13249.351328144989,regular,web,RU,,63
C0385,2025-03-21,24544.42540877054,regular,app,RU,171261.59082559345,91
C0010,2025-02-26,14109.564897856568,regular,web,RU,71398.54626114802,120
C0289,2025-04-12,4738.988425774233,regular,app,RU,104787.97930192667,67
C0396,2025-06-07,11560.633831152412,regular,app,KZ,63332.172912899565,17
C0225,2025-06-15,11715.876977287568,regular,manager,RU,37463.80596379556,7
C0046,2025-06-26,7595.887231701698,opportunistic,web,RU,85912.39546387289,0
C0111,2025-01-06,5585.235115443682,regular,app,RU,24166.59661985463,173
C0176,2025-05-08,9179.68352177778,regular,app,RU,79527.83146299052,45
C0353,2025-01-06,24339.543574978372,opportunistic,manager,KZ,27148.318862214852,161
C0239,2025-05-11,36341.81667861269,regular,app,RU,85744.30607535798,45
C0304,2025-03-21,8684.832274818842,regular,app,AM,52384.94132499481,98
C0096,2025-05-28,53783.76598427391,opportunistic,web,AM,145548.98544138437,13
C0311,2025-01-31,9000.403387557031,regular,app,RU,18468.17377658533,147
C0257,2025-01-07,14773.272277623792,opportunistic,manager,RU,204633.6814809772,154
C0352,2025-05-14,10831.181496284784,regular,app,RU,103141.23639450001,44
C0193,2025-02-14,5088.307089547807,regular,app,RU,57590.64763962595,127
C0058,2025-02-28,125374.65821571132,opportunistic,manager,RU,,100
C0253,2025-01-17,20677.32071678531,regular,app,RU,91013.09064201491,152
C0108,2025-03-08,2060.1867147513262,regular,manager,RU,84938.35767995643,108
C0026,2025-04-02,20583.325304011505,regular,app,KZ,18333.974251046504,75
C0060,2025-03-15,8206.987747201125,regular,app,AM,29369.97581505382,105
C0258,2025-05-26,15215.60668622899,regular,web,BY,72735.01488396972,34
C0176,2025-01-24,8246.229477816198,regular,app,RU,79527.83146299052,149
C0259,2025-04-19,7077.609735516089,regular,app,KZ,54966.058792712574,69
C0400,2025-04-21,5770.888140264797,regular,web,RU,75874.27858611445,60
C0267,2025-06-18,10522.651013042154,regular,app,BY,165601.26935907674,7
C0166,2025-04-14,6586.723805111851,regular,app,KZ,89867.6573767307,72
C0323,2025-04-29,1887.2858778168193,regular,app,RU,58580.38170655148,51
C0109,2025-04-17,13074.61879503622,regular,app,RU,55839.111146692514,70
C0318,2025-04-11,30167.168099511608,opportunistic,app,RU,64130.477782441994,66
C0090,2025-01-07,2714.847105735841,regular,app,RU,54907.642961464815,166
C0244,2025-05-23,39326.473273198535,regular,app,RU,17552.836117749855,31
C0055,2025-03-03,59466.1942059945,opportunistic,manager,RU,,116
C0249,2025-04-25,6407.476329579587,regular,web,RU,55783.52272481387,65
C0071,2025-06-06,12559.025774340194,regular,app,RU,119602.86638084592,21
C0203,2025-06-19,8262.690075966428,regular,app,RU,75319.67008401135,0
C0378,2025-05-01,13749.988914326565,regular,app,BY,,58
C0199,2025-05-06,-7307.00590143976,regular,app,RU,98019.14203306024,51
C0177,2025-06-12,7130.113165156384,regular,manager,KZ,68058.85552278945,17
C0027,2025-05-29,7473.52117432577,regular,app,RU,45567.70668624445,13
C0161,2025-03-14,9166.995102135545,regular,web,RU,74003.19392036954,107
C0310,2025-05-23,2849.4146034806136,regular,app,RU,43030.78274384195,37
C0086,2025-05-05,10187.90299518817,regular,app,RU,52897.26789986734,49
C0230,2025-04-05,6198.450141924851,regular,app,RU,,85
C0145,2025-04-28,5268.654595463413,regular,app,RU,54231.990145770134,62
C0263,2025-05-31,16640.16188171792,regular,app,RU,72432.82695809603,27
C0318,2025-05-13,18376.527251052237,opportunistic,manager,RU,,34
C0173,2025-03-25,18997.248053008694,regular,app,RU,33374.269800263144,92
C0146,2025-05-20,24680.88503416926,regular,web,RU,39433.96766078368,39
C0266,2025-03-14,3094.1602369657403,regular,app,AM,60126.4423558778,100
C0304,2025-06-19,9050.492219792375,regular,app,AM,52384.94132499481,8
C0280,2025-01-13,19243.20149079236,new,web,RU,,102
C0034,2025-02-02,14893.05955453336,regular,app,BY,139312.1307018514,147
C0036,2025-05-07,62226.69933133099,regular,app,RU,41749.00830799161,46
C0119,2025-04-08,16567.345085379962,regular,app,RU,12958.52483784047,81
C0225,2025-04-25,10037.300514231214,regular,app,RU,37463.80596379556,58
C0034,2025-03-14,9952.666863119794,regular,web,BY,139312.1307018514,107
C0034,2025-01-08,164415.9814265982,regular,app,BY,139312.1307018514,172
C0312,2025-05-22,9631.837478129368,regular,app,RU,38948.629151541485,33
C0307,2025-06-10,7701.463470071322,regular,app,KZ,111706.42563456245,16
C0181,2025-06-15,7989.593651770558,new,web,RU,60608.682108824985,0
C0327,2025-01-02,44145.76323968674,opportunistic,manager,KZ,37447.94211658653,177
C0287,2025-04-09,3691.138181557938,regular,web,KZ,44683.913853316626,71
C0322,2025-04-16,14348.837491344488,regular,web,RU,89967.3339755547,57
C0196,2025-01-08,18792.241987609552,regular,manager,RU,35031.704974799344,169
C0283,2025-04-18,3385.044540851467,regular,app,AM,49637.64105345447,66
C0085,2025-05-11,18701.20156261199,regular,manager,RU,80116.70385635352,44
C0316,2025-03-17,24533.302584809513,regular,manager,RU,57827.32199477627,102
C0094,2025-02-01,16948.567841947628,regular,app,RU,276155.8197288189,133
C0210,2025-03-04,21460.475036140055,regular,app,RU,52418.57889047791,117
C0372,2025-06-09,30736.545317054937,regular,app,BY,105901.06925376512,20
C0314,2025-01-15,7890.10659307223,regular,app,BY,59242.379815333625,158
C0225,2025-04-24,2570.119601834799,regular,manager,RU,37463.80596379556,59
C0072,2025-03-24,20032.462208693385,regular,app,RU,41559.708530966964,97
C0375,2025-05-25,14302.7175092989,regular,app,RU,,35
C0197,2025-02-01,12742.659372553358,opportunistic,web,RU,56298.41122451303,143
C0070,2025-05-04,4415.556853188484,regular,app,RU,72265.69587493673,55
C0084,2025-05-31,61560.26390327918,regular,app,RU,38981.78972789811,0
C0052,2025-04-23,11972.896806371615,regular,app,KZ,36740.54430792383,67
C0344,2025-01-29,86170.5214278576,opportunistic,manager,RU,35748.20255231404,101
C0203,2025-04-22,22847.720071648524,regular,web,RU,75319.67008401135,58
C0143,2025-01-09,3355.827846372407,new,app,RU,,71
C0111,2025-06-07,14798.298520866638,regular,app,RU,24166.59661985463,21
C0070,2025-05-14,10463.489060241613,regular,app,RU,72265.69587493673,45
C0324,2025-04-15,10247.683655512756,regular,app,RU,94477.46126382126,69
C0169,2025-02-27,6554.216883032842,regular,app,RU,63076.16263509317,122
C0396,2025-02-28,7608.568407914579,regular,app,KZ,63332.172912899565,116
C0169,2025-02-04,12654.912819408508,regular,app,RU,63076.16263509317,145
C0095,2025-01-21,14599.9945616936,regular,app,RU,74809.02849203724,146
C0018,2025-03-12,8673.170653459823,regular,manager,RU,53286.71637060531,95
C0245,2025-01-24,26278.32185956865,opportunistic,app,BY,160494.5632676289,155
C0057,2025-04-25,9970.665827949304,regular,app,BY,80745.46024762576,44
C0131,2025-04-26,3162.6963485219358,regular,web,RU,95566.66157831959,64
C0074,2025-04-09,27997.347206696904,regular,app,RU,65236.56695866103,81
C0295,2025-02-20,115915.08853453769,opportunistic,web,RU,,73
C0356,2025-02-01,17237.225143664527,regular,web,RU,127166.025780776,147
C0190,2025-05-19,9560.95956671382,regular,app,RU,29728.08893128601,35
C0207,2025-04-09,16522.05511873561,regular,app,BY,180180.49328698896,76
C0367,2025-04-24,15624.834740035896,opportunistic,web,RU,37862.35599077226,62
C0136,2025-03-25,1143.7142965093751,regular,app,RU,40609.90938605977,90
C0039,2025-02-06,4724.691163396821,regular,app,RU,,140
C0107,2025-06-19,19920.658539251996,regular,web,RU,,10
C0147,2025-06-04,8210.138314994725,regular,app,RU,51703.96166882332,16
C0199,2025-01-08,5217.709988335414,regular,app,RU,98019.14203306024,169
C0050,2025-01-19,3178.1764529143356,regular,web,AM,47441.35558338082,157
C0048,2025-01-13,3785.239872249631,regular,manager,RU,24173.246782879014,167
C0156,2025-05-30,135421.16403579907,opportunistic,manager,RU,42006.254107436456,8
C0217,2025-02-13,14577.224199528091,regular,web,RU,133378.46522269418,128
C0340,2025-01-21,5235.040174471031,new,app,RU,147804.8906646651,56
C0335,2025-01-27,12818.72939218155,regular,manager,RU,62761.78101883521,115
C0254,2025-01-13,36366.11781669635,regular,app,RU,88298.5580564642,154
C0292,2025-06-15,8309.30599598715,regular,app,RU,83374.99550448595,13
C0029,2025-02-16,24036.685206636437,regular,app,RU,56574.50740293192,130
C0215,2025-03-18,52217.69105102939,opportunistic,manager,RU,,91
C0064,2025-06-25,31806.19911837092,opportunistic,manager,RU,81703.93243020093,0
C0127,2025-05-02,2766.6536212002084,regular,web,RU,69892.42897742578,58
C0254,2025-06-15,4931.902411229301,regular,app,RU,88298.5580564642,1
C0115,2025-06-19,8788.635833914475,regular,app,RU,140101.75043049947,0
C0347,2025-01-28,5593.236054069659,new,web,KZ,89483.21550110105,120
C0188,2025-04-19,19343.71544381103,regular,web,RU,40342.7858121426,69
C0323,2025-06-19,7848.009700907893,regular,app,RU,,0
C0088,2025-01-07,7056.740260768637,regular,web,RU,73271.65445707022,168
C0069,2025-01-10,9552.995745397995,regular,app,RU,68745.02328473939,159
C0384,2025-02-08,6789.807676716253,regular,manager,RU,,138
C0134,2025-06-24,8720.350550865025,regular,app,RU,162091.34627439242,4
C0307,2025-04-02,5848.867437166412,regular,app,KZ,111706.42563456245,85
C0353,2025-06-05,44968.539916629925,opportunistic,manager,KZ,27148.318862214852,11
C0282,2025-02-14,9389.418483240772,regular,web,KZ,86261.33612057511,127
C0068,2025-01-28,7135.847854177173,regular,app,RU,207386.4605822518,150
C0044,2025-03-14,5485.190698568164,regular,app,RU,82129.71014803136,107
C0107,2025-01-20,16705.521089603746,regular,app,RU,56532.060379392606,160
C0272,2025-01-31,13709.255931592874,regular,manager,RU,72952.79470233107,117
C0076,2025-03-04,7206.6802418543475,regular,web,BY,41841.634218175095,101
C0339,2025-04-27,18028.264885335328,regular,manager,RU,39831.465005485414,51
C0373,2025-02-28,9595.755868691362,regular,app,RU,94070.00566845604,120
C0319,2025-02-14,11606.652390134663,regular,app,BY,117835.57409004774,117
C0313,2025-05-27,9212.155890694457,regular,web,RU,40001.1761448378,30
C0278,2025-05-19,10166.488001579584,regular,app,RU,,36
C0141,2025-01-29,5686.124769990465,regular,manager,RU,147307.13899357288,144
C0302,2025-03-03,15909.349145901537,regular,web,KZ,150859.75994505777,114
C0036,2025-01-05,23361.826275896583,regular,web,RU,41749.00830799161,168
C0376,2025-03-06,20647.443356755884,regular,app,RU,93850.10197362199,110
C0222,2025-01-22,5937.792391113529,regular,app,RU,84664.75261477451,153
C0234,2025-04-08,114649.61882397166,opportunistic,manager,RU,146994.1937911746,70
C0119,2025-01-07,35241.456791584365,regular,app,RU,12958.52483784047,172
C0044,2025-04-20,26000.801171779258,regular,web,RU,82129.71014803136,70
C0248,2025-03-30,6639.564551531025,regular,app,RU,22805.090958222576,76
C0329,2025-03-16,58680.27434958997,opportunistic,app,RU,58930.878904385274,72
C0177,2025-05-12,5281.558433533442,regular,app,KZ,68058.85552278945,48
C0020,2025-01-07,20167.519639687303,opportunistic,app,RU,57170.23440825851,157
C0044,2025-05-19,6108.633170439579,regular,app,RU,82129.71014803136,41
C0124,2025-01-08,20686.252899975916,regular,app,RU,85459.18010301342,154
C0221,2025-03-17,8430.19499681393,regular,app,RU,100670.64887680218,101
C0155,2025-04-16,6592.6590688466895,regular,web,RU,26171.924123075,57
C0203,2025-03-12,17638.988494693687,regular,web,RU,75319.67008401135,99
C0234,2025-01-21,75272.71382379795,opportunistic,manager,RU,146994.1937911746,147
C0188,2025-04-26,6666.223685581968,regular,app,RU,40342.7858121426,62
C0322,2025-03-29,3535.210406542879,regular,web,RU,89967.3339755547,75
C0283,2025-05-19,2061.981407231579,regular,web,AM,49637.64105345447,35
C0022,2025-02-07,14465.715783471143,regular,web,BY,104426.15742678501,138
C0392,2025-06-19,7423.3323223750385,regular,app,RU,82318.01174628778,0
C0077,2025-05-10,34233.25935227661,regular,app,RU,27604.60480859763,49
C0120,2025-06-11,56857.57821819833,opportunistic,web,RU,,0
C0060,2025-01-04,12177.176613238853,regular,manager,AM,29369.97581505382,175
C0254,2025-02-03,2569.088001141998,regular,web,RU,88298.5580564642,133
C0372,2025-02-15,5007.883183349723,regular,manager,BY,105901.06925376512,134
C0096,2025-02-06,19672.36816933928,opportunistic,app,AM,145548.98544138437,124
C0156,2025-02-05,1625037.3271773465,opportunistic,web,RU,42006.254107436456,122
C0373,2025-02-21,5838.875589703222,regular,app,RU,94070.00566845604,127
C0322,2025-03-04,15117.891779794407,regular,app,RU,89967.3339755547,100
C0163,2025-03-18,14776.284010804082,regular,app,RU,97613.13102034428,103
C0157,2025-01-05,6874.2176849053785,regular,app,RU,75827.495673324,173
C0015,2025-06-24,6004.87159905685,regular,web,RU,59946.85642054766,2
C0278,2025-03-03,12940.196038471087,regular,web,RU,54814.63414542244,113
C0223,2025-03-27,83297.70243966192,opportunistic,manager,RU,26184.462394076887,94
C0145,2025-03-24,4227.800831157192,regular,app,RU,54231.990145770134,97
C0258,2025-03-19,11911.1867996415,regular,app,BY,72735.01488396972,102
C0201,2025-04-14,82673.9316670351,opportunistic,manager,RU,34643.37900711766,67
C0301,2025-01-24,-12741.854715396408,opportunistic,manager,RU,102225.96106422746,147
C0159,2025-03-20,35248.62711710181,opportunistic,manager,RU,,97
C0200,2025-01-04,24024.918606012852,regular,manager,RU,198493.78958835345,171
C0176,2025-04-20,6267.149357040269,regular,web,RU,,63
C0331,2025-01-15,74694.3795008881,opportunistic,manager,RU,28003.565733441188,161
C0243,2025-01-25,11108.495003808166,regular,app,RU,37334.670245607726,152
C0253,2025-01-28,27167.54540852658,regular,app,RU,91013.09064201491,141
C0018,2025-01-29,8088.51294598727,regular,app,RU,53286.71637060531,137
C0240,2025-05-15,1615.7491332888399,regular,app,RU,49345.468111258146,44
C0268,2025-06-07,6457.55955265158,regular,app,KZ,36060.11248799635,15
C0400,2025-04-30,4745.428266675487,regular,app,RU,75874.27858611445,51
C0310,2025-01-02,43826.451278740424,regular,app,RU,43030.78274384195,178
C0034,2025-01-26,2955.3587391915153,regular,app,BY,139312.1307018514,154
C0080,2025-05-09,14497.816258850773,opportunistic,manager,AM,,48
C0210,2025-01-14,10389.683215840347,regular,web,RU,52418.57889047791,166
C0290,2025-01-28,43098.394165646125,regular,app,RU,,148
C0037,2025-03-27,8737.939720823404,regular,app,KZ,47718.755959578484,52
C0352,2025-06-06,28987.930668340683,regular,app,RU,103141.23639450001,21
C0164,2025-05-29,58510.05480673494,regular,web,RU,95269.62263734348,29
C0348,2025-02-23,3588.315190796646,regular,app,RU,59681.71404088037,126
C0267,2025-05-21,12711.335868066059,regular,app,BY,165601.26935907674,35
C0142,2025-03-05,8018.382983054577,regular,web,RU,71133.75089158732,108
C0281,2025-01-11,6329.580478226252,regular,app,RU,27211.30833168933,165
C0309,2025-06-10,30845.466098764144,regular,app,RU,41995.26799765813,4
C0201,2025-05-21,19525.91347666089,opportunistic,web,RU,34643.37900711766,30
C0118,2025-03-03,27224.9084219007,opportunistic,web,RU,28958.617270561706,118
C0348,2025-01-02,46762.17386461474,regular,manager,RU,59681.71404088037,178
C0263,2025-01-07,6365.214390779271,regular,web,RU,72432.82695809603,171
C0038,2025-01-30,19693.4494563221,regular,app,AM,29310.61212769585,125
C0134,2025-01-14,46756.05178561027,regular,app,RU,162091.34627439242,165
C0378,2025-03-01,12547.425537404206,regular,app,BY,93929.37563679303,119
C0114,2025-05-01,35391.70530342294,opportunistic,manager,RU,29077.40070521304,25
C0325,2025-03-25,9155.416848723002,opportunistic,web,RU,65676.35620004988,89
C0039,2025-05-14,5832.036293775292,regular,manager,RU,40600.123215367676,43
C0257,2025-01-12,25415.231386608233,opportunistic,manager,RU,204633.6814809772,149
C0311,2025-05-01,11201.920176472971,regular,app,RU,18468.17377658533,57
C0129,2025-01-02,2938.549873441643,regular,app,RU,102226.20848008845,148
C0111,2025-02-18,24541.298545668706,regular,app,RU,24166.59661985463,130
C0324,2025-01-16,18149.153464110183,regular,web,RU,94477.46126382126,158
C0137,2025-03-02,26705.189478418077,new,app,RU,137954.80147892743,76
C0204,2025-06-26,14187.472297301472,regular,app,RU,160510.37828520167,0
C0337,2025-05-01,5816.570649195554,regular,app,RU,18875.011531273616,56
C0375,2025-03-25,24289.355365302385,regular,app,RU,131572.8404314726,96
C0055,2025-06-27,41556.88397287553,opportunistic,web,RU,59630.09125590324,0
C0357,2025-03-26,16146.360862553953,opportunistic,app,RU,37746.851199622164,92
C0373,2025-01-14,10515.083513883363,regular,web,RU,94070.00566845604,165
C0028,2025-02-21,30920.693695629117,regular,app,RU,99926.3451265315,100
C0268,2025-04-20,28733.43683428025,regular,app,KZ,36060.11248799635,63
C0317,2025-06-23,14730.474188520062,regular,app,RU,37535.87622140273,0
C0359,2025-03-11,27982.836736629113,regular,app,RU,69875.41513535524,110
C0270,2025-02-24,7918.2512339492405,regular,app,RU,78878.98685669352,105
C0339,2025-05-08,9431.781936119703,regular,web,RU,39831.465005485414,40
C0384,2025-05-31,9084.257089699742,regular,app,RU,166874.80517001377,26
C0069,2025-06-17,20850.41899218391,regular,web,RU,68745.02328473939,1
C0139,2025-02-22,29953.760832159227,opportunistic,manager,BY,143214.9268186321,119
C0077,2025-03-22,25911.324668915702,regular,app,RU,27604.60480859763,98
C0166,2025-04-03,7338.289466315938,regular,app,KZ,89867.6573767307,83
C0098,2025-02-08,2766.112242004555,regular,app,BY,91073.97819474443,139
C0288,2025-04-26,3488.0018224854293,regular,app,KZ,32072.151687949587,58
C0316,2025-05-01,19243.127947341767,regular,app,RU,57827.32199477627,57
C0284,2025-02-02,447555.99343847454,regular,app,RU,16145.402480594568,140
C0070,2025-03-06,17702.06331572507,regular,web,RU,72265.69587493673,114
C0176,2025-05-14,8514.328770024904,regular,manager,RU,79527.83146299052,39
C0179,2025-05-09,18705.97998265098,new,app,BY,108564.6915980085,30
C0041,2025-06-07,13432.005621368753,regular,app,RU,102947.22534981728,22
C0076,2025-02-07,5065.149617370599,regular,app,BY,41841.634218175095,126
C0348,2025-06-01,14145.912644356094,regular,web,RU,59681.71404088037,28
C0082,2025-03-28,4825.852100631459,regular,web,RU,192043.49068353276,73
C0281,2025-03-05,7017.328199703447,regular,web,RU,27211.30833168933,112
C0210,2025-06-28,764296.88047203,regular,app,RU,52418.57889047791,1
C0386,2025-02-10,2807.0508121272155,new,app,RU,139744.5413521577,138
C0196,2025-06-26,13443.342613746225,regular,manager,RU,35031.704974799344,0
C0184,2025-06-09,7098.162300314596,regular,app,RU,73378.44254129767,15
C0031,2025-06-04,65703.25188063187,opportunistic,web,RU,120459.5900263173,2
C0395,2025-03-15,4470.510607971043,regular,app,RU,64333.874332747415,101
C0335,2025-02-20,16617.28274352505,regular,web,RU,62761.78101883521,91
C0163,2025-03-19,10500.573476777408,regular,app,RU,97613.13102034428,102
C0399,2025-02-20,7802.119980105813,regular,app,RU,66589.02089418373,127
C0387,2025-03-22,35921.54970918837,opportunistic,web,KZ,76142.91997429843,44
C0108,2025-04-04,10623.786293099907,regular,app,RU,84938.35767995643,81
C0364,2025-06-25,7699.647338894753,regular,app,RU,40488.69823107142,2
C0277,2025-04-07,4916.742622826731,regular,app,RU,40282.29405287731,76
C0172,2025-04-01,13014.988246888242,regular,app,RU,37505.97494683757,84
C0071,2025-02-24,6903.479318145214,regular,manager,RU,119602.86638084592,123
C0041,2025-03-15,9238.250565200895,regular,app,RU,102947.22534981728,106
C0324,2025-03-02,4945.805765517081,regular,app,RU,94477.46126382126,113
C0125,2025-01-04,24105.122232054568,regular,manager,RU,28042.399336962837,162
C0011,2025-02-07,5268.57639570867,regular,app,RU,100516.10043231638,139
C0241,2025-01-09,52696.81447455911,opportunistic,app,AM,52764.7652847006,163
C0208,2025-04-01,39030.48111204245,opportunistic,app,RU,26676.344249311056,68
C0253,2025-06-05,10604.685460744478,regular,app,RU,91013.09064201491,13
C0378,2025-03-20,202025.51090006466,regular,app,BY,93929.37563679303,100
C0378,2025-03-30,23793.341232912197,regular,web,BY,93929.37563679303,90
C0254,2025-04-07,43266.00621743696,regular,app,RU,88298.5580564642,70
C0020,2025-02-10,248336.11478944865,opportunistic,manager,RU,57170.23440825851,123
C0287,2025-04-01,9698.689148024481,regular,app,KZ,44683.913853316626,79
C0158,2025-04-06,82793.14692642416,opportunistic,app,AM,59959.54453274451,75
C0096,2025-02-07,41140.95720877934,opportunistic,manager,AM,,123
C0098,2025-01-05,9328.375372300094,regular,app,BY,91073.97819474443,173
C0332,2025-02-19,7969.3055046319605,regular,web,KZ,96486.84621670823,129
C0141,2025-04-05,17187.093190366155,regular,app,RU,147307.13899357288,78
C0304,2025-03-01,11382.901185935376,regular,manager,AM,52384.94132499481,118
C0365,2025-03-24,71951.02262120775,opportunistic,manager,RU,,68
C0026,2025-05-12,19485.147170231205,regular,app,KZ,18333.974251046504,35
C0237,2025-01-20,14052.750988224678,regular,web,RU,76718.82517000394,136
C0336,2025-04-20,87077.65614330757,opportunistic,manager,AM,,65
C0172,2025-05-01,6088.971515733998,regular,web,RU,37505.97494683757,54
C0087,2025-03-04,55390.161751069754,opportunistic,manager,RU,,102
C0270,2025-03-20,31470.902367820083,regular,app,RU,78878.98685669352,81
C0005,2025-03-28,7273.614352070589,regular,app,RU,18572.608441914028,92
C0294,2025-01-31,10470.94356413514,regular,manager,RU,60366.5026649566,149
C0090,2025-04-23,13292.930545138815,regular,web,RU,54907.642961464815,60
C0058,2025-01-24,23566.251182362856,opportunistic,manager,RU,136812.12462467572,135
C0252,2025-04-07,12559.292469056654,new,app,RU,35869.28283733474,32
C0035,2025-01-28,29520.215334694833,regular,app,RU,69610.42796192828,152
C0036,2025-04-10,4755.0090010646245,regular,web,RU,41749.00830799161,73
C0148,2025-03-30,173663.5669925684,regular,app,RU,84862.16854841373,85
C0126,2025-06-28,10959.97192891073,regular,app,KZ,56188.76756509697,0
C0332,2025-05-27,3205.8011104056536,regular,app,KZ,96486.84621670823,32
C0272,2025-05-02,7326.112194728537,regular,app,RU,72952.79470233107,26
C0193,2025-06-02,8370.735388722831,regular,web,RU,57590.64763962595,19
C0204,2025-06-10,12602.717014838378,regular,app,RU,160510.37828520167,16
C0319,2025-06-01,3532.8014131761856,regular,app,BY,117835.57409004774,10
C0204,2025-05-28,6803.978268578825,regular,app,RU,160510.37828520167,29
C0311,2025-04-02,10226.766607642337,regular,app,RU,18468.17377658533,86
C0172,2025-04-05,12303.874804475048,regular,web,RU,37505.97494683757,80
C0319,2025-01-24,5712.229082076245,regular,app,BY,117835.57409004774,138
C0115,2025-02-10,7152.354836023673,regular,app,RU,140101.75043049947,129
C0244,2025-03-29,8966.518308293837,regular,app,RU,17552.836117749855,86
C0230,2025-03-29,2182.9471113871323,regular,app,RU,32681.058632895285,92
C0238,2025-06-17,15429.273380413952,opportunistic,manager,RU,,0
C0287,2025-04-07,7074.284956089577,regular,app,KZ,44683.913853316626,73
C0290,2025-03-18,6016.237630382903,regular,web,RU,80189.09743512764,99
C0248,2025-03-08,3946.2035742145945,regular,web,RU,22805.090958222576,98
C0213,2025-05-10,9490.067126866888,regular,web,RU,75577.42042288934,36
C0193,2025-01-23,12595.99561012625,regular,manager,RU,57590.64763962595,149
C0314,2025-02-21,19344.588054561693,regular,app,BY,,121
C0173,2025-02-05,9164.168932930404,regular,web,RU,33374.269800263144,140
C0047,2025-06-13,12928.421374017054,regular,app,KZ,61568.2960255891,0
C0192,2025-02-07,5440.938526114062,regular,web,RU,131448.77247629315,135
C0003,2025-03-06,4054.0517217753036,new,app,RU,77030.04338975502,112
C0232,2025-02-16,5754.361293867006,regular,app,RU,75576.78867544084,133
C0158,2025-04-03,50502.06823897258,opportunistic,web,AM,59959.54453274451,78
C0314,2025-02-26,1723.9615418373162,regular,app,BY,59242.379815333625,116
C0383,2025-05-12,81562.29552130878,opportunistic,manager,RU,32731.312689247476,43
C0322,2025-05-10,7069.3928115091585,regular,app,RU,89967.3339755547,33
C0254,2025-01-01,10921.083264702593,regular,manager,RU,88298.5580564642,166
C0339,2025-04-24,6385.561721160846,regular,app,RU,39831.465005485414,54
C0176,2025-04-24,7803.14932616345,regular,manager,RU,,59
C0041,2025-02-25,5045.028931402923,regular,app,RU,102947.22534981728,124
C0098,2025-01-28,9682.376193106817,regular,app,BY,91073.97819474443,150
C0097,2025-04-13,14788.550117907656,regular,web,AM,69587.21229131967,73
C0317,2025-03-17,6942.950160484005,regular,app,RU,37535.87622140273,98
C0212,2025-06-02,4475.229117699898,opportunistic,app,RU,103459.0031373886,20
C0332,2025-06-05,11614.893653371868,regular,app,KZ,96486.84621670823,23
C0076,2025-01-17,20698.760894952942,regular,app,BY,41841.634218175095,147
C0210,2025-03-01,6055.523542574363,regular,manager,RU,52418.57889047791,120
C0362,2025-02-20,8569.222640283528,regular,app,RU,87900.75427160058,120
C0261,2025-02-26,21733.31907719695,regular,app,RU,92817.5689867,123
C0395,2025-01-23,7775.750692326048,regular,app,RU,64333.874332747415,152
C0068,2025-02-05,13663.993045771438,regular,web,RU,207386.4605822518,142
C0002,2025-05-26,3284.8178191551174,regular,app,RU,88283.04157880397,23
C0304,2025-02-11,4631.425767868313,regular,app,AM,52384.94132499481,136
C0113,2025-03-06,5548.257944464179,regular,web,RU,22138.056114061816,111
C0319,2025-05-02,9584.156003127446,regular,web,BY,117835.57409004774,40
C0364,2025-01-25,7981.106050244237,regular,web,RU,40488.69823107142,153
C0108,2025-01-20,7826.226809048149,regular,app,RU,84938.35767995643,155
C0075,2025-02-08,27449.12593337464,regular,app,RU,78641.08221028118,139
C0255,2025-01-22,16987.012060227346,regular,app,AM,,158
C0364,2025-06-10,13582.668919644739,regular,web,RU,40488.69823107142,17
C0067,2025-06-29,27074.35183454841,opportunistic,web,BY,193504.66662175572,0
C0034,2025-03-10,19169.794344164187,regular,app,BY,139312.1307018514,111
C0312,2025-02-26,6754.961995754595,regular,app,RU,38948.629151541485,118
C0188,2025-01-20,13916.958790820752,regular,app,RU,40342.7858121426,158
C0122,2025-03-06,16917.739804152046,opportunistic,manager,RU,84051.61465536503,107
C0389,2025-01-22,12798.528401467709,regular,web,RU,66611.28251620958,157
C0330,2025-03-27,7674.848125225568,regular,app,RU,33903.04091126527,92
C0286,2025-03-17,6204.354292402864,regular,web,RU,76864.80399866072,102
C0074,2025-03-16,5117.988781278121,regular,app,RU,,105
C0348,2025-06-07,5527.541613830416,regular,app,RU,59681.71404088037,22
C0123,2025-02-27,9947.265017027008,regular,app,AM,48641.64046189509,122
C0018,2025-06-14,16222.895447624425,regular,app,RU,53286.71637060531,1
C0392,2025-03-14,19967.864622813056,regular,manager,RU,82318.01174628778,97
C0378,2025-04-17,2878.3891782164624,regular,app,BY,93929.37563679303,72
C0044,2025-01-03,12526.937375114834,regular,app,RU,82129.71014803136,177
C0253,2025-04-12,6852.033318533853,regular,app,RU,91013.09064201491,67
C0243,2025-05-27,19318.366609853365,regular,app,RU,37334.670245607726,30
C0176,2025-04-16,28784.242383234337,regular,app,RU,79527.83146299052,67
C0379,2025-04-10,4550.591167920993,regular,app,AM,79812.48895604689,79
C0243,2025-04-11,11730.578609646795,regular,app,RU,37334.670245607726,76
C0187,2025-06-12,26315.725373174275,regular,app,RU,76429.16908843287,0
C0010,2025-03-26,4722.018276336861,regular,app,RU,71398.54626114802,92
C0258,2025-02-16,10163.790265060952,regular,app,BY,72735.01488396972,133
C0373,2025-06-10,72364.64318406234,regular,app,RU,94070.00566845604,18
C0229,2025-01-01,52814.8757936427,opportunistic,app,RU,,133
C0194,2025-02-06,41191.82983776056,opportunistic,manager,RU,,143
C0270,2025-03-29,11002.904671927276,regular,app,RU,78878.98685669352,72
C0008,2025-02-17,12904.876435624099,opportunistic,app,RU,,128
C0022,2025-05-02,24014.502316366976,regular,app,BY,104426.15742678501,54
C0316,2025-01-14,39268.44147702707,regular,app,RU,,164
C0283,2025-03-04,19043.056377491215,regular,app,AM,49637.64105345447,111
C0129,2025-05-10,12228.803913429114,regular,manager,RU,102226.20848008845,20
C0005,2025-03-03,11236.46927323661,regular,app,RU,18572.608441914028,117
C0126,2025-05-19,7039.176713926965,regular,app,KZ,56188.76756509697,40
C0363,2025-03-06,7438.807713114301,regular,app,RU,,98
C0046,2025-04-14,29426.210928475568,opportunistic,manager,RU,,73
C0384,2025-04-08,14074.8143972335,regular,app,RU,166874.80517001377,79
C0039,2025-01-15,7460.220507833868,regular,app,RU,40600.123215367676,162
C0261,2025-05-22,13254.310911445935,regular,app,RU,92817.5689867,38
C0034,2025-06-23,6979.577857272004,regular,manager,BY,139312.1307018514,6
C0400,2025-03-25,21623.58203071067,regular,app,RU,75874.27858611445,87
C0303,2025-02-04,11229.313345531109,regular,app,RU,51412.557388166,128
C0005,2025-06-27,4328.4494078959815,regular,app,RU,18572.608441914028,1
C0248,2025-02-26,8214.220145018622,regular,web,RU,22805.090958222576,108
C0038,2025-04-05,11634.231048975507,regular,app,AM,29310.61212769585,60
C0316,2025-02-01,17215.268264595357,regular,app,RU,57827.32199477627,146
C0157,2025-02-24,5704.627105086567,regular,app,RU,75827.495673324,123
C0259,2025-05-08,8861.701536270664,regular,web,KZ,54966.058792712574,50
C0035,2025-04-27,12762.72580891458,regular,web,RU,69610.42796192828,63
C0096,2025-01-28,23980.32410452544,opportunistic,manager,AM,145548.98544138437,133
C0164,2025-01-12,14543.868409045339,regular,app,RU,95269.62263734348,166
C0300,2025-04-11,549577.0638658025,opportunistic,manager,RU,50842.772416125044,48
C0005,2025-01-09,2670.837356136162,regular,app,RU,18572.608441914028,170
C0279,2025-04-27,8455.59122623283,new,app,RU,63267.47966015547,35
C0215,2025-03-01,35548.32648025491,opportunistic,manager,RU,87857.87417092851,108
C0069,2025-03-17,30620.000090208847,regular,app,RU,68745.02328473939,93
C0328,2025-01-01,10662.959894207544,regular,app,KZ,65732.80809874619,175
C0068,2025-02-20,6292.203790079345,regular,manager,RU,207386.4605822518,127
C0317,2025-03-11,11358.59583520523,regular,app,RU,37535.87622140273,104
C0188,2025-04-14,14063.291837011027,regular,app,RU,40342.7858121426,74
C0164,2025-06-17,17164.932056783106,regular,app,RU,95269.62263734348,10
C0007,2025-06-26,30502.75062302118,opportunistic,manager,RU,51048.07840727318,0
C0322,2025-03-08,6096.637218694014,regular,app,RU,89967.3339755547,96
C0149,2025-02-08,6371.239582981891,regular,web,BY,27968.453975938126,134
C0271,2025-05-07,14891.09456830065,regular,app,RU,41028.573339414696,44
C0389,2025-03-11,12791.130758747871,regular,app,RU,66611.28251620958,109
C0221,2025-06-26,1741.7105292978376,regular,manager,RU,100670.64887680218,0
C0359,2025-06-25,18865.515984928563,regular,manager,RU,69875.41513535524,4
C0332,2025-04-23,15976.615258432343,regular,app,KZ,96486.84621670823,66
C0276,2025-01-18,7121.790800217207,regular,app,RU,65535.05343619635,160
C0289,2025-06-07,15104.634579058926,regular,app,RU,104787.97930192667,11
C0239,2025-01-04,2625.2510135923867,regular,app,RU,85744.30607535798,172
C0011,2025-04-05,15661.059799348837,regular,app,RU,100516.10043231638,82
C0284,2025-05-25,4488.004572637159,regular,app,RU,16145.402480594568,28
C0315,2025-06-05,33475.93544676127,regular,manager,BY,122043.30752195237,16
C0103,2025-01-17,8110.815755102362,regular,web,RU,41425.609103306146,161
C0013,2025-05-07,16444.8414704048,opportunistic,manager,AM,,53
C0018,2025-05-02,4921.57305344272,regular,app,RU,53286.71637060531,44
C0079,2025-06-25,138399.22604085153,opportunistic,manager,RU,,0
C0357,2025-03-09,38011.20342839497,opportunistic,web,RU,37746.851199622164,109
C0363,2025-06-08,15736.740407635818,regular,web,RU,53936.128335688154,4
C0199,2025-01-09,3196.1764013561883,regular,app,RU,98019.14203306024,168
C0003,2025-01-23,2122.7361336719514,new,app,RU,77030.04338975502,154
C0145,2025-06-23,22161.552441384134,regular,app,RU,54231.990145770134,6
C0328,2025-04-01,12299.451045644842,regular,app,KZ,65732.80809874619,85
C0271,2025-04-16,13010.990510946094,regular,app,RU,41028.573339414696,65
C0343,2025-02-03,20246.410139812244,opportunistic,manager,RU,,125
C0137,2025-01-30,4479.937592919558,new,app,RU,137954.80147892743,107
C0276,2025-04-09,7397.500133929783,regular,web,RU,65535.05343619635,79
C0059,2025-05-16,5108.071770590954,regular,web,RU,54801.21350948494,39
C0306,2025-06-19,33472.12990206429,regular,app,RU,57805.035774570744,3
C0239,2025-01-01,6617.120154131076,regular,app,RU,85744.30607535798,175
C0134,2025-02-24,16536.45315641535,regular,app,RU,162091.34627439242,124
C0140,2025-06-07,5341.271924815777,regular,app,AM,,19
C0276,2025-06-16,32034.501951673672,regular,manager,RU,65535.05343619635,11
C0099,2025-04-17,16325.218259907468,regular,manager,BY,,73
C0128,2025-02-27,10393.114962702268,regular,app,RU,63110.63911316603,122
C0059,2025-02-11,3884.9208269319574,regular,web,RU,54801.21350948494,133
C0119,2025-05-13,13472.746477510495,regular,app,RU,12958.52483784047,46
C0159,2025-06-25,61423.7684862695,opportunistic,manager,RU,57563.40627579265,0
C0186,2025-05-13,136920.99962334923,opportunistic,app,RU,,13
C0037,2025-04-22,2833.566329324639,regular,app,KZ,47718.755959578484,26
C0225,2025-04-02,26420.378462247212,regular,app,RU,37463.80596379556,81
C0204,2025-03-14,6701.785905224125,regular,web,RU,,104
C0380,2025-03-06,19243.455536071084,opportunistic,manager,RU,24810.292808637114,39
C0392,2025-01-15,5693.261438925033,regular,app,RU,82318.01174628778,155
C0071,2025-01-15,40091.760257668866,regular,app,RU,119602.86638084592,163
C0113,2025-03-16,16718.50800888909,regular,app,RU,22138.056114061816,101
C0088,2025-06-19,2669.047593995176,regular,app,RU,73271.65445707022,5
C0075,2025-02-24,5373.359642583193,regular,app,RU,78641.08221028118,123
C0267,2025-03-16,12084.012376911394,regular,app,BY,165601.26935907674,101
C0272,2025-03-30,18391.918073417142,regular,app,RU,72952.79470233107,59
C0324,2025-04-21,13835.88994428244,regular,manager,RU,94477.46126382126,63
C0097,2025-06-07,7386.0455296652135,regular,manager,AM,69587.21229131967,18
C0200,2025-04-24,7357.391631281998,regular,app,RU,198493.78958835345,61
C0161,2025-03-09,14729.125236616423,regular,app,RU,,112
C0071,2025-01-27,17106.57479679184,regular,web,RU,119602.86638084592,151
C0307,2025-05-08,11719.074466745225,regular,app,KZ,111706.42563456245,49
C0051,2025-02-19,16325.834450043614,regular,app,AM,49333.31383761302,129
C0216,2025-06-09,40516.51704750862,opportunistic,app,RU,48163.3487761787,1
C0065,2025-03-13,52471.558903311736,opportunistic,web,RU,61566.57313890205,107
C0324,2025-02-17,10478.025254738239,regular,app,RU,94477.46126382126,126
C0107,2025-01-30,4383.602821040845,regular,app,RU,56532.060379392606,150
C0065,2025-04-30,187357.1930490906,opportunistic,manager,RU,61566.57313890205,59
C0026,2025-03-13,9721.086370842255,regular,web,KZ,18333.974251046504,95
C0161,2025-02-23,3902.368813440601,regular,app,RU,74003.19392036954,126
C0396,2025-06-23,9574.147579499608,regular,app,KZ,63332.172912899565,1
C0039,2025-02-01,4226.578159016234,regular,app,RU,40600.123215367676,145
C0136,2025-03-31,12586.225793952772,regular,app,RU,40609.90938605977,84
C0273,2025-01-18,4654.810999543886,regular,app,RU,128912.01034395119,157
C0016,2025-06-24,21090.95054756833,regular,manager,RU,73734.55681536577,0
C0249,2025-01-31,5763.900108694413,regular,web,RU,55783.52272481387,149
C0294,2025-05-31,10762.200018634705,regular,app,RU,,29
C0273,2025-03-31,14191.974994544666,regular,app,RU,128912.01034395119,85
C0213,2025-01-25,5343.785050889991,regular,app,RU,75577.42042288934,141
C0199,2025-02-24,7541.769831081139,regular,web,RU,98019.14203306024,122
C0350,2025-02-02,17008.668672787742,regular,app,AM,72183.40831187136,144
C0373,2025-02-24,11382.423634986917,regular,app,RU,94070.00566845604,124
C0072,2025-06-14,4038.0570379138767,regular,web,RU,41559.708530966964,15
C0048,2025-05-12,14695.50586051373,regular,app,RU,24173.246782879014,48
C0108,2025-04-16,1679.8153718566566,regular,app,RU,84938.35767995643,69
C0355,2025-06-08,22869.762623637773,regular,app,RU,114801.5160405255,12
C0313,2025-04-26,13261.66282762917,regular,app,RU,40001.1761448378,61
C0363,2025-04-15,28704.93002687133,regular,app,RU,53936.128335688154,58
C0026,2025-03-15,8395.024999157265,regular,app,KZ,18333.974251046504,93
C0142,2025-03-23,4734.265137268544,regular,web,RU,71133.75089158732,90
C0391,2025-04-04,7359.034102604473,opportunistic,manager,RU,36264.36096006157,73
C0264,2025-06-27,3984.9580471407858,regular,app,RU,53382.85082631906,0
C0315,2025-06-11,26704.582489202578,regular,web,BY,122043.30752195237,10
C0195,2025-04-05,3642.949673780155,regular,manager,RU,17580.452648123697,66
C0118,2025-06-17,216909.20658820568,opportunistic,manager,RU,28958.617270561706,12
C0093,2025-05-24,3754.7325490525177,regular,app,RU,66402.26752134197,32
C0336,2025-04-01,37452.51422008016,opportunistic,web,AM,123057.91430420888,84
C0260,2025-03-10,91702.61406346314,opportunistic,manager,RU,,67
C0206,2025-06-02,9429.314405079505,regular,app,RU,75884.66245476011,26
C0065,2025-06-02,54257.878112820006,opportunistic,manager,RU,61566.57313890205,26
C0320,2025-06-20,4386.185861430916,new,app,RU,38685.59746168196,0
C0259,2025-04-08,4371.689756817105,regular,manager,KZ,54966.058792712574,80
C0009,2025-06-04,11772.991046850178,regular,manager,KZ,97350.63118258487,25
C0367,2025-01-31,27824.52013889975,opportunistic,app,RU,37862.35599077226,145
C0364,2025-05-20,4295.535066533487,regular,app,RU,,38
C0378,2025-01-25,3810.378851580555,regular,manager,BY,93929.37563679303,154
C0200,2025-06-13,16685.838813735107,regular,app,RU,198493.78958835345,11
C0316,2025-04-01,6336.848132493003,regular,app,RU,57827.32199477627,87
C0148,2025-05-16,5905.219896546198,regular,app,RU,84862.16854841373,38
C0268,2025-05-16,19635.41942596202,regular,manager,KZ,36060.11248799635,37
C0153,2025-06-10,14603.504470503703,regular,app,RU,17732.54325367211,19
C0039,2025-05-06,15773.445940200567,regular,app,RU,40600.123215367676,51
C0389,2025-01-04,5443.922466974068,regular,manager,RU,,175
C0149,2025-03-25,6458.3276995994,regular,web,BY,27968.453975938126,89
C0061,2025-05-07,70632.17553731157,opportunistic,manager,RU,119011.13380630473,44
C0255,2025-01-13,18233.912547476604,regular,web,AM,29087.88109205289,167
C0315,2025-02-22,22133.35029381517,regular,web,BY,122043.30752195237,119
C0091,2025-02-05,12463.035875238653,regular,app,RU,118790.6932272385,126
C0093,2025-05-18,449122.84946562204,regular,app,RU,66402.26752134197,38
C0284,2025-04-06,17632.406358643646,regular,app,RU,16145.402480594568,77
C0261,2025-03-06,7870.669927808336,regular,app,RU,92817.5689867,115
C0290,2025-05-30,3805.645439835312,regular,app,RU,80189.09743512764,26
C0005,2025-05-13,13654.086983524614,regular,app,RU,,46
C0264,2025-02-19,15037.565526332639,regular,app,RU,53382.85082631906,128
C0109,2025-06-26,21871.366930922573,regular,app,RU,55839.111146692514,0
C0304,2025-02-19,11270.686804142022,regular,app,AM,52384.94132499481,128
C0197,2025-06-24,50214.4893821085,opportunistic,manager,RU,,0
C0373,2025-01-01,18822.77625320396,regular,app,RU,94070.00566845604,178
C0364,2025-06-20,13270.602345853416,regular,web,RU,40488.69823107142,7
C0275,2025-02-17,30813.31797292782,opportunistic,manager,RU,26092.952637370763,102
C0157,2025-02-01,6530.451723841853,regular,app,RU,75827.495673324,146
C0271,2025-02-12,17565.933010914083,regular,app,RU,41028.573339414696,128
C0225,2025-01-21,23654.185762021767,regular,manager,RU,37463.80596379556,152
C0310,2025-05-18,8582.822382232189,regular,app,RU,43030.78274384195,42
C0012,2025-02-06,9259.205389835786,new,app,RU,75061.74014172595,127
C0205,2025-06-06,8166.029469147548,regular,app,AM,33782.36257951558,20
C0288,2025-05-30,10746.858274347976,regular,web,KZ,,24
C0126,2025-01-09,14349.429264229064,regular,web,KZ,56188.76756509697,170
C0140,2025-02-08,37512.4188338889,regular,app,AM,51875.679615003515,138
C0254,2025-02-16,18155.72229667265,regular,web,RU,88298.5580564642,120
C0271,2025-01-24,10923.44483580926,regular,app,RU,41028.573339414696,147
C0257,2025-04-28,24253.976792659523,opportunistic,manager,RU,204633.6814809772,43
C0153,2025-04-01,8289.251645837307,regular,app,RU,,89
C0052,2025-05-10,30179.251149686945,regular,app,KZ,36740.54430792383,50
C0337,2025-06-26,8291.960362462838,regular,app,RU,18875.011531273616,0
C0276,2025-05-12,17942.519061089748,regular,web,RU,65535.05343619635,46
C0249,2025-06-07,13096.385358158914,regular,app,RU,55783.52272481387,22
C0134,2025-04-22,10215.959925930503,regular,app,RU,162091.34627439242,67
C0108,2025-06-16,25827.579752080423,regular,web,RU,84938.35767995643,8
C0231,2025-04-30,5624.9781607031555,regular,manager,RU,97988.07583193238,60
C0306,2025-02-19,9620.838292617078,regular,app,RU,57805.035774570744,123
C0308,2025-03-08,35857.61437402921,opportunistic,manager,RU,19178.06563577975,91
C0163,2025-02-22,4576.826589459005,regular,app,RU,97613.13102034428,127
C0359,2025-03-24,4993.2686056115235,regular,app,RU,69875.41513535524,97
C0095,2025-03-12,8623.638788556009,regular,app,RU,74809.02849203724,96
C0154,2025-06-14,148335.48542293292,opportunistic,manager,RU,42932.69018429909,0
C0196,2025-03-21,6618.748263519949,regular,app,RU,35031.704974799344,97
C0259,2025-06-11,24435.64655140748,regular,app,KZ,54966.058792712574,16
C0200,2025-03-15,35633.24802233395,regular,app,RU,198493.78958835345,101
C0125,2025-02-14,21100.07232216245,regular,app,RU,28042.399336962837,121
C0192,2025-01-01,2510.973327956275,regular,app,RU,131448.77247629315,172
C0124,2025-03-13,13029.521784732755,regular,manager,RU,85459.18010301342,90
C0002,2025-04-16,10060.264356395475,regular,web,RU,88283.04157880397,63
C0080,2025-05-29,52527.945717192975,opportunistic,app,AM,,28
C0319,2025-05-06,9638.537733600713,regular,web,BY,117835.57409004774,36
C0227,2025-05-20,8715.56546519567,regular,app,RU,,36
C0313,2025-05-10,11503.30981841752,regular,app,RU,40001.1761448378,47
C0269,2025-01-10,3078.9176295545876,regular,app,BY,91399.24908804016,161
C0095,2025-02-13,13332.563014489962,regular,manager,RU,74809.02849203724,123
C0142,2025-06-01,36897.35021142611,regular,app,RU,71133.75089158732,20
C0051,2025-06-26,1900.284287019324,regular,app,AM,49333.31383761302,2
C0015,2025-05-03,6490.510368879256,regular,manager,RU,59946.85642054766,54
C0196,2025-02-17,14435.948613965387,regular,app,RU,35031.704974799344,129
C0350,2025-05-29,11391.61538048187,regular,web,AM,72183.40831187136,28
C0120,2025-04-03,19607.78780839037,opportunistic,manager,RU,49073.64807561081,69
C0316,2025-01-01,12939.872831074828,regular,manager,RU,57827.32199477627,177
C0341,2025-03-10,19407.828024004262,regular,app,RU,77297.95977305167,104
C0190,2025-05-30,5704.002323615205,regular,app,RU,29728.08893128601,24
C0355,2025-03-08,16692.768714185735,regular,web,RU,114801.5160405255,104
C0278,2025-05-08,7018.121378497381,regular,app,RU,54814.63414542244,47
C0142,2025-06-21,9871.677546369474,regular,app,RU,71133.75089158732,0
C0086,2025-03-05,10797.509332304831,regular,app,RU,52897.26789986734,110
C0222,2025-06-21,5719.816049277883,regular,app,RU,84664.75261477451,3
C0314,2025-03-24,7491.170547026986,regular,web,BY,59242.379815333625,90
C0103,2025-05-11,11290.141055805725,regular,app,RU,41425.609103306146,47
C0362,2025-01-02,19172.779571979143,regular,app,RU,87900.75427160058,169
C0269,2025-03-21,6028.460008994748,regular,app,BY,91399.24908804016,91
C0176,2025-03-15,22087.5442969029,regular,app,RU,79527.83146299052,99
C0348,2025-05-29,3764.9715342331156,regular,app,RU,59681.71404088037,31
C0345,2025-06-21,17310.1101871836,opportunistic,app,RU,,0
C0014,2025-05-10,46727.64370222244,opportunistic,web,RU,,21
C0335,2025-04-07,15307.555079502967,regular,web,RU,,45
C0363,2025-05-22,3047.2674906811912,regular,web,RU,53936.128335688154,21
C0051,2025-06-01,39493.15946059006,regular,app,AM,49333.31383761302,27
C0218,2025-05-04,9825.175924662679,regular,web,AM,46855.648918213476,56
C0278,2025-02-26,6823.658607843448,regular,app,RU,54814.63414542244,118
C0005,2025-05-17,4021.9601627249453,regular,app,RU,18572.608441914028,42
C0149,2025-05-09,19238.917494002624,regular,web,BY,27968.453975938126,44
C0213,2025-04-16,30743.41846370922,regular,app,RU,75577.42042288934,60
C0278,2025-03-12,16775.00661824568,regular,web,RU,54814.63414542244,104
C0268,2025-01-26,11131.315144048052,regular,app,KZ,36060.11248799635,147
C0074,2025-06-04,231453.05318391247,regular,manager,RU,65236.56695866103,25
C0278,2025-02-11,19370.00239302695,regular,app,RU,54814.63414542244,133
C0047,2025-02-13,4662.029607388993,regular,web,KZ,61568.2960255891,120
C0294,2025-01-19,14151.72083755717,regular,app,RU,60366.5026649566,161
C0136,2025-04-21,12042.085847806406,regular,app,RU,40609.90938605977,63
C0103,2025-06-25,8033.831826955614,regular,web,RU,41425.609103306146,2
C0396,2025-04-06,1632.3387460085353,regular,app,KZ,63332.172912899565,79
C0015,2025-06-07,12977.09436700805,regular,web,RU,59946.85642054766,19
C0059,2025-04-01,10920.299726922854,regular,app,RU,,84
C0364,2025-06-24,5387.779462699659,regular,app,RU,40488.69823107142,3
C0148,2025-04-05,10674.449451896427,regular,web,RU,84862.16854841373,79
C0264,2025-03-04,30701.704822856478,regular,app,RU,53382.85082631906,115
C0094,2025-05-11,13334.975623297723,regular,app,RU,276155.8197288189,34
C0379,2025-05-07,23468.182104575175,regular,app,AM,79812.48895604689,52
C0237,2025-05-21,20465.887613011302,regular,web,RU,76718.82517000394,15
C0375,2025-04-10,7140.538923419374,regular,app,RU,131572.8404314726,80
C0166,2025-05-17,13223.122659406929,regular,app,KZ,,39
C0337,2025-01-11,19434.452421241083,regular,app,RU,18875.011531273616,166
C0389,2025-01-28,27847.86855536287,regular,web,RU,66611.28251620958,151
C0356,2025-05-18,3738.0044297766713,regular,app,RU,127166.025780776,41
C0128,2025-03-24,10616.951968811793,regular,web,RU,,97
C0068,2025-01-13,15583.938609974784,regular,manager,RU,207386.4605822518,165
C0237,2025-01-03,1579.4140200641286,regular,app,RU,76718.82517000394,153
C0222,2025-01-29,10308.037625520627,regular,manager,RU,84664.75261477451,146
C0355,2025-03-20,4414.716562264459,regular,app,RU,114801.5160405255,92
C0140,2025-03-06,4301.605932505018,regular,manager,AM,,112
C0372,2025-01-25,6387.1391389205655,regular,app,BY,105901.06925376512,155
C0110,2025-06-24,18919.668187734565,new,manager,RU,110696.87833823301,0
C0236,2025-02-17,240787.461208073,opportunistic,manager,RU,67350.06996628096,117
C0085,2025-06-24,7031.194188741531,regular,app,RU,80116.70385635352,0
C0186,2025-02-12,33013.450314811016,opportunistic,manager,RU,,103
C0012,2025-04-20,3476.2054215535486,new,app,RU,75061.74014172595,54
C0348,2025-02-20,9024.931961553548,regular,app,RU,59681.71404088037,129
C0304,2025-03-03,11571.257415367598,regular,web,AM,52384.94132499481,116
C0086,2025-05-14,21357.053432762797,regular,app,RU,52897.26789986734,40
C0109,2025-04-19,13755.429998288619,regular,app,RU,55839.111146692514,68
C0136,2025-02-06,16887.287904182216,regular,app,RU,40609.90938605977,137
C0377,2025-04-20,2713.622803590945,new,manager,AM,99409.98397125145,59
C0345,2025-03-20,27765.332365004117,opportunistic,manager,RU,84651.45232171354,93
C0150,2025-03-20,14039.608170443564,regular,app,RU,93958.54905131078,101
C0103,2025-05-02,4489.06805705254,regular,app,RU,41425.609103306146,56
C0348,2025-02-13,-7487.254067143038,regular,web,RU,59681.71404088037,136
C0099,2025-04-13,4531.119893902499,regular,app,BY,64136.52177165041,77
C0398,2025-05-14,5904.692248509183,regular,manager,RU,108208.7305003528,40
C0194,2025-01-29,27330.55145852549,opportunistic,manager,RU,80813.54655267524,151
C0232,2025-05-16,12473.37565767694,regular,web,RU,75576.78867544084,44
C0303,2025-04-01,13456.48526216854,regular,web,RU,51412.557388166,72
C0396,2025-04-02,11332.939694222216,regular,app,KZ,63332.172912899565,83
C0399,2025-06-13,8328.722548492093,regular,app,RU,66589.02089418373,14
C0310,2025-01-15,7800.747034961249,regular,app,RU,43030.78274384195,165
C0026,2025-03-31,2854.187955704866,regular,web,KZ,18333.974251046504,77
C0207,2025-04-15,25385.3775566666,regular,app,BY,180180.49328698896,70
C0088,2025-03-27,14608.625113747461,regular,app,RU,73271.65445707022,89
C0252,2025-05-09,7865.073698296181,new,web,RU,,0
C0392,2025-03-19,3728.845599026417,regular,app,RU,82318.01174628778,92
C0312,2025-04-03,6034.975900773659,regular,manager,RU,38948.629151541485,82
C0088,2025-05-07,10973.553811543867,regular,manager,RU,,48
C0239,2025-02-13,10172.837446639503,regular,app,RU,85744.30607535798,132
C0152,2025-06-25,5624.616457557838,new,web,RU,124404.91440912963,2
C0205,2025-03-25,20636.69868754388,regular,app,AM,33782.36257951558,93
C0128,2025-05-17,6718.27054207484,regular,app,RU,63110.63911316603,43
C0310,2025-06-17,10251.415563075243,regular,app,RU,43030.78274384195,12
C0381,2025-04-24,1133541.262175136,opportunistic,app,RU,,58
C0162,2025-02-05,4029.6873746971846,new,app,RU,37998.622077448264,131
C0308,2025-04-27,73221.21181270352,opportunistic,web,RU,19178.06563577975,41
C0131,2025-06-23,7487.793874218324,regular,app,RU,,6
C0172,2025-01-10,9658.520152421495,regular,app,RU,37505.97494683757,165
C0083,2025-06-29,18741.649529552124,opportunistic,manager,RU,,0
C0094,2025-05-06,6946.4118648066005,regular,app,RU,276155.8197288189,39
C0234,2025-01-30,71868.08972028657,opportunistic,manager,RU,,138
C0010,2025-03-07,7014.795260758998,regular,web,RU,71398.54626114802,111
C0099,2025-01-31,4959.727362774805,regular,app,BY,64136.52177165041,149
C0235,2025-02-21,20472.421099817864,new,app,RU,51929.440784330545,93
C0188,2025-02-02,10298.73563622424,regular,app,RU,40342.7858121426,145
C0287,2025-02-02,4750.995247463802,regular,app,KZ,44683.913853316626,137
C0219,2025-04-24,3138.397286429959,new,app,RU,46623.57503810979,0
C0145,2025-06-29,10412.576536009736,regular,app,RU,54231.990145770134,0
C0268,2025-01-16,7101.447573447781,regular,app,KZ,36060.11248799635,157
C0230,2025-05-13,28616.04165692274,regular,app,RU,32681.058632895285,47
C0302,2025-02-21,16087.21367945015,regular,web,KZ,150859.75994505777,124
C0189,2025-03-15,23603.553294299592,opportunistic,manager,RU,73453.94322932605,104
C0315,2025-01-20,2745.7917399017338,regular,app,BY,122043.30752195237,152
C0047,2025-02-16,11792.374477842495,regular,app,KZ,61568.2960255891,117
C0366,2025-03-23,4377.483170406294,regular,app,RU,56128.80472027171,93
C0090,2025-06-08,7083.114011754017,regular,app,RU,,14
C0098,2025-06-27,10968.75713075064,regular,app,BY,91073.97819474443,0
C0335,2025-02-06,10230.781481123338,regular,web,RU,62761.78101883521,105
C0093,2025-05-29,9868.220719648352,regular,manager,RU,66402.26752134197,27
C0088,2025-02-16,1649.2211144395424,regular,web,RU,73271.65445707022,128
C0124,2025-01-06,23786.142302614044,regular,app,RU,85459.18010301342,156
C0005,2025-03-27,3150.0566824284115,regular,app,RU,18572.608441914028,93
C0352,2025-03-11,7580.260205095264,regular,app,RU,103141.23639450001,108
C0125,2025-03-31,9834.143924197278,regular,app,RU,28042.399336962837,76
C0315,2025-02-17,6522.681675326855,regular,web,BY,122043.30752195237,124
C0188,2025-02-04,11745.028505134333,regular,app,RU,40342.7858121426,143
C0074,2025-05-05,4819.345895329087,regular,web,RU,65236.56695866103,55
C0281,2025-01-21,7950.675517556331,regular,web,RU,27211.30833168933,155
C0038,2025-06-04,12176.013074941176,regular,app,AM,29310.61212769585,0
C0183,2025-05-19,10867.133525038538,regular,app,BY,89467.91572353024,40
C0106,2025-02-01,24611.007049590906,opportunistic,app,KZ,80950.43024024995,57
C0161,2025-06-18,12615.058976101609,regular,app,RU,74003.19392036954,11
C0389,2025-04-19,3582.098756571452,regular,web,RU,66611.28251620958,70
C0153,2025-03-10,6237.342407750253,regular,app,RU,17732.54325367211,111
C0205,2025-06-26,10418.05201259782,regular,web,AM,33782.36257951558,0
C0207,2025-02-28,14872.160335679973,regular,app,BY,180180.49328698896,116
C0060,2025-04-19,3919.040769828209,regular,app,AM,29369.97581505382,70
C0204,2025-06-22,3227.3501661735045,regular,web,RU,160510.37828520167,4
C0358,2025-04-25,39867.60311033857,opportunistic,app,RU,23791.66352877686,50
C0131,2025-06-04,7696.764431602647,regular,web,RU,95566.66157831959,25
C0203,2025-05-11,21245.022774696292,regular,app,RU,75319.67008401135,39
C0330,2025-03-17,119489.82614748205,regular,app,RU,33903.04091126527,102
C0017,2025-03-15,48732.56014701868,opportunistic,app,RU,,101
C0119,2025-05-15,3924.7429211359677,regular,app,RU,12958.52483784047,44
C0223,2025-01-20,40599.49018317325,opportunistic,web,RU,,160
C0373,2025-03-03,10763.490851848523,regular,web,RU,94070.00566845604,117
C0369,2025-06-07,6662.86391211993,regular,app,RU,176635.3330683661,17
C0086,2025-02-02,24414.53348843334,regular,app,RU,52897.26789986734,141
C0187,2025-02-16,7228.401320322734,regular,web,RU,76429.16908843287,116
C0028,2025-03-20,12900.837705943977,regular,manager,RU,99926.3451265315,73
C0196,2025-01-20,7649.174394166209,regular,app,RU,35031.704974799344,157
C0270,2025-01-30,19158.572598535422,regular,app,RU,78878.98685669352,130
C0126,2025-03-10,3683.4503831175894,regular,web,KZ,56188.76756509697,110
C0366,2025-04-13,26614.763895218974,regular,app,RU,56128.80472027171,72
C0218,2025-04-29,4554.648767845854,regular,app,AM,46855.648918213476,61
C0112,2025-02-23,8882.281033742487,regular,app,KZ,55018.014532175854,111
C0108,2025-02-10,31319.802040310795,regular,web,RU,84938.35767995643,134
C0061,2025-04-29,74658.75321198009,opportunistic,web,RU,119011.13380630473,52
C0204,2025-03-09,18558.669124354998,regular,web,RU,160510.37828520167,109
C0119,2025-02-15,21836.419845892367,regular,app,RU,12958.52483784047,133
C0161,2025-05-16,5674.109035123177,regular,web,RU,74003.19392036954,44
C0264,2025-03-31,34252.93822691559,regular,app,RU,53382.85082631906,88
C0382,2025-03-15,7676.57869307631,new,app,RU,48732.15814332951,105
C0138,2025-02-01,13389.243374017926,regular,app,RU,59561.26986369458,144
C0035,2025-05-13,9479.001631358587,regular,app,RU,69610.42796192828,47
C0015,2025-04-08,14024.28928146577,regular,app,RU,59946.85642054766,79
C0323,2025-03-04,4093.7957565000816,regular,app,RU,58580.38170655148,107
C0323,2025-04-08,5625.8353318799145,regular,app,RU,58580.38170655148,72
C0090,2025-02-03,19516.997141035295,regular,app,RU,54907.642961464815,139
C0244,2025-01-28,14382.576767287133,regular,app,RU,,146
C0284,2025-02-22,7836.818644805717,regular,app,RU,16145.402480594568,120
C0165,2025-02-01,72156.157051965,opportunistic,app,BY,,146
C0035,2025-01-24,5196.190139849516,regular,web,RU,,156
C0225,2025-01-11,3328.727514052105,regular,manager,RU,37463.80596379556,162
C0267,2025-05-15,3458.4080247365173,regular,web,BY,165601.26935907674,41
C0329,2025-04-22,22603.87848713643,opportunistic,manager,RU,58930.878904385274,35
C0001,2025-04-22,15902.33458532722,opportunistic,app,AM,84271.59478632447,38
C0025,2025-02-10,48422.21362787332,opportunistic,manager,RU,29284.04277341049,134
C0127,2025-03-03,10935.543029105536,regular,app,RU,69892.42897742578,118
C0396,2025-06-24,8342.064895267697,regular,app,KZ,63332.172912899565,0
C0209,2025-04-18,8218.068170246293,regular,app,RU,32709.208941189918,72
C0099,2025-03-06,40411.3281452612,regular,app,BY,64136.52177165041,115
C0134,2025-03-26,48626.77194197603,regular,app,RU,162091.34627439242,94
C0031,2025-01-20,52366.18352137838,opportunistic,app,RU,120459.5900263173,137
C0018,2025-01-01,22968.76582960981,regular,web,RU,53286.71637060531,165
C0111,2025-03-19,2391.2831813724474,regular,web,RU,24166.59661985463,101
C0276,2025-04-30,11407.10845642072,regular,app,RU,65535.05343619635,58
C0183,2025-04-07,12387.049803331767,regular,app,BY,89467.91572353024,82
C0243,2025-01-05,431326.6325348511,regular,manager,RU,37334.670245607726,172
C0009,2025-06-29,6806.49146665873,regular,app,KZ,97350.63118258487,0
C0202,2025-03-17,4145.85355269012,new,app,KZ,41747.51166870158,92
C0396,2025-05-11,5140.216513749306,regular,app,KZ,63332.172912899565,44
C0345,2025-01-23,64186.33619209796,opportunistic,manager,RU,,149
C0376,2025-01-15,9144.025660320622,regular,manager,RU,93850.10197362199,160
C0062,2025-05-07,3864.9378609671803,regular,app,RU,55142.80232839496,50
C0232,2025-01-08,21526.27895589481,regular,manager,RU,75576.78867544084,172
C0251,2025-01-02,62233.64491325036,opportunistic,web,RU,59607.81016099394,158
C0253,2025-01-26,11206.83163772925,regular,app,RU,91013.09064201491,143
C0125,2025-03-19,12488.075110070244,regular,web,RU,28042.399336962837,88
C0199,2025-01-29,4517.285101728023,regular,web,RU,98019.14203306024,148
C0089,2025-06-03,12652.86662135329,regular,app,BY,93017.61049185187,10
C0290,2025-01-04,2788.720637542197,regular,app,RU,80189.09743512764,172
C0317,2025-04-01,61160.19564924437,regular,app,RU,37535.87622140273,83
C0027,2025-06-09,9022.972922345269,regular,web,RU,45567.70668624445,2
C0265,2025-02-21,11032.347303451612,new,web,RU,182828.4859550718,0
C0124,2025-03-11,1706.756038779963,regular,web,RU,85459.18010301342,92
C0031,2025-05-25,27341.42207832351,opportunistic,manager,RU,,12
C0254,2025-04-17,15557.2417790582,regular,app,RU,88298.5580564642,60
C0253,2025-05-27,11827.288192520604,regular,web,RU,91013.09064201491,22
C0306,2025-04-21,13321.264630239399,regular,app,RU,57805.035774570744,62
C0254,2025-06-16,3121.9287402752793,regular,app,RU,88298.5580564642,0
C0268,2025-01-30,3765.488896170991,regular,web,KZ,36060.11248799635,143
C0107,2025-05-27,16383.552059517067,regular,web,RU,56532.060379392606,33
C0148,2025-02-11,5764.353625542113,regular,app,RU,84862.16854841373,132
C0298,2025-06-27,31717.264419535917,opportunistic,app,BY,,0
C0060,2025-03-06,4120.39145621328,regular,app,AM,29369.97581505382,114
C0113,2025-06-17,24751.37292874232,regular,app,RU,22138.056114061816,8
C0050,2025-03-06,4031.1079317128906,regular,app,AM,47441.35558338082,111
C0081,2025-05-18,6226.840024929126,opportunistic,web,RU,56316.60043091989,28
C0217,2025-03-28,5658.5672626590385,regular,app,RU,133378.46522269418,85
C0093,2025-01-03,5276.8872837792005,regular,web,RU,66402.26752134197,173
C0361,2025-03-20,4875.92078821358,new,app,RU,177846.65822318624,88
C0168,2025-03-29,27980.797212033875,opportunistic,web,RU,,73
C0059,2025-03-05,18169.747596021014,regular,app,RU,54801.21350948494,111
C0384,2025-05-08,6153.220162793276,regular,app,RU,166874.80517001377,49
C0303,2025-03-26,4293.462956578231,regular,manager,RU,51412.557388166,78
C0394,2025-05-17,28587.035853174573,opportunistic,manager,RU,32323.226443820487,43
C0091,2025-04-11,21002.318660006506,regular,web,RU,118790.6932272385,61
C0249,2025-01-07,76839.23263968769,regular,web,RU,55783.52272481387,173
C0111,2025-06-13,10192.417709220934,regular,app,RU,24166.59661985463,15
C0355,2025-03-22,19544.216839016233,regular,web,RU,114801.5160405255,90
C0153,2025-04-14,8624.48570002615,regular,app,RU,17732.54325367211,76
C0125,2025-05-03,8329.334744580947,regular,web,RU,28042.399336962837,43
C0177,2025-01-28,3836.0713456624985,regular,web,KZ,68058.85552278945,152
C0047,2025-03-30,25609.76243710545,regular,app,KZ,61568.2960255891,75
C0205,2025-05-29,5331.617156425278,regular,app,AM,33782.36257951558,28
C0324,2025-06-19,18408.760235272173,regular,app,RU,94477.46126382126,4
C0312,2025-03-11,18605.114549754104,regular,app,RU,38948.629151541485,105
C0047,2025-05-29,14956.408847645202,regular,app,KZ,61568.2960255891,15
C0138,2025-01-30,14561.54812643315,regular,web,RU,59561.26986369458,146
C0250,2025-04-06,19944.724838194234,regular,web,BY,,83
C0155,2025-03-13,3062.2669658899968,regular,app,RU,26171.924123075,91
C0230,2025-04-24,2354.53228296735,regular,app,RU,32681.058632895285,66
C0196,2025-05-15,6583.761319597695,regular,app,RU,35031.704974799344,42
C0302,2025-01-08,19644.871248822692,regular,app,KZ,150859.75994505777,168
C0071,2025-03-21,3094.5357904485827,regular,web,RU,119602.86638084592,98
C0170,2025-03-08,12505.44700650915,new,web,BY,55887.9588032585,88
C0322,2025-02-22,4262.634114138181,regular,web,RU,89967.3339755547,110
C0093,2025-06-25,41239.07805058213,regular,web,RU,66402.26752134197,0
C0391,2025-05-18,50652.81725961878,opportunistic,web,RU,36264.36096006157,29
C0300,2025-05-29,58785.981933031406,opportunistic,web,RU,,0
C0055,2025-06-13,85326.04149430212,opportunistic,app,RU,59630.09125590324,14
C0016,2025-02-01,9260.601502324882,regular,app,RU,73734.55681536577,143
C0188,2025-05-03,7956.876409286108,regular,app,RU,40342.7858121426,55
C0072,2025-05-18,12853.973280670758,regular,manager,RU,41559.708530966964,42
C0077,2025-04-10,17469.842173369045,regular,manager,RU,27604.60480859763,79
C0140,2025-01-06,16432.042804332566,regular,web,AM,51875.679615003515,171
C0394,2025-02-27,40538.86532672618,opportunistic,app,RU,32323.226443820487,122
C0134,2025-03-05,11106.680898384746,regular,app,RU,162091.34627439242,115
C0218,2025-01-16,8885.297285097507,regular,app,AM,46855.648918213476,164
C0196,2025-02-16,5580.9799514173465,regular,app,RU,35031.704974799344,130
C0220,2025-05-22,3617.6554793812684,regular,web,RU,89109.60304575077,37
C0216,2025-04-01,39339.10633829257,opportunistic,app,RU,48163.3487761787,70
C0379,2025-05-21,15340.890932712151,regular,app,AM,79812.48895604689,38
C0392,2025-06-03,17619.363901327382,regular,app,RU,82318.01174628778,16
C0097,2025-03-08,11641.787281744753,regular,web,AM,69587.21229131967,109
C0314,2025-06-15,10846.26186385042,regular,web,BY,59242.379815333625,7
C0332,2025-06-12,22075.872279025352,regular,app,KZ,96486.84621670823,16
C0022,2025-05-18,13658.98802928021,regular,web,BY,104426.15742678501,38
C0255,2025-06-14,34062.658311953106,regular,app,AM,29087.88109205289,15
C0221,2025-01-16,2462.2637991493693,regular,app,RU,100670.64887680218,161
C0290,2025-04-24,6032.525812132455,regular,app,RU,80189.09743512764,62
C0254,2025-04-18,13870.450927491685,regular,manager,RU,88298.5580564642,59
C0059,2025-06-18,28523.982130779223,regular,web,RU,54801.21350948494,6
C0271,2025-02-11,6008.868735969689,regular,web,RU,41028.573339414696,129
C0094,2025-06-14,5677.165755758323,regular,app,RU,276155.8197288189,0
C0131,2025-05-12,10540.253542531707,regular,app,RU,95566.66157831959,48
C0287,2025-03-01,9332.876786301169,regular,app,KZ,44683.913853316626,110
C0304,2025-03-29,16766.39460494641,regular,app,AM,52384.94132499481,90
C0037,2025-04-06,8611.190677366674,regular,web,KZ,47718.755959578484,42
C0131,2025-05-26,4797.795101065895,regular,app,RU,,34
C0310,2025-03-12,255247.39621891853,regular,manager,RU,43030.78274384195,109
C0144,2025-02-01,32181.854976578947,opportunistic,web,RU,156466.14065595446,144
C0095,2025-04-07,23167.432811949904,regular,web,RU,74809.02849203724,70
C0153,2025-03-17,21230.729769861417,regular,app,RU,17732.54325367211,104
C0311,2025-06-15,9670.60880413139,regular,app,RU,18468.17377658533,12
C0284,2025-05-12,15366.19764042858,regular,web,RU,16145.402480594568,41
C0111,2025-04-11,26596.5121723667,regular,app,RU,24166.59661985463,78
C0394,2025-04-12,78394.592817543,opportunistic,web,RU,,78
C0372,2025-04-12,4773.618988226739,regular,app,BY,105901.06925376512,78
C0140,2025-05-31,14584.29782416972,regular,web,AM,51875.679615003515,26
C0076,2025-04-10,11086.28753035148,regular,web,BY,41841.634218175095,64
C0341,2025-01-03,28938.302856148006,regular,web,RU,77297.95977305167,170
C0142,2025-06-16,5929.612934235057,regular,app,RU,71133.75089158732,5
C0199,2025-01-13,9714.252531720116,regular,app,RU,98019.14203306024,164
C0392,2025-03-20,2811.6016712332525,regular,manager,RU,82318.01174628778,91
C0354,2025-02-04,48606.38891568209,opportunistic,manager,RU,19225.682503241867,77
C0289,2025-01-15,32581.74968089132,regular,app,RU,104787.97930192667,154
C0126,2025-01-13,6818.603847003628,regular,web,KZ,56188.76756509697,166
C0160,2025-04-07,9868.46187160729,opportunistic,web,RU,60624.132614089176,56
C0027,2025-02-06,10741.673376745617,regular,app,RU,45567.70668624445,125
C0306,2025-03-09,7753.741967720776,regular,web,RU,57805.035774570744,105
C0126,2025-01-24,1280.8808441236981,regular,web,KZ,56188.76756509697,155
C0093,2025-04-21,8814.53078057505,regular,app,RU,66402.26752134197,65
C0306,2025-06-15,9528.557262019056,regular,app,RU,57805.035774570744,7
C0128,2025-06-29,4845.681937820709,regular,app,RU,63110.63911316603,0
C0375,2025-01-31,5259.0149544272135,regular,app,RU,131572.8404314726,149
C0001,2025-04-30,37358.745211852736,opportunistic,web,AM,,30
C0373,2025-02-28,9595.755868691362,regular,app,RU,94070.00566845604,120
C0200,2025-02-19,10119.32957452559,regular,manager,RU,,125
C0294,2025-04-14,11455.608712252691,regular,web,RU,60366.5026649566,76
C0292,2025-02-15,12581.667138508972,regular,app,RU,83374.99550448595,133
C0310,2025-03-10,16599.94514268922,regular,app,RU,43030.78274384195,111
C0303,2025-01-07,8518.239521526471,regular,app,RU,51412.557388166,156
C0341,2025-03-23,-20726.639803477407,regular,web,RU,77297.95977305167,91
C0193,2025-01-30,15901.677984421234,regular,web,RU,57590.64763962595,142
C0311,2025-05-03,5780.692902715355,regular,app,RU,18468.17377658533,55
C0008,2025-03-19,52291.00771195395,opportunistic,web,RU,,98
C0177,2025-02-28,18280.80914380683,regular,app,KZ,68058.85552278945,121
C0284,2025-03-07,10495.669293311816,regular,web,RU,16145.402480594568,107
C0376,2025-02-14,15176.814833915147,regular,app,RU,93850.10197362199,130
C0332,2025-04-04,6894.091639065845,regular,app,KZ,96486.84621670823,85
C0085,2025-05-25,23073.74741934683,regular,app,RU,80116.70385635352,30
C0200,2025-06-17,8895.035415953447,regular,manager,RU,,7
C0281,2025-06-12,6720.953594087216,regular,app,RU,27211.30833168933,13
C0356,2025-01-05,21032.94307950728,regular,manager,RU,,174
C0058,2025-06-05,103570.75961323422,opportunistic,app,RU,136812.12462467572,3
C0077,2025-04-29,8989.86318844013,regular,app,RU,27604.60480859763,60
C0229,2025-02-08,67464.24606113318,opportunistic,manager,RU,42462.24480802524,95
C0258,2025-05-11,15003.867195639408,regular,manager,BY,72735.01488396972,49
C0098,2025-01-02,47408.84266940289,regular,app,BY,91073.97819474443,176
C0391,2025-01-03,107869.1699739648,opportunistic,manager,RU,36264.36096006157,164
C0148,2025-06-01,3988.2093378102822,regular,web,RU,84862.16854841373,22
C0093,2025-02-06,13725.286143923118,regular,app,RU,66402.26752134197,139
C0304,2025-01-12,3572.573263554642,regular,app,AM,52384.94132499481,166
C0157,2025-05-17,6636.367459153785,regular,app,RU,75827.495673324,41
C0255,2025-06-04,4314.123881316844,regular,app,AM,29087.88109205289,25
C0272,2025-05-03,8293.354112252586,regular,app,RU,72952.79470233107,25
C0262,2025-05-18,53816.06270044636,opportunistic,manager,RU,25543.30732192371,26
C0211,2025-06-19,93643.03221906278,opportunistic,manager,BY,49695.833368652566,0
C0271,2025-04-04,7001.521567156528,regular,app,RU,41028.573339414696,77
C0080,2025-06-23,86192.16032700721,opportunistic,manager,AM,,3
C0068,2025-06-13,11163.68965728365,regular,web,RU,207386.4605822518,14
C0072,2025-04-04,4536.573375100356,regular,app,RU,41559.708530966964,86
C0240,2025-02-24,3245.1986108215183,regular,app,RU,49345.468111258146,124
C0241,2025-01-25,66495.15238422624,opportunistic,manager,AM,,147
C0085,2025-06-13,10045.85351972496,regular,app,RU,,11
C0314,2025-01-03,5468.194039747395,regular,web,BY,59242.379815333625,170
C0268,2025-05-04,16388.03194831599,regular,web,KZ,36060.11248799635,49
C0396,2025-04-30,10117.970891296545,regular,manager,KZ,63332.172912899565,55
C0184,2025-03-22,6593.453068181599,regular,manager,RU,73378.44254129767,94
C0271,2025-02-14,3341.153248715204,regular,app,RU,41028.573339414696,126
C0234,2025-01-15,62535.31242290258,opportunistic,manager,RU,,153
C0210,2025-05-20,7964.320655344924,regular,app,RU,52418.57889047791,40
C0103,2025-02-16,17524.590713118225,regular,app,RU,41425.609103306146,131
C0109,2025-04-20,167537.08493202404,regular,web,RU,,67
C0019,2025-03-02,31313.002854507096,opportunistic,manager,RU,,71
C0294,2025-06-23,7398.4687476258,regular,app,RU,60366.5026649566,6
C0258,2025-02-11,51022.32140961908,regular,app,BY,72735.01488396972,138
C0214,2025-05-01,10020.193144251889,opportunistic,manager,RU,24928.596248155605,38
C0375,2025-06-02,21505.77462020285,regular,web,RU,131572.8404314726,27
C0371,2025-05-15,12627.991106260832,opportunistic,manager,RU,39876.094229586975,4
C0036,2025-01-16,3330.6155369867292,regular,web,RU,41749.00830799161,157
C0035,2025-02-21,5810.341804337888,regular,app,RU,69610.42796192828,128
C0157,2025-06-27,6729.9149743770095,regular,app,RU,75827.495673324,0
C0348,2025-06-13,6384.623241212334,regular,web,RU,59681.71404088037,16
C0128,2025-04-12,3996.62238363421,regular,manager,RU,63110.63911316603,78
C0392,2025-04-19,14137.06451460977,regular,app,RU,82318.01174628778,61
C0061,2025-02-26,36386.284790180434,opportunistic,web,RU,,114
C0141,2025-02-26,20280.507113287375,regular,app,RU,147307.13899357288,116
C0200,2025-05-06,7305.239748996379,regular,app,RU,198493.78958835345,49
C0058,2025-06-08,25512.03174840224,opportunistic,web,RU,,0
C0376,2025-03-01,7005.311434745711,regular,app,RU,93850.10197362199,115
C0191,2025-04-30,12475.597063587167,new,web,BY,137985.2887238867,56
C0033,2025-04-04,7000.074694560368,regular,app,RU,63702.184586940755,84
C0276,2025-05-21,21646.03008499387,regular,manager,RU,65535.05343619635,37
C0232,2025-06-04,16875.961006733247,regular,app,RU,75576.78867544084,25
C0307,2025-05-01,11980.708130255207,regular,app,KZ,,56
C0057,2025-05-05,14910.78957717465,regular,app,BY,80745.46024762576,34
C0343,2025-02-23,21369.70196489574,opportunistic,manager,RU,35344.9744058295,105
C0379,2025-06-01,27127.523251217164,regular,app,AM,79812.48895604689,27
C0166,2025-01-26,5543.913889890202,regular,app,KZ,89867.6573767307,150
C0092,2025-06-26,46939.12886849451,opportunistic,manager,RU,35310.4409081031,3
C0041,2025-01-19,3361.897328005286,regular,app,RU,102947.22534981728,161
C0349,2025-05-09,11474.435845581775,opportunistic,web,RU,77109.29033857904,0
C0354,2025-04-22,8943.780517256417,opportunistic,web,RU,19225.682503241867,0
C0091,2025-06-10,1817.4241944190742,regular,app,RU,118790.6932272385,1
C0329,2025-05-27,19666.056066145095,opportunistic,web,RU,,0
C0352,2025-04-29,10506.36796750238,regular,web,RU,103141.23639450001,59
C0035,2025-03-05,4318.7476761693215,regular,app,RU,69610.42796192828,116
C0125,2025-06-06,9949.083869537772,regular,app,RU,28042.399336962837,9
C0355,2025-01-23,10457.264119220266,regular,web,RU,114801.5160405255,148
C0213,2025-01-09,11452.795646353616,regular,app,RU,75577.42042288934,157
C0368,2025-01-24,7806.749613426367,opportunistic,manager,RU,,108
C0015,2025-05-11,9675.614372479477,regular,app,RU,59946.85642054766,46
C0283,2025-02-01,10968.621899324855,regular,app,AM,49637.64105345447,142
C0041,2025-05-30,16785.161516230386,regular,app,RU,102947.22534981728,30
C0077,2025-03-23,20955.203842077848,regular,web,RU,27604.60480859763,97
C0108,2025-02-28,12792.203496383538,regular,app,RU,84938.35767995643,116
C0332,2025-03-26,4064.55441302358,regular,manager,KZ,96486.84621670823,94
C0153,2025-01-17,16348.64509854223,regular,manager,RU,,163
C0088,2025-04-02,25836.86410934788,regular,web,RU,73271.65445707022,83
C0018,2025-03-30,16724.331444669617,regular,web,RU,53286.71637060531,77
C0093,2025-06-17,3922.58545939702,regular,app,RU,66402.26752134197,8
C0095,2025-01-28,26002.26582931733,regular,app,RU,74809.02849203724,139
C0297,2025-03-26,7775.04825449623,new,app,RU,131721.9782148662,31
C0127,2025-04-24,9902.49076065738,regular,app,RU,,66
C0039,2025-05-09,17206.67871178606,regular,app,RU,40600.123215367676,48
C0199,2025-06-09,27689.554783561707,regular,web,RU,98019.14203306024,17
C0193,2025-05-11,9660.259597846749,regular,app,RU,57590.64763962595,41
C0232,2025-06-29,27690.611467237133,regular,web,RU,75576.78867544084,0
C0170,2025-04-20,4261.403785611335,new,web,BY,,45
C0324,2025-01-18,10890.238897791904,regular,app,RU,94477.46126382126,156
C0255,2025-01-30,3966.267425528892,regular,manager,AM,29087.88109205289,150
C0084,2025-04-06,22140.341505172753,regular,app,RU,38981.78972789811,55
C0057,2025-02-22,6124.9622431047355,regular,app,BY,80745.46024762576,106
C0261,2025-05-18,3044.0302150514303,regular,app,RU,92817.5689867,42
C0089,2025-01-02,2634.119720034305,regular,app,BY,93017.61049185187,162
C0349,2025-02-18,-21449.007948150724,opportunistic,manager,RU,77109.29033857904,80
C0366,2025-01-03,17030.67769611962,regular,app,RU,56128.80472027171,172
C0269,2025-02-13,4332.569403824203,regular,web,BY,91399.24908804016,127
C0205,2025-05-18,14174.79906021732,regular,manager,AM,33782.36257951558,39
C0066,2025-05-24,50274.53464132399,opportunistic,manager,RU,80163.75361248822,20
C0131,2025-02-21,3861.6586916443343,regular,web,RU,95566.66157831959,128
C0352,2025-04-27,6008.416760191674,regular,app,RU,103141.23639450001,61
C0030,2025-04-27,36540.66194641858,opportunistic,web,AM,73775.68944954776,59
C0375,2025-01-02,10324.292019683582,regular,web,RU,131572.8404314726,178
C0304,2025-04-28,9300.392052325666,regular,web,AM,52384.94132499481,60
C0064,2025-02-23,9925.521911517488,opportunistic,manager,RU,81703.93243020093,122
C0037,2025-01-21,10401.406338024519,regular,app,KZ,,117
C0394,2025-06-10,27993.964738363713,opportunistic,manager,RU,,19
C0006,2025-02-01,11236.511048451308,new,app,RU,68179.17681824998,129
C0202,2025-05-12,10822.938175594338,new,app,KZ,,36
C0225,2025-06-22,26597.787399841254,regular,app,RU,37463.80596379556,0
C0175,2025-04-18,11223.411702866664,regular,app,RU,63648.166022056794,72
C0360,2025-05-22,102372.67013041412,opportunistic,app,RU,,24
C0307,2025-01-17,31961.32209587886,regular,app,KZ,111706.42563456245,160
C0136,2025-05-21,6398.709772838574,regular,manager,RU,40609.90938605977,33
C0005,2025-06-05,7529.061499611056,regular,app,RU,18572.608441914028,23
C0171,2025-04-21,43184.755025779945,regular,app,RU,43719.95140581391,64
C0109,2025-04-22,19282.590403755887,regular,app,RU,55839.111146692514,65
C0157,2025-04-11,6554.18159077405,regular,app,RU,75827.495673324,77
C0150,2025-04-26,8416.038459237425,regular,manager,RU,93958.54905131078,64
C0218,2025-01-04,5826.935150384342,regular,app,AM,46855.648918213476,176
C0071,2025-04-12,19768.329558625734,regular,web,RU,119602.86638084592,76
C0304,2025-02-24,7765.9610491066205,regular,web,AM,52384.94132499481,123
C0258,2025-02-25,15624.42200587396,regular,app,BY,72735.01488396972,124
C0255,2025-01-29,23136.979242587073,regular,manager,AM,29087.88109205289,151
C0330,2025-02-10,11439.64163621804,regular,app,RU,33903.04091126527,137
C0193,2025-04-12,10013.373466919627,regular,app,RU,57590.64763962595,70
C0157,2025-05-15,5018.901674786371,regular,manager,RU,75827.495673324,43
C0061,2025-05-06,27641.81741721376,opportunistic,app,RU,119011.13380630473,45
C0399,2025-01-10,6953.37742991386,regular,web,RU,66589.02089418373,168
C0078,2025-02-01,32776.44867361053,opportunistic,manager,RU,,75
C0089,2025-01-05,3924.1307921410375,regular,app,BY,93017.61049185187,159
C0355,2025-04-05,13260.02868338961,regular,app,RU,114801.5160405255,76
C0277,2025-01-31,15474.838371109736,regular,app,RU,40282.29405287731,142
C0044,2025-04-04,10136.767111433857,regular,web,RU,,86
C0119,2025-05-30,9067.309804478602,regular,web,RU,12958.52483784047,29
C0176,2025-05-24,18807.66201278688,regular,app,RU,79527.83146299052,29
C0387,2025-01-05,42851.49723128796,opportunistic,manager,KZ,76142.91997429843,120
C0232,2025-06-16,11222.156390595535,regular,app,RU,75576.78867544084,13
C0356,2025-05-13,28054.17110722081,regular,app,RU,127166.025780776,46
C0141,2025-03-19,13890.468096423556,regular,app,RU,,95
C0132,2025-04-01,2801.915371251194,new,app,KZ,45315.08438948706,40
C0059,2025-04-27,21500.754456842864,regular,app,RU,54801.21350948494,58
C0141,2025-05-20,35507.15275952784,regular,manager,RU,147307.13899357288,33
C0273,2025-06-24,7663.50718302316,regular,web,RU,128912.01034395119,0
C0147,2025-03-11,2301.945679181976,regular,app,RU,51703.96166882332,101
C0283,2025-02-18,14456.865082716618,regular,web,AM,49637.64105345447,125
C0398,2025-03-28,6258.110899332313,regular,app,RU,108208.7305003528,87
C0159,2025-06-13,24449.342134548595,opportunistic,manager,RU,57563.40627579265,12
C0261,2025-06-12,29324.366855063996,regular,app,RU,92817.5689867,17
C0225,2025-04-01,8558.066994157094,regular,app,RU,37463.80596379556,82
C0206,2025-04-06,11881.511029240568,regular,web,RU,75884.66245476011,83
C0315,2025-06-14,10971.466459258778,regular,app,BY,122043.30752195237,7
C0016,2025-03-07,5471.34162492445,regular,web,RU,73734.55681536577,109
C0039,2025-04-11,12408.76405481089,regular,app,RU,40600.123215367676,76
C0239,2025-06-25,6375.952567368172,regular,app,RU,85744.30607535798,0
C0026,2025-05-02,4279.914011812851,regular,app,KZ,18333.974251046504,45
C0203,2025-06-03,12111.821863449803,regular,app,RU,75319.67008401135,16
C0123,2025-06-04,16114.246737335085,regular,app,AM,48641.64046189509,25
C0230,2025-02-03,7580.816631232062,regular,app,RU,32681.058632895285,146
C0273,2025-04-17,25002.95674373632,regular,app,RU,128912.01034395119,68
C0276,2025-01-19,2431.942633604274,regular,manager,RU,65535.05343619635,159
C0357,2025-04-13,17291.48592708902,opportunistic,manager,RU,37746.851199622164,74
C0034,2025-04-30,16397.067075508825,regular,app,BY,139312.1307018514,60
C0230,2025-05-24,10152.916101318837,regular,app,RU,32681.058632895285,36
C0310,2025-06-29,13695.631678379286,regular,app,RU,43030.78274384195,0
C0059,2025-02-17,18378.401398982038,regular,app,RU,54801.21350948494,127
C0085,2025-02-27,4977.183192857998,regular,app,RU,80116.70385635352,117
C0166,2025-03-26,10392.364148357545,regular,app,KZ,89867.6573767307,91
C0037,2025-02-18,15402.163868127396,regular,app,KZ,47718.755959578484,89
C0002,2025-04-25,12766.613286018526,regular,web,RU,88283.04157880397,54
C0269,2025-04-03,9061.919072310386,regular,app,BY,91399.24908804016,78
C0294,2025-02-05,11725.145704851047,regular,app,RU,60366.5026649566,144
C0384,2025-05-28,3562.3149787691514,regular,app,RU,166874.80517001377,29
C0359,2025-04-28,29311.653383312412,regular,app,RU,69875.41513535524,62
C0266,2025-02-23,4663.494470523904,regular,web,AM,60126.4423558778,119
C0187,2025-03-28,20010.003726677187,regular,app,RU,76429.16908843287,76
C0232,2025-04-22,13066.377183062672,regular,app,RU,75576.78867544084,68
C0390,2025-02-18,9298.517930210906,new,web,RU,73979.1445673503,15
C0259,2025-02-10,4109.124978792726,regular,web,KZ,54966.058792712574,137
C0091,2025-04-23,23474.962875005593,regular,app,RU,118790.6932272385,49
C0094,2025-01-30,6777.554460435233,regular,web,RU,276155.8197288189,135
C0068,2025-02-21,21860.485195012927,regular,app,RU,207386.4605822518,126
C0337,2025-02-03,12166.263765347434,regular,manager,RU,18875.011531273616,143
C0344,2025-01-07,183427.7437104091,opportunistic,manager,RU,35748.20255231404,123
C0097,2025-04-02,6194.270003704095,regular,app,AM,69587.21229131967,84
C0158,2025-06-20,13568.633796274815,opportunistic,app,AM,,0
C0313,2025-05-24,12713.467345105826,regular,app,RU,40001.1761448378,33
C0085,2025-06-18,8961.351225356231,regular,app,RU,80116.70385635352,6
C0225,2025-05-22,13127.51959357654,regular,app,RU,37463.80596379556,31
C0287,2025-02-08,13775.372065829279,regular,app,KZ,44683.913853316626,131
C0039,2025-05-30,11453.546595025668,regular,manager,RU,40600.123215367676,27
C0153,2025-01-16,8480.872090117422,regular,app,RU,17732.54325367211,164
C0199,2025-06-26,3757.6564626434797,regular,manager,RU,98019.14203306024,0
C0028,2025-01-30,8630.557381001,regular,app,RU,99926.3451265315,122
C0083,2025-01-02,34763.99416265529,opportunistic,web,RU,121576.18149311296,178
C0284,2025-04-02,13398.197298676247,regular,web,RU,16145.402480594568,81
C0260,2025-04-21,40765.13342176734,opportunistic,manager,RU,61199.74073136644,25
C0079,2025-04-30,29210.926081810005,opportunistic,app,RU,35790.53449527416,56
C0173,2025-03-28,15360.826134835977,regular,manager,RU,,89
C0268,2025-05-06,7650.450445247316,regular,web,KZ,36060.11248799635,47
C0018,2025-01-15,9990.23174330035,regular,app,RU,53286.71637060531,151
C0389,2025-01-16,3465.208031302285,regular,manager,RU,66611.28251620958,163
C0220,2025-06-09,7926.484543826914,regular,app,RU,89109.60304575077,19
C0336,2025-06-24,81670.92793369587,opportunistic,manager,AM,123057.91430420888,0
C0202,2025-01-01,14598.112890167231,new,app,KZ,41747.51166870158,167
C0273,2025-05-26,3253.0390456224372,regular,app,RU,128912.01034395119,29
C0128,2025-04-29,14496.915995784417,regular,app,RU,63110.63911316603,61
C0035,2025-06-15,2857.035617195696,regular,app,RU,69610.42796192828,14
C0314,2025-03-08,9056.820313648586,regular,web,BY,59242.379815333625,106
C0330,2025-05-09,11814.305539798737,regular,app,RU,33903.04091126527,49
C0087,2025-06-14,58735.09689919439,opportunistic,manager,RU,56590.69713318657,0
C0147,2025-04-30,10996.509083929555,regular,app,RU,51703.96166882332,51
C0107,2025-05-21,4861.50498506461,regular,app,RU,56532.060379392606,39
C0224,2025-03-23,9127.705712259443,new,app,RU,88957.93904095016,21
C0287,2025-05-13,6595.699556100136,regular,app,KZ,44683.913853316626,37
C0286,2025-02-18,2576.3749686921014,regular,app,RU,76864.80399866072,129
C0230,2025-05-22,27112.318786992055,regular,app,RU,,38
C0023,2025-04-09,17608.733619537383,new,app,RU,22110.696963924252,47
C0269,2025-01-29,9785.052407435582,regular,web,BY,91399.24908804016,142
C0358,2025-05-11,75025.88101904513,opportunistic,manager,RU,23791.66352877686,34
C0373,2025-03-07,7964.9479695118625,regular,app,RU,94070.00566845604,113
C0030,2025-02-08,97347.51145586892,opportunistic,manager,AM,73775.68944954776,137
C0356,2025-05-23,8775.819180492035,regular,app,RU,127166.025780776,36
C0141,2025-06-22,7439.343953692998,regular,app,RU,147307.13899357288,0
C0378,2025-02-05,7249.105183314656,regular,app,BY,93929.37563679303,143
C0183,2025-04-18,20746.44799600096,regular,web,BY,89467.91572353024,71
C0034,2025-06-22,8467.786987727484,regular,app,BY,139312.1307018514,7
C0287,2025-06-19,4723.926609416097,regular,web,KZ,44683.913853316626,0
C0315,2025-03-03,46639.35935311235,regular,manager,BY,122043.30752195237,110
C0268,2025-03-23,7810.499735617716,regular,app,KZ,,91
C0350,2025-03-14,28376.871086129227,regular,manager,AM,72183.40831187136,104
C0031,2025-03-03,37009.7822944805,opportunistic,manager,RU,120459.5900263173,95
C0123,2025-03-25,8797.643681031786,regular,app,AM,48641.64046189509,96
C0225,2025-01-30,10379.093044011326,regular,web,RU,37463.80596379556,143
C0171,2025-03-21,5044.6952762525425,regular,app,RU,43719.95140581391,95
C0362,2025-02-26,10733.373279580645,regular,app,RU,87900.75427160058,114
C0139,2025-05-02,50600.35177681965,opportunistic,web,BY,143214.9268186321,50
C0231,2025-03-08,9592.106709139613,regular,app,RU,97988.07583193238,113
C0192,2025-01-23,82247.27747573475,regular,web,RU,131448.77247629315,150
C0126,2025-04-24,8276.947431422072,regular,app,KZ,56188.76756509697,65
C0379,2025-04-27,4127.399353492824,regular,app,AM,79812.48895604689,62
C0131,2025-04-10,11100.7715668274,regular,app,RU,95566.66157831959,80
C0095,2025-06-14,5588.316255748224,regular,app,RU,74809.02849203724,2
C0213,2025-01-02,15410.876256576264,regular,app,RU,75577.42042288934,164
C0396,2025-01-22,9132.41940414774,regular,app,KZ,63332.172912899565,153
C0309,2025-02-20,5374.564676619049,regular,web,RU,41995.26799765813,114
C0006,2025-02-03,6954.915145363831,new,app,RU,,127
C0207,2025-03-23,49584.920851535535,regular,web,BY,180180.49328698896,93
C0124,2025-03-20,8488.690505925653,regular,app,RU,85459.18010301342,83
C0148,2025-06-06,6851.385938685522,regular,app,RU,84862.16854841373,17
C0091,2025-02-14,7426.752064126754,regular,web,RU,,117
C0085,2025-06-17,11125.636304505104,regular,app,RU,80116.70385635352,7
C0208,2025-02-28,33258.165069831164,opportunistic,app,RU,,100
C0014,2025-04-04,15705.25508915853,opportunistic,app,RU,44910.626020112715,57
C0273,2025-05-17,17290.24495908315,regular,app,RU,128912.01034395119,38
C0192,2025-04-19,6699.626852771671,regular,web,RU,131448.77247629315,64
C0181,2025-05-09,11021.00085882405,new,web,RU,,37
C0259,2025-01-09,8738.4349379163,regular,manager,KZ,54966.058792712574,169
C0330,2025-01-21,5349.323108961404,regular,app,RU,33903.04091126527,157
C0128,2025-06-13,7620.012094309195,regular,web,RU,63110.63911316603,16
C0095,2025-04-29,23694.940946370356,regular,app,RU,74809.02849203724,48
C0369,2025-03-19,15251.157145309247,regular,app,RU,176635.3330683661,97
C0074,2025-04-07,4360.042177381379,regular,web,RU,,83
C0243,2025-02-28,15732.369140129651,regular,app,RU,37334.670245607726,118
C0392,2025-02-24,3524.897549812622,regular,app,RU,82318.01174628778,115
C0302,2025-06-25,20426.931228584705,regular,app,KZ,150859.75994505777,0
C0375,2025-03-27,6511.929671049081,regular,web,RU,131572.8404314726,94
C0208,2025-01-30,36756.17329626511,opportunistic,web,RU,26676.344249311056,129
C0207,2025-03-11,10205.382440561883,regular,app,BY,180180.49328698896,105
C0264,2025-06-13,7445.1190318842055,regular,manager,RU,53382.85082631906,14
C0400,2025-02-01,24209.79307662153,regular,app,RU,75874.27858611445,139
C0315,2025-01-15,12960.528185737447,regular,app,BY,122043.30752195237,157
C0265,2025-01-12,6748.074307191564,new,app,RU,182828.4859550718,40
C0098,2025-06-18,14031.511303736414,regular,web,BY,91073.97819474443,9
C0163,2025-06-07,5802.570753717366,regular,app,RU,97613.13102034428,22
C0027,2025-03-17,4275.336157865898,regular,web,RU,45567.70668624445,86
C0016,2025-03-14,15902.62373641883,regular,app,RU,,102
C0212,2025-04-16,55001.19126070485,opportunistic,manager,RU,,67
C0053,2025-06-21,48038.04821604198,opportunistic,app,RU,46172.709442249135,0
C0053,2025-05-16,50313.89000879593,opportunistic,app,RU,46172.709442249135,36
C0070,2025-06-09,5292.307325194146,regular,app,RU,,19
C0310,2025-03-25,31617.017622681095,regular,app,RU,43030.78274384195,96
C0205,2025-02-05,17530.78471056244,regular,app,AM,33782.36257951558,141
C0359,2025-04-04,3270.3245196411694,regular,app,RU,69875.41513535524,86
C0095,2025-04-08,15935.652324233162,regular,app,RU,74809.02849203724,69
C0060,2025-05-04,25658.523901288314,regular,web,AM,29369.97581505382,55
C0050,2025-02-05,5705.001992603067,regular,app,AM,47441.35558338082,140
C0277,2025-01-17,5414.466229412552,regular,web,RU,40282.29405287731,156
C0095,2025-05-18,7130.768835636761,regular,web,RU,74809.02849203724,29
C0035,2025-01-28,29520.215334694833,regular,app,RU,69610.42796192828,152
C0146,2025-01-02,10592.455951138469,regular,web,RU,39433.96766078368,177
C0207,2025-04-18,7131.224385864162,regular,app,BY,180180.49328698896,67
C0356,2025-01-19,14135.856272201874,regular,web,RU,127166.025780776,160
C0263,2025-01-23,18259.431904521283,regular,app,RU,72432.82695809603,155
C0015,2025-06-04,2188.1120989613537,regular,app,RU,59946.85642054766,22
C0161,2025-06-08,4748.18439263661,regular,web,RU,74003.19392036954,21
C0165,2025-06-18,62464.35089250232,opportunistic,web,BY,81778.59926716395,9
C0315,2025-04-25,10459.040375130908,regular,app,BY,122043.30752195237,57
C0022,2025-03-25,32133.954084878085,regular,app,BY,104426.15742678501,92
C0221,2025-06-07,24956.23375534169,regular,web,RU,100670.64887680218,19
C0306,2025-05-29,5422.9359228739395,regular,app,RU,57805.035774570744,24
C0206,2025-01-20,6786.147045632594,regular,app,RU,,159
C0074,2025-03-15,7765.876623926722,regular,web,RU,65236.56695866103,106
C0248,2025-03-26,22003.58059276678,regular,web,RU,22805.090958222576,80
C0126,2025-05-24,6798.625912928977,regular,web,KZ,56188.76756509697,35
C0290,2025-06-24,4952.6397715889725,regular,app,RU,80189.09743512764,1
C0273,2025-06-13,3779.114859550781,regular,app,RU,128912.01034395119,11
C0153,2025-06-22,11212.845527973936,regular,web,RU,17732.54325367211,7
C0164,2025-01-17,3449.950013103478,regular,web,RU,95269.62263734348,161
C0399,2025-01-15,15682.01762204063,regular,web,RU,66589.02089418373,163
C0177,2025-06-05,27517.28117171293,regular,manager,KZ,68058.85552278945,24
C0205,2025-06-07,15147.520659704223,regular,app,AM,33782.36257951558,19
C0089,2025-05-23,4564.021370374472,regular,app,BY,93017.61049185187,21
C0047,2025-01-28,6549.101004003732,regular,app,KZ,61568.2960255891,136
C0282,2025-05-14,10365.601745919019,regular,web,KZ,86261.33612057511,38
C0175,2025-06-22,19886.013293322878,regular,app,RU,63648.166022056794,7
C0221,2025-05-16,446534.03457710485,regular,web,RU,100670.64887680218,41
C0348,2025-03-12,23603.66774673175,regular,web,RU,,109
C0148,2025-02-19,8165.906318978802,regular,manager,RU,,124
C0133,2025-01-10,34056.19975698641,opportunistic,app,AM,,135
C0248,2025-02-12,8220.262934704368,regular,app,RU,22805.090958222576,122
C0285,2025-03-31,121399.15009897812,opportunistic,app,RU,101891.5427450977,90
C0143,2025-03-21,1569.158669008847,new,app,RU,76269.30576838924,0
C0317,2025-04-12,13338.938438509456,regular,manager,RU,37535.87622140273,72
C0232,2025-05-18,1321.6440289434006,regular,app,RU,75576.78867544084,42
C0115,2025-03-11,7401.7617401565885,regular,app,RU,140101.75043049947,100
C0146,2025-06-13,10295.79052117842,regular,web,RU,39433.96766078368,15
C0134,2025-03-18,13963.80263863472,regular,web,RU,162091.34627439242,102
C0364,2025-06-01,8016.331658708851,regular,app,RU,40488.69823107142,26
C0282,2025-03-02,4973.847041013223,regular,app,KZ,86261.33612057511,111
C0155,2025-02-17,4874.583235014877,regular,app,RU,26171.924123075,115
C0025,2025-02-23,54988.02584427054,opportunistic,web,RU,,121
C0323,2025-04-18,7488.309660292983,regular,web,RU,,62
C0199,2025-01-21,11973.721906256436,regular,web,RU,98019.14203306024,156
C0088,2025-06-20,9427.644374729198,regular,app,RU,73271.65445707022,4
C0089,2025-06-13,5656.718975914798,regular,app,BY,93017.61049185187,0
C0028,2025-03-09,2485.97975022857,regular,app,RU,99926.3451265315,84
C0261,2025-02-22,3878.0522361300905,regular,app,RU,92817.5689867,127
C0039,2025-06-26,9623.213788583424,regular,app,RU,,0
C0378,2025-04-15,8271.410019622304,regular,app,BY,93929.37563679303,74
C0153,2025-06-28,4808.1585508598955,regular,app,RU,17732.54325367211,1
C0239,2025-03-21,10901.638528679021,regular,app,RU,85744.30607535798,96
C0319,2025-05-18,5973.9871198510555,regular,manager,BY,,24
C0294,2025-02-18,33986.33491560253,regular,app,RU,60366.5026649566,131
C0035,2025-02-18,6283.347588115704,regular,manager,RU,69610.42796192828,131
C0295,2025-03-15,18488.364890320965,opportunistic,app,RU,103696.81985419338,50
C0268,2025-03-16,4275.907126700346,regular,app,KZ,36060.11248799635,98
C0034,2025-03-30,7796.049378157409,regular,app,BY,139312.1307018514,91
C0107,2025-04-25,9729.16862353532,regular,web,RU,56532.060379392606,65
C0103,2025-01-25,7771.704371639135,regular,web,RU,41425.609103306146,153
C0131,2025-04-18,3886.6884238562857,regular,app,RU,95566.66157831959,72
C0324,2025-01-13,38403.09981557806,regular,app,RU,94477.46126382126,161
C0161,2025-03-25,4359.41912173293,regular,app,RU,74003.19392036954,96
C0384,2025-01-13,5870.177692819818,regular,web,RU,166874.80517001377,164
C0091,2025-04-27,100820.25774048804,regular,app,RU,,45
C0166,2025-01-20,5979.5343678643485,regular,manager,KZ,89867.6573767307,156
C0072,2025-03-05,3937.695764788027,regular,app,RU,41559.708530966964,116
C0225,2025-04-20,9133.99275893844,regular,web,RU,37463.80596379556,63
C0054,2025-02-23,22451.82389601818,opportunistic,manager,RU,,107
C0283,2025-02-14,10738.95379828484,regular,app,AM,49637.64105345447,129
C0190,2025-01-28,29433.446266881998,regular,manager,RU,29728.08893128601,146
C0147,2025-02-21,7744.670952938151,regular,app,RU,51703.96166882332,119
C0263,2025-04-07,5037.3906197222495,regular,app,RU,72432.82695809603,81
C0334,2025-04-08,11345.434070474248,new,app,AM,37712.46084036547,0
C0141,2025-01-14,14135.982197977117,regular,app,RU,147307.13899357288,159
C0394,2025-02-10,68758.76057495583,opportunistic,manager,RU,32323.226443820487,139
C0349,2025-02-25,14787.05755830284,opportunistic,web,RU,77109.29033857904,73
C0355,2025-01-29,14569.936236422083,regular,web,RU,114801.5160405255,142
C0107,2025-03-15,1809.641844374051,regular,web,RU,56532.060379392606,106
C0282,2025-06-19,18487.021726453982,regular,app,KZ,86261.33612057511,2
C0355,2025-05-24,22584.348640974356,regular,manager,RU,114801.5160405255,27
C0140,2025-04-09,3781.4174978543188,regular,app,AM,51875.679615003515,78
C0199,2025-02-22,26871.766723183693,regular,app,RU,98019.14203306024,124
C0050,2025-03-28,7024.107599180774,regular,app,AM,47441.35558338082,89
C0187,2025-03-22,17185.04961816689,regular,app,RU,76429.16908843287,82
C0389,2025-03-28,12429.804919151755,regular,app,RU,66611.28251620958,92
C0166,2025-04-02,18257.297285395853,regular,app,KZ,89867.6573767307,84
C0057,2025-05-24,6923.51933033718,regular,web,BY,80745.46024762576,15
C0128,2025-06-09,15830.524835537151,regular,app,RU,63110.63911316603,20
C0294,2025-03-17,9294.898810627745,regular,web,RU,60366.5026649566,104
C0034,2025-02-14,20667.101229445092,regular,app,BY,139312.1307018514,135
C0320,2025-03-06,2181.8615157062145,new,app,RU,,106
C0203,2025-03-19,3773.450281718175,regular,manager,RU,75319.67008401135,92
C0167,2025-04-29,31465.124483015607,opportunistic,manager,RU,77888.21217479996,46
C0192,2025-01-31,21291.92131943068,regular,app,RU,131448.77247629315,142
C0028,2025-01-01,6575.983757356474,regular,app,RU,99926.3451265315,151
C0384,2025-04-14,8657.469456435274,regular,web,RU,166874.80517001377,73
C0047,2025-02-07,38612.586072320344,regular,web,KZ,61568.2960255891,126
C0369,2025-06-19,2087.1643522815457,regular,app,RU,176635.3330683661,5
C0115,2025-03-03,14943.011494234815,regular,app,RU,140101.75043049947,108
C0337,2025-02-19,5295.841641869651,regular,web,RU,18875.011531273616,127
C0099,2025-01-19,12290.457795343433,regular,app,BY,64136.52177165041,161
C0267,2025-03-30,13926.948724029642,regular,web,BY,165601.26935907674,87
C0033,2025-04-23,41909.147810431234,regular,app,RU,63702.184586940755,65
C0131,2025-03-19,10438.257927053242,regular,app,RU,95566.66157831959,102
C0223,2025-06-26,31121.37896721669,opportunistic,app,RU,26184.462394076887,3
C0359,2025-02-11,25317.09649948891,regular,app,RU,69875.41513535524,138
C0190,2025-06-10,14061.993371504725,regular,app,RU,29728.08893128601,13
C0074,2025-01-08,12907.159241918016,regular,app,RU,65236.56695866103,172
C0284,2025-01-31,492448.8332243298,regular,app,RU,16145.402480594568,142
C0044,2025-06-05,22330.843161954654,regular,app,RU,82129.71014803136,24
C0098,2025-05-03,27437.945199653896,regular,app,BY,91073.97819474443,55
C0093,2025-02-10,4705.677436321525,regular,app,RU,66402.26752134197,135
C0111,2025-01-25,17517.737879029424,regular,app,RU,24166.59661985463,154
C0209,2025-02-10,3603.8463565074862,regular,app,RU,32709.208941189918,139
C0384,2025-04-02,25935.871069979876,regular,app,RU,166874.80517001377,85
C0273,2025-05-18,11698.454610173934,regular,app,RU,128912.01034395119,37
C0286,2025-03-03,3591.78515599406,regular,app,RU,,116
C0059,2025-04-08,27856.743996345474,regular,web,RU,54801.21350948494,77
C0106,2025-01-02,1297912.918865291,opportunistic,manager,KZ,80950.43024024995,87
C0103,2025-06-23,7624.15907222998,regular,app,RU,41425.609103306146,4
C0355,2025-01-15,5652.310518642463,regular,app,RU,114801.5160405255,156
C0312,2025-01-25,15527.222337372254,regular,manager,RU,38948.629151541485,150
C0022,2025-02-21,2938.0951511221574,regular,app,BY,104426.15742678501,124
C0035,2025-04-07,16356.946134304339,regular,app,RU,69610.42796192828,83
C0375,2025-05-05,9865.099719322921,regular,web,RU,131572.8404314726,55
C0243,2025-01-01,27612.008766678402,regular,web,RU,37334.670245607726,176
C0318,2025-02-28,28778.728483440496,opportunistic,manager,RU,,108
C0256,2025-06-29,14503.080487920453,opportunistic,web,RU,97203.13105524001,0
C0140,2025-06-11,16100.404892560477,regular,app,AM,51875.679615003515,15
C0218,2025-04-09,31214.77878761948,regular,app,AM,46855.648918213476,81
C0306,2025-04-10,29089.500238716846,regular,app,RU,57805.035774570744,73
C0116,2025-03-24,7045.662190840074,new,app,RU,108266.5737179193,88
C0015,2025-02-21,16577.233740981068,regular,app,RU,59946.85642054766,125
C0294,2025-05-24,9747.98827033326,regular,app,RU,60366.5026649566,36
C0328,2025-04-16,5346.850627684454,regular,app,KZ,65732.80809874619,70
C0109,2025-03-22,1057.1155733466094,regular,app,RU,55839.111146692514,96
C0082,2025-01-01,4236.013103977535,regular,app,RU,192043.49068353276,159
C0018,2025-02-14,21986.354648521094,regular,app,RU,53286.71637060531,121
C0303,2025-05-27,27148.506237457746,regular,manager,RU,51412.557388166,16
C0346,2025-05-18,19759.535903585063,opportunistic,manager,RU,68326.35771447497,35
C0108,2025-01-05,22173.11765011743,regular,web,RU,84938.35767995643,170
C0210,2025-04-29,7004.27839196273,regular,manager,RU,52418.57889047791,61
C0238,2025-05-23,102504.85676009476,opportunistic,web,RU,47060.23878059438,25
C0222,2025-02-06,13795.14506453308,regular,app,RU,84664.75261477451,138
C0255,2025-04-10,8336.61797644191,regular,app,AM,29087.88109205289,80
C0351,2025-05-14,215249.48749667298,opportunistic,manager,KZ,101495.73572265125,25
C0363,2025-01-25,5536.438680824415,regular,app,RU,53936.128335688154,138
C0103,2025-05-18,7425.537757290933,regular,web,RU,41425.609103306146,40
C0384,2025-05-24,11758.81116068894,regular,web,RU,166874.80517001377,33
C0200,2025-03-25,13636.811808967266,regular,web,RU,198493.78958835345,91
C0008,2025-04-08,47430.49018106692,opportunistic,manager,RU,,78
C0145,2025-02-17,17046.353069180353,regular,app,RU,54231.990145770134,132
C0076,2025-04-18,6292.340409276018,regular,app,BY,,56
C0376,2025-04-11,5743.022623968345,regular,web,RU,93850.10197362199,74
C0148,2025-01-29,11136.119977256973,regular,app,RU,84862.16854841373,145
C0369,2025-06-05,8526.63208952575,regular,app,RU,176635.3330683661,19
C0018,2025-04-05,2141.9900694259377,regular,app,RU,53286.71637060531,71
C0326,2025-06-05,39178.33941216754,opportunistic,manager,KZ,,0
C0147,2025-01-09,22133.95475551672,regular,web,RU,51703.96166882332,162
C0290,2025-06-19,10821.816944543867,regular,app,RU,80189.09743512764,6
C0321,2025-01-25,35041.675333329986,new,app,RU,40102.093296631676,132
C0374,2025-06-20,22523.00920011765,regular,app,RU,84406.5338871581,9
C0128,2025-06-22,8868.616583549421,regular,app,RU,63110.63911316603,7
C0128,2025-03-27,7442.60591356786,regular,app,RU,63110.63911316603,94
C0304,2025-02-03,7909.59247236846,regular,app,AM,52384.94132499481,144
C0330,2025-02-16,3193.353853299768,regular,app,RU,33903.04091126527,131
C0369,2025-03-31,2839.913979573749,regular,app,RU,176635.3330683661,85
C0302,2025-02-11,4933.432269485087,regular,app,KZ,150859.75994505777,134
C0097,2025-04-28,7789.199433898742,regular,app,AM,69587.21229131967,58
C0359,2025-04-02,15995.025778921985,regular,app,RU,69875.41513535524,88
C0062,2025-03-11,14695.837669590703,regular,app,RU,55142.80232839496,107
C0156,2025-03-09,158075.55453459272,opportunistic,app,RU,42006.254107436456,90
C0311,2025-06-02,12613.56209391467,regular,app,RU,18468.17377658533,25
C0147,2025-03-20,6671.1557822710165,regular,app,RU,51703.96166882332,92
C0266,2025-01-27,8404.376067478875,regular,web,AM,60126.4423558778,146
C0113,2025-06-10,8092.756209778065,regular,app,RU,22138.056114061816,15
C0074,2025-05-08,5063.560098914534,regular,app,RU,65236.56695866103,52
C0108,2025-01-19,3339.611269472142,regular,app,RU,84938.35767995643,156
C0356,2025-04-17,12037.727314660067,regular,app,RU,127166.025780776,72
C0095,2025-01-22,6357.183609165017,regular,web,RU,74809.02849203724,145
C0016,2025-03-13,15073.168162552005,regular,app,RU,73734.55681536577,103
C0111,2025-03-27,21430.39262392768,regular,app,RU,24166.59661985463,93
C0230,2025-04-15,6134.614599082707,regular,app,RU,32681.058632895285,75
C0204,2025-06-15,8351.885405505365,regular,web,RU,160510.37828520167,11
C0173,2025-05-18,26563.4789089738,regular,app,RU,33374.269800263144,38
C0176,2025-06-22,4501.852356157,regular,app,RU,79527.83146299052,0
C0258,2025-06-21,6130.804558019298,regular,app,BY,72735.01488396972,8
C0350,2025-06-15,6618.177487414293,regular,app,AM,72183.40831187136,11
C0239,2025-02-19,2912.8654514478058,regular,app,RU,85744.30607535798,126
C0230,2025-01-12,7201.324673987222,regular,web,RU,32681.058632895285,168
C0142,2025-05-18,8278.511748623641,regular,web,RU,71133.75089158732,34
C0283,2025-05-26,24165.2557801107,regular,app,AM,49637.64105345447,28
C0163,2025-02-04,8090.146966281832,regular,app,RU,97613.13102034428,145
C0367,2025-06-05,73786.89483041971,opportunistic,manager,RU,,20
C0026,2025-05-05,6772.308297433449,regular,web,KZ,18333.974251046504,42
C0299,2025-01-13,27178.423377981377,opportunistic,manager,BY,52079.45904776453,157
C0169,2025-03-09,5589.972617535745,regular,app,RU,63076.16263509317,112
C0109,2025-05-28,13304.821987001977,regular,web,RU,55839.111146692514,29
C0183,2025-06-28,10818.170252035356,regular,app,BY,89467.91572353024,0
C0215,2025-01-04,28838.98741706096,opportunistic,web,RU,87857.87417092851,164
C0018,2025-02-17,11143.723569550666,regular,web,RU,53286.71637060531,118
C0059,2025-05-11,3401.25619704802,regular,app,RU,54801.21350948494,44
C0034,2025-03-18,12920.629214796278,regular,manager,BY,139312.1307018514,103
C0071,2025-06-13,17889.563156840046,regular,app,RU,119602.86638084592,14
C0203,2025-05-10,9859.172487006212,regular,app,RU,75319.67008401135,40
C0332,2025-05-03,14068.256584253128,regular,web,KZ,96486.84621670823,56
C0059,2025-04-07,9247.038451976783,regular,app,RU,54801.21350948494,78
C0376,2025-05-11,23717.96816314555,regular,app,RU,93850.10197362199,44
C0206,2025-01-30,67674.14242341896,regular,app,RU,75884.66245476011,149
C0316,2025-06-24,17634.79298330418,regular,app,RU,57827.32199477627,3
C0177,2025-05-15,6312.577542806456,regular,manager,KZ,68058.85552278945,45
C0072,2025-03-16,23355.18564936214,regular,manager,RU,41559.708530966964,105
C0175,2025-05-02,6244.489908949575,regular,web,RU,63648.166022056794,58
C0218,2025-06-28,18163.698822435825,regular,web,AM,46855.648918213476,1
C0185,2025-01-25,13047.806273252045,opportunistic,web,RU,,93
C0250,2025-06-27,5711.764152022782,regular,app,BY,56532.86206867094,1
C0048,2025-06-01,7984.84690432149,regular,app,RU,24173.246782879014,28
C0046,2025-02-06,42291.59951959706,opportunistic,manager,RU,85912.39546387289,140
C0351,2025-01-16,22887.778639231205,opportunistic,manager,KZ,101495.73572265125,143
C0145,2025-05-31,8063.94775641583,regular,web,RU,54231.990145770134,29
C0314,2025-06-07,4695.531272922383,regular,web,BY,59242.379815333625,15
C0079,2025-04-16,63733.84627211454,opportunistic,manager,RU,,70
C0052,2025-05-29,5521.930916683426,regular,app,KZ,36740.54430792383,31
C0268,2025-04-18,25981.47952985904,regular,web,KZ,36060.11248799635,65
C0187,2025-05-19,10007.964444938301,regular,app,RU,76429.16908843287,24
C0071,2025-02-04,16568.18043547311,regular,manager,RU,119602.86638084592,143
C0059,2025-03-19,5335.795950242975,regular,manager,RU,54801.21350948494,97
C0356,2025-06-28,5991.941930230221,regular,app,RU,127166.025780776,0
C0092,2025-03-05,20604.028673557383,opportunistic,manager,RU,,116
C0078,2025-02-09,15874.32426740607,opportunistic,app,RU,,67
C0167,2025-04-21,30897.832201367433,opportunistic,app,RU,77888.21217479996,54
C0166,2025-05-27,13396.803126653725,regular,web,KZ,89867.6573767307,29
C0364,2025-03-15,3947.894512378944,regular,app,RU,40488.69823107142,104
C0161,2025-05-22,9468.069971565106,regular,app,RU,74003.19392036954,38
C0288,2025-05-28,7795.539817652798,regular,app,KZ,32072.151687949587,26
C0185,2025-03-07,91708.42599819289,opportunistic,manager,RU,29837.760681668267,52
C0259,2025-01-29,13373.609429495682,regular,web,KZ,54966.058792712574,149
C0049,2025-01-29,47479.34526128981,opportunistic,web,RU,,147
C0083,2025-04-20,17711.254780780695,opportunistic,manager,RU,,70
C0094,2025-02-24,12510.473279315944,regular,web,RU,276155.8197288189,110
C0121,2025-01-30,47297.52879476153,opportunistic,manager,BY,250503.52136061847,123
C0183,2025-06-14,6175.020108953056,regular,web,BY,89467.91572353024,14
C0362,2025-02-18,20405.735472955283,regular,app,RU,87900.75427160058,122
C0155,2025-03-22,13244.081999483902,regular,app,RU,26171.924123075,82
C0283,2025-03-10,14896.714596459839,regular,app,AM,49637.64105345447,105
C0175,2025-06-29,16998.467342023934,regular,app,RU,63648.166022056794,0
C0283,2025-06-20,15281.433765539587,regular,manager,AM,49637.64105345447,3
C0314,2025-03-25,9419.103922204084,regular,app,BY,59242.379815333625,89
C0228,2025-05-13,63145.596499348256,opportunistic,app,RU,,31
C0047,2025-03-03,11746.885242181323,regular,app,KZ,61568.2960255891,102
C0282,2025-06-04,31955.431960521913,regular,web,KZ,86261.33612057511,17
C0129,2025-01-10,14102.79018149587,regular,web,RU,102226.20848008845,140
C0140,2025-04-24,11247.60346809198,regular,web,AM,51875.679615003515,63
C0329,2025-03-24,43513.71150507285,opportunistic,manager,RU,58930.878904385274,64
C0292,2025-04-01,13848.319709715024,regular,manager,RU,83374.99550448595,88
C0119,2025-02-07,40763.26307096481,regular,app,RU,12958.52483784047,141
C0272,2025-01-07,15392.420441883534,regular,app,RU,72952.79470233107,141
C0258,2025-04-22,9402.174476766624,regular,app,BY,72735.01488396972,68
C0016,2025-05-16,14120.881187500549,regular,web,RU,73734.55681536577,39
C0335,2025-02-19,3536.2416877291776,regular,app,RU,62761.78101883521,92
C0088,2025-05-10,15835.973368312034,regular,app,RU,,45
C0130,2025-05-27,29043.579373223492,opportunistic,manager,RU,79981.8389236212,16
C0157,2025-02-04,21570.893121090197,regular,app,RU,75827.495673324,143
C0158,2025-04-24,53238.676919890924,opportunistic,manager,AM,59959.54453274451,57
C0269,2025-04-11,29833.01202660545,regular,manager,BY,91399.24908804016,70
C0180,2025-01-10,263465.7251060248,opportunistic,app,RU,99377.09860441703,161
C0231,2025-02-05,13408.00519123834,regular,app,RU,,144
C0313,2025-05-12,16418.35675382884,regular,web,RU,40001.1761448378,45
C0128,2025-06-01,17503.43935225904,regular,web,RU,63110.63911316603,28
C0146,2025-05-31,10034.910035736295,regular,app,RU,39433.96766078368,28
C0374,2025-04-20,12845.883937279415,regular,web,RU,84406.5338871581,70
C0311,2025-02-08,28461.049767154556,regular,app,RU,18468.17377658533,139
C0202,2025-05-06,2388.466306003808,new,app,KZ,41747.51166870158,42
C0034,2025-03-16,4989.501999026752,regular,web,BY,139312.1307018514,105
C0231,2025-05-07,8435.165207257818,regular,app,RU,97988.07583193238,53
C0057,2025-06-08,13741.953362318718,regular,app,BY,80745.46024762576,0
C0259,2025-03-26,2574.0712830841385,regular,app,KZ,54966.058792712574,93
C0333,2025-04-06,33766.42798854724,opportunistic,app,RU,,68
C0122,2025-05-09,150114.97616236546,opportunistic,web,RU,84051.61465536503,43
C0320,2025-03-29,5316.872938005219,new,web,RU,38685.59746168196,83
C0047,2025-01-24,8990.657923501642,regular,app,KZ,61568.2960255891,140
C0269,2025-03-10,5844.711921583696,regular,app,BY,91399.24908804016,102
C0242,2025-01-21,26270.123096946543,opportunistic,web,RU,140007.80525962607,158
C0203,2025-03-11,2171.499085833296,regular,manager,RU,75319.67008401135,100
C0220,2025-05-24,9679.297098834493,regular,app,RU,89109.60304575077,35
C0052,2025-06-23,10077.284752896623,regular,app,KZ,36740.54430792383,6
C0283,2025-05-08,8453.902743557153,regular,web,AM,49637.64105345447,46
C0173,2025-06-23,4496.788612529336,regular,web,RU,33374.269800263144,2
C0097,2025-05-28,4893.342296605754,regular,manager,AM,69587.21229131967,28
C0267,2025-03-08,7184.180105042184,regular,web,BY,165601.26935907674,109
C0095,2025-04-19,170187.43316144097,regular,app,RU,74809.02849203724,58
C0040,2025-03-07,131999.70027207368,opportunistic,app,RU,,0
C0257,2025-02-06,34956.59145173046,opportunistic,web,RU,204633.6814809772,124
C0239,2025-02-23,5517.621047315549,regular,app,RU,85744.30607535798,122
C0022,2025-04-07,13746.677832700261,regular,app,BY,104426.15742678501,79
C0153,2025-03-26,11834.593545052172,regular,app,RU,17732.54325367211,95
C0142,2025-03-20,38379.239724679894,regular,web,RU,71133.75089158732,93
C0379,2025-01-08,4144.0315072670355,regular,manager,AM,79812.48895604689,171
C0061,2025-06-15,33585.48513595414,opportunistic,app,RU,119011.13380630473,5
C0400,2025-06-13,14483.240084653995,regular,manager,RU,75874.27858611445,7
C0048,2025-06-21,13523.035502837996,regular,web,RU,24173.246782879014,8
C0243,2025-05-24,4866.273969209205,regular,app,RU,37334.670245607726,33
C0021,2025-03-13,32989.74257873978,opportunistic,manager,RU,62028.659546330346,104
C0380,2025-03-03,43139.35960712374,opportunistic,manager,RU,,42
C0160,2025-01-17,92321.69346694756,opportunistic,app,RU,,136
C0375,2025-06-22,11358.891523976197,regular,manager,RU,131572.8404314726,7
C0105,2025-05-07,631108.0561817244,opportunistic,web,RU,120199.46527490248,45
C0112,2025-05-13,24228.012129605544,regular,app,KZ,55018.014532175854,32
C0161,2025-04-15,34842.797698305425,regular,app,RU,,75
C0203,2025-04-09,7312.232715835923,regular,web,RU,75319.67008401135,71
C0316,2025-01-24,4399.870851933257,regular,app,RU,57827.32199477627,154
C0344,2025-05-10,138138.97670424322,opportunistic,web,RU,35748.20255231404,0
C0036,2025-02-20,12626.51357426149,regular,app,RU,,122
C0255,2025-06-12,5385.521220818547,regular,web,AM,29087.88109205289,17
C0057,2025-03-10,3621.4595246966537,regular,manager,BY,80745.46024762576,90
C0220,2025-02-22,22371.926064861254,regular,app,RU,89109.60304575077,126
C0148,2025-06-08,9958.369915229452,regular,app,RU,84862.16854841373,15
C0203,2025-02-22,15527.720576568481,regular,manager,RU,75319.67008401135,117
C0152,2025-02-06,2715.6912211751605,new,app,RU,124404.91440912963,141
C0068,2025-03-18,13408.423201079862,regular,app,RU,207386.4605822518,101
C0315,2025-03-23,4895.421800998461,regular,web,BY,122043.30752195237,90
C0078,2025-02-08,78024.32624396257,opportunistic,manager,RU,,68
C0057,2025-05-10,3656.1280108699734,regular,app,BY,80745.46024762576,29
C0027,2025-04-10,5970.6066771354635,regular,app,RU,,62
C0193,2025-05-09,10372.39302951209,regular,app,RU,57590.64763962595,43
C0393,2025-02-14,73507.41263608244,opportunistic,app,RU,,118
C0187,2025-04-02,3293.925395108869,regular,app,RU,76429.16908843287,71
C0114,2025-01-09,33345.853366425115,opportunistic,app,RU,29077.40070521304,137
C0005,2025-04-22,7985.670803707678,regular,app,RU,18572.608441914028,67
C0140,2025-04-29,20751.962358998288,regular,app,AM,51875.679615003515,58
C0197,2025-05-22,27413.454872369843,opportunistic,manager,RU,56298.41122451303,33
C0119,2025-03-16,19971.008148066616,regular,app,RU,12958.52483784047,104
C0266,2025-06-22,12776.064094021976,regular,app,AM,60126.4423558778,0
C0379,2025-01-27,12715.05057707671,regular,app,AM,79812.48895604689,152
C0287,2025-02-11,8125.706531907489,regular,app,KZ,44683.913853316626,128
C0231,2025-02-23,3459.927926386214,regular,app,RU,97988.07583193238,126
C0091,2025-03-20,4556.780477389501,regular,app,RU,118790.6932272385,83
C0044,2025-04-10,9016.815397680093,regular,app,RU,82129.71014803136,80
C0033,2025-02-22,33541.384282285704,regular,web,RU,63702.184586940755,125
C0060,2025-01-07,215172.80665165646,regular,app,AM,29369.97581505382,172
C0172,2025-05-02,17862.496759813905,regular,app,RU,37505.97494683757,53
C0169,2025-05-31,3955.986684728231,regular,manager,RU,63076.16263509317,29
C0337,2025-01-18,12617.619961972214,regular,app,RU,18875.011531273616,159
C0141,2025-06-08,16520.72794412447,regular,web,RU,147307.13899357288,14
C0323,2025-03-02,8934.992417611204,regular,app,RU,58580.38170655148,109
C0082,2025-04-08,15987.049617177781,regular,app,RU,192043.49068353276,62
C0264,2025-01-07,7070.796941881612,regular,web,RU,53382.85082631906,171
C0022,2025-05-10,19488.87683703593,regular,app,BY,104426.15742678501,46
C0089,2025-02-28,5981.311339450285,regular,web,BY,93017.61049185187,105
C0218,2025-02-01,12180.461163563297,regular,manager,AM,46855.648918213476,148
C0191,2025-06-25,5976.946595855886,new,web,BY,137985.2887238867,0
C0099,2025-05-30,11338.695180433953,regular,app,BY,64136.52177165041,30
C0206,2025-02-03,7704.096979242771,regular,app,RU,75884.66245476011,145
C0080,2025-06-26,30541.94592758398,opportunistic,web,AM,51417.22917752957,0
C0290,2025-02-09,8113.174121317759,regular,app,RU,80189.09743512764,136
C0194,2025-02-28,29856.991606823696,opportunistic,web,RU,80813.54655267524,121
C0210,2025-02-18,4478.9430174358895,regular,app,RU,52418.57889047791,131
C0124,2025-05-30,7032.945555863857,regular,web,RU,85459.18010301342,12
C0041,2025-01-04,11843.343249215799,regular,web,RU,102947.22534981728,176
C0176,2025-01-08,6575.782113791819,regular,app,RU,79527.83146299052,165
C0207,2025-04-04,6548.975358719799,regular,app,BY,180180.49328698896,81
C0305,2025-01-27,1359.3722776572927,new,manager,RU,78648.39277551271,143
C0079,2025-04-21,61076.273225260884,opportunistic,manager,RU,,65
C0255,2025-04-02,28134.33863671241,regular,app,AM,29087.88109205289,88
C0037,2025-04-04,6990.397552292534,regular,manager,KZ,47718.755959578484,44
C0164,2025-01-27,11600.815904014797,regular,app,RU,95269.62263734348,151
C0127,2025-06-29,9768.009891207983,regular,web,RU,69892.42897742578,0
C0208,2025-06-04,44115.39043480673,opportunistic,app,RU,,4
C0279,2025-06-01,6071.441626043875,new,app,RU,63267.47966015547,0
C0101,2025-01-24,4803.493635482214,new,app,RU,43100.276086949925,118
C0059,2025-04-19,11700.783439721808,regular,app,RU,54801.21350948494,66
C0302,2025-03-12,35111.265000039166,regular,app,KZ,150859.75994505777,105
C0105,2025-04-07,199316.7268629371,opportunistic,app,RU,120199.46527490248,75
C0150,2025-01-28,6190.958713528797,regular,web,RU,93958.54905131078,152
C0056,2025-01-23,129586.27800151195,opportunistic,app,RU,,116
C0060,2025-01-24,38045.53665458137,regular,web,AM,29369.97581505382,155
C0099,2025-05-18,11409.940597576107,regular,app,BY,64136.52177165041,42
C0400,2025-02-27,23733.40414218317,regular,web,RU,75874.27858611445,113
C0177,2025-06-19,11973.656455753851,regular,app,KZ,68058.85552278945,10
C0192,2025-06-22,15589.35075767042,regular,manager,RU,131448.77247629315,0
C0119,2025-01-18,3150.6633691491106,regular,app,RU,12958.52483784047,161
C0399,2025-06-26,16517.40217785737,regular,app,RU,66589.02089418373,1
C0231,2025-01-30,11437.900087820062,regular,web,RU,97988.07583193238,150
C0076,2025-03-27,6041.2495806779225,regular,app,BY,41841.634218175095,78
C0112,2025-03-23,4823.359250625385,regular,app,KZ,55018.014532175854,83
C0355,2025-04-11,35124.496423737444,regular,web,RU,114801.5160405255,70
C0203,2025-03-21,9008.785644804357,regular,app,RU,75319.67008401135,90
C0142,2025-05-31,6586.948427527427,regular,app,RU,71133.75089158732,21
C0256,2025-06-26,21573.374503524352,opportunistic,manager,RU,97203.13105524001,3
C0090,2025-01-24,8189.4920890964595,regular,web,RU,54907.642961464815,149
C0060,2025-01-11,2552.425109733499,regular,manager,AM,29369.97581505382,168
C0061,2025-03-21,76665.16787707164,opportunistic,manager,RU,,91
C0359,2025-06-26,3748.1429728820276,regular,web,RU,69875.41513535524,3
C0118,2025-01-30,27840.367890936996,opportunistic,manager,RU,,150
C0126,2025-04-21,8790.884508212774,regular,web,KZ,56188.76756509697,68
C0396,2025-04-09,16662.412813197425,regular,manager,KZ,63332.172912899565,76
C0122,2025-06-21,59787.88698965193,opportunistic,manager,RU,,0
C0147,2025-02-17,20884.782258301795,regular,app,RU,51703.96166882332,123
C0070,2025-02-08,3861.9350212891254,regular,web,RU,72265.69587493673,140
C0398,2025-02-20,18081.884763332764,regular,app,RU,,123
C0270,2025-03-25,4393.765334611903,regular,app,RU,78878.98685669352,76
C0283,2025-02-15,18326.84860931153,regular,app,AM,49637.64105345447,128
C0083,2025-06-24,27129.32376992175,opportunistic,manager,RU,121576.18149311296,5
C0335,2025-01-13,7793.245696731233,regular,web,RU,62761.78101883521,129
C0387,2025-02-12,80018.61441758013,opportunistic,manager,KZ,76142.91997429843,82
C0277,2025-04-30,5684.683999387643,regular,app,RU,40282.29405287731,53
C0363,2025-03-30,16318.178702638497,regular,app,RU,53936.128335688154,74
C0270,2025-05-27,18901.81043698663,regular,app,RU,78878.98685669352,13
C0245,2025-01-20,26825.531919175774,opportunistic,web,BY,,159
C0016,2025-05-13,4654.974569647281,regular,app,RU,73734.55681536577,42
C0056,2025-01-08,69331.32509891999,opportunistic,web,RU,79281.81808974489,131
C0338,2025-02-15,21303.5645288046,opportunistic,manager,RU,29052.177619448208,37
C0324,2025-06-04,18100.687284708078,regular,app,RU,94477.46126382126,19
C0027,2025-05-05,17335.355840057557,regular,app,RU,,37
C0312,2025-01-03,9645.397489623967,regular,app,RU,38948.629151541485,172
C0345,2025-03-07,25745.15919882603,opportunistic,web,RU,84651.45232171354,106
C0283,2025-05-30,26055.08949977401,regular,web,AM,49637.64105345447,24
C0400,2025-05-21,7794.037763933624,regular,web,RU,75874.27858611445,30
C0171,2025-01-19,16609.205942849316,regular,web,RU,43719.95140581391,156
C0096,2025-02-24,121688.54295735626,opportunistic,manager,AM,,106
C0306,2025-06-22,12576.719029397864,regular,manager,RU,57805.035774570744,0
C0219,2025-04-12,16757.774171632624,new,web,RU,46623.57503810979,12
C0029,2025-05-17,4475.441487226454,regular,web,RU,56574.50740293192,40
C0119,2025-04-27,7566.837901842255,regular,app,RU,12958.52483784047,62
C0041,2025-02-22,8903.343270177536,regular,web,RU,102947.22534981728,127
C0230,2025-02-17,8661.974054609169,regular,app,RU,32681.058632895285,132
C0319,2025-02-01,37053.206323765284,regular,app,BY,,130
C0098,2025-03-05,4075.2049214782032,regular,web,BY,91073.97819474443,114
C0124,2025-02-21,13279.927113452406,regular,app,RU,85459.18010301342,110
C0030,2025-06-25,59181.10308130352,opportunistic,web,AM,,0
C0213,2025-05-02,9235.81170983082,regular,app,RU,75577.42042288934,44
C0292,2025-05-31,5373.599355588778,regular,app,RU,83374.99550448595,28
C0229,2025-05-04,24415.402170058394,opportunistic,manager,RU,42462.24480802524,10
C0256,2025-05-09,26729.196018554652,opportunistic,manager,RU,97203.13105524001,51
C0072,2025-03-30,18931.681139070486,regular,web,RU,41559.708530966964,91
C0337,2025-02-09,10464.659236781166,regular,web,RU,18875.011531273616,137
C0007,2025-05-09,24172.242178857054,opportunistic,web,RU,,48
C0266,2025-02-13,2425.9625160561623,regular,web,AM,60126.4423558778,129
C0142,2025-04-05,6380.600415783311,regular,app,RU,,77
C0375,2025-01-28,7625.0038547007925,regular,app,RU,131572.8404314726,152
C0392,2025-05-10,13001.245811037801,regular,app,RU,82318.01174628778,40
C0034,2025-04-17,21465.545720073937,regular,web,BY,139312.1307018514,73
C0364,2025-04-03,16545.38127670385,regular,web,RU,40488.69823107142,85
C0259,2025-02-06,8589.003573045797,regular,web,KZ,54966.058792712574,141
C0387,2025-04-22,55938.6233149022,opportunistic,manager,KZ,76142.91997429843,13
C0145,2025-06-22,10186.938868924944,regular,web,RU,54231.990145770134,7
C0097,2025-05-29,13742.454052769073,regular,app,AM,69587.21229131967,27
C0113,2025-02-01,4786.809142467161,regular,web,RU,22138.056114061816,144
C0094,2025-05-03,12352.418740346153,regular,web,RU,276155.8197288189,42
C0009,2025-05-24,4828.12228676473,regular,app,KZ,,36
C0176,2025-04-12,14481.225674002344,regular,app,RU,79527.83146299052,71
C0282,2025-04-17,16731.209223218255,regular,app,KZ,86261.33612057511,65
C0048,2025-05-09,11975.682097591238,regular,web,RU,24173.246782879014,51
C0110,2025-06-04,1628.8080946882842,new,app,RU,,20
C0336,2025-02-24,60277.81840971407,opportunistic,manager,AM,123057.91430420888,120
C0218,2025-06-17,21562.55456424715,regular,manager,AM,46855.648918213476,12
C0383,2025-06-24,34043.71905239637,opportunistic,manager,RU,32731.312689247476,0
C0250,2025-02-13,29698.666905241702,regular,app,BY,56532.86206867094,135
C0046,2025-01-27,13337.017898299153,opportunistic,app,RU,85912.39546387289,150
C0123,2025-01-27,55438.71690888893,regular,app,AM,48641.64046189509,153
C0141,2025-04-08,282363.1051894194,regular,app,RU,147307.13899357288,75
C0107,2025-06-16,14699.806778433398,regular,app,RU,56532.060379392606,13
C0204,2025-04-10,17344.95004316711,regular,app,RU,160510.37828520167,77
C0332,2025-06-02,6699.956146892823,regular,web,KZ,96486.84621670823,26
C0049,2025-03-21,150741.43473426808,opportunistic,manager,RU,110256.34529649711,96
C0341,2025-02-27,12482.275051165558,regular,app,RU,77297.95977305167,115
C0359,2025-05-05,5308.103717215821,regular,app,RU,69875.41513535524,55
C0281,2025-01-10,15717.424971813765,regular,app,RU,27211.30833168933,166
C0071,2025-01-30,13187.174155533026,regular,app,RU,119602.86638084592,148
C0041,2025-05-06,5581.489597780933,regular,manager,RU,102947.22534981728,54
C0319,2025-03-16,8909.144681757776,regular,web,BY,117835.57409004774,87
C0208,2025-04-07,29067.849150774728,opportunistic,manager,RU,26676.344249311056,62
C0183,2025-01-06,12077.346412125085,regular,app,BY,89467.91572353024,173
C0278,2025-01-31,5133.002017229167,regular,app,RU,54814.63414542244,144
C0111,2025-03-10,14777.428530194387,regular,app,RU,24166.59661985463,110
C0018,2025-01-24,10292.364051882754,regular,web,RU,53286.71637060531,142
C0287,2025-04-08,7610.815424401838,regular,app,KZ,44683.913853316626,72
C0179,2025-03-19,7461.755369800773,new,app,BY,108564.6915980085,81
C0004,2025-06-05,19483.47766795024,opportunistic,app,RU,30423.747915419874,21
C0311,2025-02-07,10618.233272313388,regular,web,RU,18468.17377658533,140
C0022,2025-01-22,398933.72596487624,regular,app,BY,104426.15742678501,154
C0319,2025-04-03,12942.887959025013,regular,app,BY,117835.57409004774,69
C0349,2025-02-08,20573.492896272382,opportunistic,web,RU,77109.29033857904,90
C0389,2025-05-20,15428.245770441761,regular,web,RU,66611.28251620958,39
C0398,2025-03-14,11105.678343111043,regular,app,RU,108208.7305003528,101
C0209,2025-04-07,6831.790000092238,regular,web,RU,32709.208941189918,83
C0047,2025-02-09,6097.22809077825,regular,app,KZ,61568.2960255891,124
C0384,2025-05-30,20760.341379361755,regular,app,RU,166874.80517001377,27
C0220,2025-04-25,8179.857778909163,regular,app,RU,89109.60304575077,64
C0302,2025-03-24,25469.13598407244,regular,app,KZ,150859.75994505777,93
C0277,2025-06-03,26292.5948920431,regular,app,RU,40282.29405287731,19
C0290,2025-01-10,15984.854594088403,regular,web,RU,80189.09743512764,166
C0103,2025-03-10,5859.8957969876465,regular,app,RU,41425.609103306146,109
C0228,2025-06-04,23400.129391697654,opportunistic,app,RU,84582.03587543787,9
C0183,2025-03-23,8739.792171272675,regular,app,BY,89467.91572353024,97
C0267,2025-01-28,11025.790108732625,regular,web,BY,165601.26935907674,148
C0134,2025-05-24,3809.4399776983546,regular,app,RU,162091.34627439242,35
C0271,2025-06-11,7318.300865640332,regular,web,RU,41028.573339414696,9
C0286,2025-06-27,3224.181873828626,regular,app,RU,76864.80399866072,0
C0122,2025-05-01,54337.98676067622,opportunistic,web,RU,,51
C0212,2025-06-03,62045.87155084839,opportunistic,manager,RU,103459.0031373886,19
C0259,2025-05-25,3258.311316339075,regular,app,KZ,54966.058792712574,33
C0195,2025-04-21,18127.101897751578,regular,web,RU,17580.452648123697,50
C0312,2025-04-14,5585.564228290614,regular,app,RU,38948.629151541485,71
C0036,2025-01-15,25221.841404511062,regular,manager,RU,41749.00830799161,158
C0203,2025-01-13,70296.6281653757,regular,web,RU,75319.67008401135,157
C0314,2025-05-21,8406.80644975126,regular,web,BY,59242.379815333625,32
C0034,2025-04-01,14304.671091813256,regular,web,BY,139312.1307018514,89
C0378,2025-06-13,14357.743122424325,regular,app,BY,93929.37563679303,15
C0314,2025-04-22,15846.954651268428,regular,app,BY,59242.379815333625,61
C0090,2025-05-10,12200.029284738583,regular,web,RU,54907.642961464815,43
C0146,2025-06-11,12524.943136468066,regular,web,RU,39433.96766078368,17
C0267,2025-01-24,19215.03954389092,regular,app,BY,,152
C0270,2025-05-11,28179.450288622054,regular,app,RU,78878.98685669352,29
C0290,2025-02-21,4856.6615682690135,regular,web,RU,80189.09743512764,124
C0204,2025-03-13,7073.871356581707,regular,app,RU,160510.37828520167,105
C0318,2025-01-23,28675.243301946306,opportunistic,web,RU,64130.477782441994,144
C0136,2025-05-24,17594.760868266487,regular,app,RU,40609.90938605977,30
C0097,2025-04-21,11865.839385835607,regular,app,AM,69587.21229131967,65
C0323,2025-06-03,2401.701009542362,regular,app,RU,58580.38170655148,16
C0183,2025-06-05,14041.396553674473,regular,app,BY,89467.91572353024,23
C0008,2025-03-18,14958.294003720672,opportunistic,manager,RU,,99
C0290,2025-03-02,8564.98290811395,regular,app,RU,80189.09743512764,115
C0295,2025-02-07,106565.27399511432,opportunistic,app,RU,103696.81985419338,86
C0324,2025-05-18,25751.107159872994,regular,app,RU,94477.46126382126,36
C0176,2025-01-15,2267.6754113425027,regular,app,RU,79527.83146299052,158
C0199,2025-05-26,3940.5969040495506,regular,web,RU,98019.14203306024,31
C0057,2025-04-01,225033.90357995266,regular,app,BY,80745.46024762576,68
C0171,2025-02-13,9499.2832048149,regular,app,RU,43719.95140581391,131
C0261,2025-05-27,38472.26804522935,regular,web,RU,92817.5689867,33
C0128,2025-04-03,26918.65576484895,regular,app,RU,63110.63911316603,87
C0286,2025-04-04,9189.228731537069,regular,app,RU,76864.80399866072,84
C0333,2025-04-26,92111.25559131069,opportunistic,manager,RU,,48
C0149,2025-04-22,7010.659320588225,regular,app,BY,27968.453975938126,61
C0071,2025-02-10,31961.242208307143,regular,manager,RU,119602.86638084592,137
C0163,2025-06-01,22469.464710354547,regular,app,RU,97613.13102034428,28
C0264,2025-05-03,8984.66201645577,regular,app,RU,53382.85082631906,55
C0269,2025-01-22,8767.856118124846,regular,app,BY,91399.24908804016,149
C0201,2025-04-01,25166.538571744488,opportunistic,app,RU,34643.37900711766,80
C0142,2025-03-09,3608.8219435591604,regular,web,RU,71133.75089158732,104
C0113,2025-04-06,7405.809828345015,regular,web,RU,22138.056114061816,80
C0255,2025-06-22,16533.54807084094,regular,app,AM,29087.88109205289,7
C0208,2025-05-18,30861.704640297146,opportunistic,manager,RU,26676.344249311056,21
C0131,2025-06-29,6556.733748907992,regular,app,RU,95566.66157831959,0
C0125,2025-03-23,18402.392215578002,regular,app,RU,,84
C0362,2025-06-03,15835.991856192159,regular,app,RU,87900.75427160058,17
C0111,2025-06-28,7414.440488846852,regular,app,RU,24166.59661985463,0
C0292,2025-01-11,9558.64963056121,regular,app,RU,83374.99550448595,168
C0180,2025-03-27,73843.42289045345,opportunistic,manager,RU,,85
C0267,2025-05-05,5849.643372307223,regular,app,BY,165601.26935907674,51
C0311,2025-05-05,6766.7121165440885,regular,app,RU,18468.17377658533,53
C0150,2025-05-17,2867.346862131046,regular,web,RU,93958.54905131078,43
C0293,2025-01-25,8971.65502442857,new,app,BY,81898.56331075767,114
C0227,2025-06-22,15436.650837491978,regular,manager,RU,30240.76297199327,3
C0315,2025-06-21,6816.765305441762,regular,app,BY,122043.30752195237,0
C0210,2025-03-06,8263.457868220965,regular,web,RU,52418.57889047791,115
C0188,2025-05-26,30118.844569674016,regular,web,RU,40342.7858121426,32
C0197,2025-03-17,44513.31059560142,opportunistic,web,RU,56298.41122451303,99
C0015,2025-02-17,15703.500840903722,regular,app,RU,59946.85642054766,129
C0077,2025-03-30,54768.48474596306,regular,app,RU,27604.60480859763,90
C0059,2025-02-21,2479.7298263654275,regular,web,RU,54801.21350948494,123
C0346,2025-04-05,279187.60309798614,opportunistic,web,RU,68326.35771447497,78
C0102,2025-04-15,73063.255503748,opportunistic,manager,RU,83840.02078157301,68
C0169,2025-05-25,9183.464056651042,regular,web,RU,63076.16263509317,35
C0250,2025-01-06,6324.46003243998,regular,app,BY,56532.86206867094,173
C0202,2025-04-22,8307.520268140981,new,app,KZ,41747.51166870158,56
C0146,2025-02-25,6650.426700642766,regular,app,RU,39433.96766078368,123
C0124,2025-01-07,44306.671851317406,regular,web,RU,85459.18010301342,155
C0359,2025-05-19,458013.0361805178,regular,web,RU,69875.41513535524,41
C0142,2025-01-11,9507.252064255159,regular,app,RU,71133.75089158732,161
C0356,2025-06-14,3744.938322993658,regular,app,RU,127166.025780776,14
C0145,2025-01-26,11590.636443660082,regular,app,RU,54231.990145770134,154
C0304,2025-04-13,12284.760298906784,regular,web,AM,52384.94132499481,75
C0188,2025-03-05,30279.125123324462,regular,web,RU,40342.7858121426,114
C0338,2025-03-24,57426.968338028,opportunistic,manager,RU,,0
C0091,2025-05-09,14365.18543858039,regular,app,RU,118790.6932272385,33
C0200,2025-02-26,2931.612784381654,regular,app,RU,198493.78958835345,118
C0267,2025-02-13,7079.774384452206,regular,web,BY,165601.26935907674,132
C0107,2025-03-03,4791.655848026901,regular,web,RU,56532.060379392606,118
C0115,2025-04-23,25198.92426547795,regular,web,RU,140101.75043049947,57
C0076,2025-04-02,4430.672660611731,regular,app,BY,41841.634218175095,72
C0042,2025-01-12,25542.075175923255,opportunistic,manager,AM,170488.54814437334,111
C0385,2025-05-23,10380.337258662508,regular,app,RU,171261.59082559345,28
C0050,2025-06-25,8188.846883421256,regular,app,AM,47441.35558338082,0
C0162,2025-01-21,8753.70885581442,new,app,RU,,146
C0145,2025-05-09,10771.67327468786,regular,web,RU,54231.990145770134,51
C0360,2025-02-07,28983.79740400837,opportunistic,manager,RU,,128
C0037,2025-04-23,12235.95219137526,regular,app,KZ,47718.755959578484,25
C0121,2025-05-15,36740.27832957318,opportunistic,app,BY,250503.52136061847,18
C0277,2025-06-11,5754.330872359054,regular,app,RU,40282.29405287731,11
C0187,2025-01-29,5207.6123658425595,regular,app,RU,76429.16908843287,134
C0290,2025-05-19,17752.15122355898,regular,app,RU,80189.09743512764,37
C0288,2025-05-17,9487.096986573239,regular,web,KZ,32072.151687949587,37
C0148,2025-02-03,4312.0963964785315,regular,app,RU,84862.16854841373,140
C0129,2025-02-10,19034.72336630596,regular,app,RU,102226.20848008845,109
C0364,2025-01-30,9827.41040791356,regular,web,RU,40488.69823107142,148
C0092,2025-06-18,49911.192823145495,opportunistic,web,RU,,11
C0039,2025-03-04,4777.054401841408,regular,web,RU,,114
C0398,2025-02-22,10130.420492660482,regular,app,RU,108208.7305003528,121
C0163,2025-06-13,3347.892324639868,regular,app,RU,97613.13102034428,16
C0074,2025-03-03,21014.01302125522,regular,app,RU,65236.56695866103,118
C0330,2025-05-13,4337.8699201256595,regular,app,RU,33903.04091126527,45
C0375,2025-06-04,10631.89434027421,regular,app,RU,131572.8404314726,25
C0277,2025-05-10,26470.265292903794,regular,web,RU,40282.29405287731,43
C0033,2025-02-04,2586.934569332817,regular,app,RU,63702.184586940755,143
C0014,2025-03-31,32380.507440353344,opportunistic,manager,RU,44910.626020112715,61
C0376,2025-02-01,14333.86393301855,regular,app,RU,93850.10197362199,143
C0245,2025-03-27,67939.03918426216,opportunistic,manager,BY,,93
C0225,2025-04-27,19721.989667360365,regular,web,RU,37463.80596379556,56
C0083,2025-02-08,61999.160748837494,opportunistic,app,RU,,141
C0161,2025-03-08,10485.911015151245,regular,app,RU,74003.19392036954,113
C0155,2025-04-25,7855.337420270694,regular,app,RU,26171.924123075,48
C0283,2025-04-24,9201.669215944328,regular,web,AM,49637.64105345447,60
C0157,2025-02-18,11062.765053171304,regular,app,RU,75827.495673324,129
C0294,2025-06-13,9698.980113658483,regular,app,RU,60366.5026649566,16
C0268,2025-03-27,28778.050228033404,regular,manager,KZ,36060.11248799635,87
C0204,2025-01-24,26170.88906410473,regular,app,RU,160510.37828520167,153
C0129,2025-04-19,1949.487675861723,regular,web,RU,102226.20848008845,41
C0098,2025-02-16,11694.203437134978,regular,web,BY,91073.97819474443,131
C0200,2025-02-10,10538.03057775798,regular,app,RU,198493.78958835345,134
C0125,2025-01-09,18512.467316289287,regular,app,RU,28042.399336962837,157
C0222,2025-05-01,7327.014496571773,regular,app,RU,84664.75261477451,54
C0160,2025-05-13,41794.97253006138,opportunistic,manager,RU,60624.132614089176,20
C0140,2025-05-17,4440.796770120097,regular,web,AM,51875.679615003515,40
C0298,2025-02-07,21700.893145086477,opportunistic,web,BY,49675.761390926724,140
C0199,2025-04-16,6086.86319355134,regular,app,RU,98019.14203306024,71
C0175,2025-04-08,12004.272043425917,regular,app,RU,63648.166022056794,82
C0002,2025-03-07,19921.11359086903,regular,app,RU,88283.04157880397,103
C0189,2025-02-24,139902.32597952095,opportunistic,web,RU,73453.94322932605,123
C0150,2025-03-10,11060.16922280519,regular,app,RU,,111
C0230,2025-05-05,21742.120425315057,regular,app,RU,,55
C0124,2025-05-17,2607.865530443872,regular,web,RU,85459.18010301342,25
C0399,2025-06-06,3263.0407065791496,regular,web,RU,,21
C0060,2025-05-08,19359.874485955057,regular,app,AM,29369.97581505382,51
C0113,2025-04-01,3988.9714386474875,regular,web,RU,22138.056114061816,85
C0385,2025-05-19,16930.47104948859,regular,app,RU,171261.59082559345,32
C0141,2025-04-09,5326.026466681964,regular,app,RU,147307.13899357288,74
C0103,2025-02-02,10582.129546289729,regular,app,RU,41425.609103306146,145
C0013,2025-06-29,23706.093229084563,opportunistic,app,AM,88568.85827603847,0
C0310,2025-02-15,5108.811689789555,regular,manager,RU,43030.78274384195,134
C0030,2025-01-25,64080.30745388399,opportunistic,app,AM,73775.68944954776,151
C0240,2025-01-14,8333.330294986437,regular,app,RU,49345.468111258146,165
C0146,2025-03-05,2905.153963074268,regular,web,RU,39433.96766078368,115
C0330,2025-06-02,18104.01488388759,regular,app,RU,33903.04091126527,25
C0077,2025-02-27,5707.861504175444,regular,app,RU,27604.60480859763,121
C0359,2025-04-28,29311.653383312412,regular,app,RU,69875.41513535524,62
C0332,2025-03-17,7837.295497960616,regular,app,KZ,96486.84621670823,103
C0218,2025-01-13,21504.963291103395,regular,app,AM,46855.648918213476,167
C0151,2025-02-11,92780.78097552939,opportunistic,app,BY,49201.32216099323,115
C0309,2025-04-11,3542.399184144683,regular,app,RU,41995.26799765813,64
C0146,2025-03-07,11360.365474692913,regular,web,RU,39433.96766078368,113
C0009,2025-01-22,1826.4409283706746,regular,app,KZ,97350.63118258487,158
C0395,2025-05-04,16526.69620098722,regular,app,RU,64333.874332747415,51
C0060,2025-04-08,22738.972392311814,regular,app,AM,29369.97581505382,81
C0263,2025-03-30,4988.329033397084,regular,web,RU,72432.82695809603,89
C0312,2025-03-22,4634.068319295786,regular,app,RU,38948.629151541485,94
C0373,2025-04-11,21700.674134125853,regular,app,RU,94070.00566845604,78
C0090,2025-06-10,6459.514915100249,regular,app,RU,54907.642961464815,12
C0016,2025-01-09,17897.437830368854,regular,app,RU,73734.55681536577,166
C0071,2025-04-13,10412.90474110191,regular,web,RU,119602.86638084592,75
C0231,2025-04-11,8879.391491994631,regular,web,RU,97988.07583193238,79
C0101,2025-03-11,4795.018758944687,new,web,RU,43100.276086949925,72
C0284,2025-04-25,4649.738331467811,regular,app,RU,16145.402480594568,58
C0200,2025-05-17,23114.383486238134,regular,app,RU,198493.78958835345,38
C0107,2025-02-12,3117.7506510591475,regular,app,RU,56532.060379392606,137
C0281,2025-03-03,3825.7722925760436,regular,web,RU,27211.30833168933,114
C0268,2025-01-03,5187.316594062016,regular,app,KZ,36060.11248799635,170
C0276,2025-03-20,4606.0545686040105,regular,app,RU,65535.05343619635,99
C0188,2025-01-26,6702.206183699021,regular,app,RU,40342.7858121426,152
C0052,2025-06-15,7244.691775334339,regular,web,KZ,36740.54430792383,14
C0060,2025-02-08,12270.77691317589,regular,app,AM,29369.97581505382,140
C0311,2025-04-19,14411.969560685875,regular,app,RU,,69
C0229,2025-03-31,26467.182558187036,opportunistic,manager,RU,42462.24480802524,44
C0392,2025-02-09,17562.089518330402,regular,manager,RU,82318.01174628778,130
C0251,2025-02-14,12309.472546454861,opportunistic,manager,RU,59607.81016099394,115
C0138,2025-01-09,3504.296807384096,regular,web,RU,59561.26986369458,167
C0003,2025-06-07,1612.2852537365136,new,web,RU,77030.04338975502,19
C0089,2025-01-04,7118.791482703411,regular,manager,BY,93017.61049185187,160
C0002,2025-01-20,8777.13078052509,regular,app,RU,88283.04157880397,149
C0238,2025-03-06,27902.326151275694,opportunistic,web,RU,47060.23878059438,103
C0330,2025-03-31,4674.939721324018,regular,app,RU,33903.04091126527,88
C0078,2025-02-10,40106.38137728274,opportunistic,web,RU,,66
C0035,2025-05-03,6464.899545420295,regular,manager,RU,69610.42796192828,57
C0271,2025-06-12,22042.476468313802,regular,web,RU,,8
C0161,2025-05-06,6332.266309113348,regular,app,RU,74003.19392036954,54
C0294,2025-05-20,4905.338680248707,regular,app,RU,60366.5026649566,40
C0263,2025-01-21,12314.59372363077,regular,web,RU,72432.82695809603,157
C0193,2025-05-28,8366.475551396125,regular,app,RU,57590.64763962595,24
C0059,2025-04-24,9195.930431030272,regular,app,RU,54801.21350948494,61
C0048,2025-04-25,34750.951973202624,regular,app,RU,24173.246782879014,65
C0304,2025-06-01,5085.114621092288,regular,app,AM,52384.94132499481,26
C0161,2025-06-04,24258.960209624318,regular,app,RU,74003.19392036954,25
C0399,2025-02-18,30818.28349996022,regular,app,RU,66589.02089418373,129
C0281,2025-01-18,6735.642247389196,regular,app,RU,27211.30833168933,158
C0150,2025-06-29,4485.492057403084,regular,app,RU,93958.54905131078,0
C0335,2025-04-11,4236.328890589115,regular,app,RU,62761.78101883521,41
C0380,2025-02-15,23344.525596897165,opportunistic,manager,RU,24810.292808637114,58
C0341,2025-04-21,12792.153995920447,regular,web,RU,77297.95977305167,62
C0108,2025-05-02,27934.083681661017,regular,web,RU,84938.35767995643,53
C0283,2025-04-14,9439.310615620107,regular,app,AM,49637.64105345447,70
C0008,2025-06-13,14835.310243651076,opportunistic,web,RU,85191.94571132299,12
C0097,2025-01-30,9244.449645994418,regular,web,AM,69587.21229131967,146
C0263,2025-04-16,16512.4242622399,regular,manager,RU,72432.82695809603,72
C0065,2025-05-19,20001.1667698813,opportunistic,manager,RU,,40
C0072,2025-03-16,23355.18564936214,regular,manager,RU,41559.708530966964,105
C0333,2025-03-25,56387.667827719626,opportunistic,web,RU,,80
C0287,2025-01-17,5081.050978759896,regular,app,KZ,44683.913853316626,153
C0033,2025-01-20,7949.548390843639,regular,app,RU,63702.184586940755,158
C0284,2025-05-09,11592.236391555754,regular,app,RU,16145.402480594568,44
C0052,2025-04-22,14272.59765184728,regular,web,KZ,36740.54430792383,68
C0173,2025-04-10,3884.8256706912875,regular,app,RU,33374.269800263144,76
C0161,2025-06-27,25839.488643309563,regular,web,RU,74003.19392036954,2
C0310,2025-01-06,8162.340733037582,regular,manager,RU,43030.78274384195,174
C0311,2025-05-07,9700.4123212084,regular,app,RU,18468.17377658533,51
C0314,2025-02-08,17007.605584763864,regular,web,BY,,134
C0292,2025-06-28,16312.26179940566,regular,manager,RU,83374.99550448595,0
C0230,2025-06-16,7404.563341387357,regular,app,RU,32681.058632895285,13
C0266,2025-05-22,3576.280983158869,regular,app,AM,60126.4423558778,31
C0261,2025-04-16,13376.756449094411,regular,web,RU,92817.5689867,74
C0198,2025-01-06,4784.907159680183,new,app,BY,36692.4700857131,171
C0199,2025-04-14,17749.34527154989,regular,app,RU,98019.14203306024,73
C0192,2025-05-16,6715.360045071989,regular,app,RU,131448.77247629315,37
C0108,2025-05-16,13456.185551877266,regular,web,RU,84938.35767995643,39
C0311,2025-02-20,10839.867292854919,regular,app,RU,18468.17377658533,127
C0253,2025-01-11,19846.005476399852,regular,app,RU,91013.09064201491,158
C0333,2025-01-25,32229.94456988513,opportunistic,app,RU,54555.62976969267,139
C0395,2025-05-24,62376.00240618843,regular,web,RU,64333.874332747415,31
C0162,2025-03-11,1346.6335377977741,new,app,RU,,97
C0039,2025-02-25,85242.53824887649,regular,app,RU,40600.123215367676,121
C0240,2025-03-15,43696.88888440481,regular,app,RU,49345.468111258146,105
C0146,2025-02-21,8163.600377115106,regular,app,RU,39433.96766078368,127
C0258,2025-01-04,12268.1708863181,regular,app,BY,72735.01488396972,176
C0108,2025-02-12,2421.2376093377766,regular,app,RU,84938.35767995643,132
C0011,2025-03-21,20550.08545694096,regular,app,RU,,97
C0048,2025-05-16,5578.346778374893,regular,app,RU,24173.246782879014,44
C0200,2025-02-02,2171.7432603609964,regular,app,RU,198493.78958835345,142
C0199,2025-01-01,17403.484055270903,regular,web,RU,,176
C0134,2025-03-07,5723.123100148525,regular,app,RU,162091.34627439242,113
C0111,2025-04-14,4796.605895209806,regular,app,RU,24166.59661985463,75
C0177,2025-04-09,24422.69599169147,regular,app,KZ,68058.85552278945,81
C0351,2025-06-08,23995.000355295873,opportunistic,web,KZ,101495.73572265125,0
C0245,2025-06-08,114296.88729507462,opportunistic,web,BY,,20
C0091,2025-01-09,7453.405938005654,regular,web,RU,118790.6932272385,153
C0278,2025-06-11,25411.265346471635,regular,app,RU,54814.63414542244,13
C0015,2025-06-26,6915.7521327432905,regular,web,RU,59946.85642054766,0
C0400,2025-04-15,3592.7625291949284,regular,web,RU,75874.27858611445,66
C0102,2025-03-28,43055.015317065016,opportunistic,app,RU,,86
C0085,2025-05-13,30528.48551907535,regular,manager,RU,80116.70385635352,42
C0319,2025-01-27,13837.14060717745,regular,manager,BY,117835.57409004774,135
C0033,2025-04-18,181662.92822944833,regular,manager,RU,63702.184586940755,70
C0034,2025-05-30,26762.398938324517,regular,app,BY,139312.1307018514,30
C0240,2025-03-31,14240.405826794527,regular,web,RU,49345.468111258146,89
C0092,2025-05-17,24783.405417100566,opportunistic,manager,RU,35310.4409081031,43
C0319,2025-06-11,26771.20746221441,regular,manager,BY,117835.57409004774,0
C0107,2025-05-11,27550.118968124872,regular,app,RU,56532.060379392606,49
C0152,2025-01-31,24083.61036062544,new,app,RU,124404.91440912963,147
C0384,2025-06-19,5760.561138998094,regular,app,RU,166874.80517001377,7
C0398,2025-05-24,13403.59706911943,regular,app,RU,108208.7305003528,30
C0103,2025-01-03,5999.319649686707,regular,app,RU,,175
C0290,2025-05-16,4977.138682817622,regular,app,RU,80189.09743512764,40
C0074,2025-03-24,43663.123732640954,regular,app,RU,65236.56695866103,97
C0050,2025-04-11,5334.733129066223,regular,web,AM,47441.35558338082,75
C0290,2025-02-22,2672.4551195006698,regular,app,RU,80189.09743512764,123
C0163,2025-06-03,6092.964189266108,regular,app,RU,97613.13102034428,26
C0127,2025-01-31,10385.4652758312,regular,app,RU,69892.42897742578,149
C0355,2025-04-04,7440.824564666349,regular,web,RU,,77
C0395,2025-06-04,6334.040935047593,regular,manager,RU,64333.874332747415,20
C0225,2025-01-02,20310.449668803034,regular,app,RU,37463.80596379556,171
C0021,2025-03-04,9680.475509398508,opportunistic,manager,RU,,113
C0002,2025-01-19,10379.527528888022,regular,manager,RU,88283.04157880397,150
C0002,2025-03-11,7237.199780163499,regular,app,RU,88283.04157880397,99
C0288,2025-01-26,27086.009659852687,regular,app,KZ,32072.151687949587,148
C0222,2025-01-28,8917.048794802056,regular,app,RU,84664.75261477451,147
C0270,2025-05-24,7573.195814519465,regular,app,RU,78878.98685669352,16
C0239,2025-01-16,14573.25537221632,regular,app,RU,85744.30607535798,160
C0276,2025-01-06,19110.413491985728,regular,app,RU,65535.05343619635,172
C0137,2025-03-21,5378.593328350623,new,app,RU,137954.80147892743,57
C0119,2025-03-10,11074.75521920404,regular,app,RU,12958.52483784047,110
C0153,2025-04-20,6433.679036759342,regular,app,RU,17732.54325367211,70
C0328,2025-01-04,12861.013909077248,regular,app,KZ,65732.80809874619,172
C0190,2025-04-23,6515.236715844326,regular,app,RU,29728.08893128601,61
C0153,2025-02-18,6674.679840032814,regular,web,RU,17732.54325367211,131
C0035,2025-01-22,10180.561888224987,regular,app,RU,69610.42796192828,158
C0002,2025-04-05,14995.242849752049,regular,manager,RU,88283.04157880397,74
C0079,2025-03-26,57962.43623570507,opportunistic,web,RU,35790.53449527416,91
C0356,2025-05-02,37350.22164663243,regular,app,RU,127166.025780776,57
C0185,2025-03-27,52902.16927435686,opportunistic,app,RU,,32
C0059,2025-03-28,17189.04916331751,regular,app,RU,54801.21350948494,88
C0396,2025-03-11,17201.188054373015,regular,web,KZ,63332.172912899565,105
C0045,2025-01-13,30988.804203933014,opportunistic,manager,RU,,162
C0398,2025-06-09,9353.971725819722,regular,web,RU,108208.7305003528,14
C0252,2025-04-16,5411.971546931094,new,web,RU,35869.28283733474,23
C0304,2025-04-05,9791.199482910539,regular,web,AM,52384.94132499481,83
C0369,2025-02-01,10299.677495854943,regular,app,RU,176635.3330683661,143
C0289,2025-06-18,12712.481034668024,regular,app,RU,104787.97930192667,0
C0030,2025-06-20,24618.29090073316,opportunistic,manager,AM,,5
C0277,2025-05-28,15991.403686292819,regular,app,RU,40282.29405287731,25
C0171,2025-01-05,28997.265360388315,regular,manager,RU,,170
C0396,2025-01-03,1153.320910794219,regular,app,KZ,63332.172912899565,172
C0062,2025-03-29,19754.294027653737,regular,app,RU,55142.80232839496,89
C0189,2025-06-20,43871.311677300124,opportunistic,app,RU,73453.94322932605,7
C0276,2025-05-13,9972.708507493635,regular,app,RU,65535.05343619635,45
C0273,2025-05-10,3250.6080261055035,regular,app,RU,128912.01034395119,45
C0233,2025-05-15,10229.732731841834,new,app,AM,,40
C0372,2025-06-11,4537.407011422438,regular,web,BY,105901.06925376512,18
C0314,2025-03-31,8080.759171392824,regular,app,BY,59242.379815333625,83
C0379,2025-06-28,-17445.199087359415,regular,app,AM,,0
C0165,2025-06-27,34488.520125168805,opportunistic,manager,BY,81778.59926716395,0
C0239,2025-01-21,626361.3341373627,regular,manager,RU,85744.30607535798,155
C0129,2025-03-21,23808.869653082784,regular,web,RU,102226.20848008845,70
C0127,2025-04-15,15283.944959914441,regular,app,RU,69892.42897742578,75
C0006,2025-06-10,5327.983437567423,new,app,RU,68179.17681824998,0
C0059,2025-05-06,6230.365575842721,regular,app,RU,54801.21350948494,49
C0093,2025-01-15,3775.289318247205,regular,manager,RU,66402.26752134197,161
C0095,2025-02-19,25983.595867831078,regular,app,RU,74809.02849203724,117
C0322,2025-04-29,9278.372304706078,regular,web,RU,89967.3339755547,44
C0125,2025-05-07,8827.828836291841,regular,app,RU,28042.399336962837,39
C0209,2025-02-04,278652.4955363981,regular,app,RU,32709.208941189918,145
C0029,2025-06-09,9419.140164899867,regular,manager,RU,56574.50740293192,17
C0259,2025-04-15,18254.54131053253,regular,app,KZ,54966.058792712574,73
C0369,2025-01-05,13638.859803452548,regular,app,RU,176635.3330683661,170
C0123,2025-03-31,9754.481517159318,regular,web,AM,48641.64046189509,90
C0269,2025-04-06,2054.1715148414,regular,app,BY,91399.24908804016,75
C0206,2025-03-05,19933.78268399229,regular,app,RU,75884.66245476011,115
C0307,2025-03-11,13897.321289101055,regular,app,KZ,111706.42563456245,107
C0119,2025-01-04,6997.190439527872,regular,web,RU,12958.52483784047,175
C0060,2025-02-01,9934.075587812227,regular,app,AM,29369.97581505382,147
C0166,2025-02-26,8295.314358209605,regular,manager,KZ,89867.6573767307,119
C0281,2025-01-27,5209.889604074571,regular,web,RU,27211.30833168933,149
C0268,2025-04-06,21355.72790043739,regular,manager,KZ,36060.11248799635,77
C0172,2025-03-11,21341.51397470021,regular,app,RU,37505.97494683757,105
C0268,2025-06-12,20252.608466872924,regular,app,KZ,36060.11248799635,10
C0310,2025-04-06,836.0710766378256,regular,app,RU,43030.78274384195,84
C0299,2025-05-21,20454.115576906643,opportunistic,manager,BY,,29
C0124,2025-03-07,12723.374282118126,regular,app,RU,85459.18010301342,96
C0126,2025-03-25,9655.334247708342,regular,app,KZ,56188.76756509697,95
C0045,2025-01-10,11894.181972336486,opportunistic,app,RU,37335.53501414272,165
C0001,2025-04-09,20982.138815242844,opportunistic,app,AM,84271.59478632447,51
C0379,2025-04-12,15917.549332961267,regular,app,AM,79812.48895604689,77
C0085,2025-04-02,14206.998835821727,regular,app,RU,80116.70385635352,83
C0081,2025-01-23,2642062.507044039,opportunistic,manager,RU,56316.60043091989,143
C0210,2025-04-20,3594.94115302615,regular,manager,RU,52418.57889047791,70
C0126,2025-03-08,17262.674781921058,regular,app,KZ,56188.76756509697,112
C0059,2025-02-16,6004.133525535706,regular,web,RU,54801.21350948494,128
C0300,2025-04-09,155133.63675805184,opportunistic,app,RU,50842.772416125044,50
C0056,2025-04-25,71490.50499446692,opportunistic,web,RU,,24
C0118,2025-02-17,86646.46592489116,opportunistic,manager,RU,28958.617270561706,132
C0064,2025-02-10,1858.6761957449278,opportunistic,web,RU,,135
C0211,2025-04-30,73885.06274546309,opportunistic,manager,BY,49695.833368652566,50
C0266,2025-02-10,6857.373743352258,regular,app,AM,60126.4423558778,132
C0275,2025-05-30,35296.10636351197,opportunistic,manager,RU,,0
C0378,2025-05-21,13666.250200245935,regular,app,BY,93929.37563679303,38
C0121,2025-04-28,42356.410928300815,opportunistic,app,BY,250503.52136061847,35
C0249,2025-03-26,2195.4780607407265,regular,app,RU,55783.52272481387,95
C0037,2025-01-26,3257.6293721914076,regular,app,KZ,47718.755959578484,112
C0207,2025-03-28,14558.6996949968,regular,manager,BY,180180.49328698896,88
C0052,2025-03-31,14127.27673087528,regular,app,KZ,36740.54430792383,90
C0088,2025-06-11,25451.313557688918,regular,manager,RU,73271.65445707022,13
C0209,2025-06-15,5070.400158883109,regular,web,RU,32709.208941189918,14
C0209,2025-04-25,8046.496933883744,regular,app,RU,32709.208941189918,65
C0108,2025-06-10,14294.213771817154,regular,app,RU,84938.35767995643,14
C0148,2025-02-16,16412.88354845598,regular,app,RU,84862.16854841373,127
C0303,2025-03-13,36732.65233427468,regular,app,RU,51412.557388166,91
C0284,2025-05-19,20641.94133587602,regular,app,RU,16145.402480594568,34
C0218,2025-06-26,3617.785976188564,regular,app,AM,46855.648918213476,3
C0362,2025-04-04,5791.335801412346,regular,app,RU,87900.75427160058,77
C0173,2025-06-12,12984.551969763008,regular,app,RU,33374.269800263144,13
C0275,2025-05-11,41668.29044678494,opportunistic,web,RU,26092.952637370763,19
C0240,2025-01-09,42114.2018371169,regular,manager,RU,49345.468111258146,170
C0213,2025-03-14,3837.4213630375157,regular,app,RU,75577.42042288934,93
C0166,2025-02-22,9542.768431113831,regular,web,KZ,,123
C0026,2025-05-06,33753.96895947222,regular,app,KZ,,41
C0091,2025-06-04,16636.443237745392,regular,app,RU,118790.6932272385,7
C0018,2025-01-06,6938.352244194136,regular,app,RU,53286.71637060531,160
C0336,2025-03-02,16878.53074797704,opportunistic,manager,AM,123057.91430420888,114
C0034,2025-02-28,83859.04523730416,regular,web,BY,139312.1307018514,121
C0306,2025-01-05,6316.6832560712965,regular,web,RU,57805.035774570744,168
C0091,2025-04-22,18925.687879633773,regular,web,RU,118790.6932272385,50
C0192,2025-03-02,33496.849884394935,regular,app,RU,131448.77247629315,112
C0295,2025-03-16,44150.41417788644,opportunistic,web,RU,,49
C0286,2025-05-04,16545.693638272707,regular,app,RU,76864.80399866072,54
C0027,2025-03-02,9266.762735900538,regular,manager,RU,45567.70668624445,101
C0173,2025-05-01,494054.7112383063,regular,app,RU,33374.269800263144,55
C0238,2025-01-30,44135.9141550569,opportunistic,manager,RU,47060.23878059438,138
C0262,2025-06-13,289374.86829940655,opportunistic,manager,RU,25543.30732192371,0
C0355,2025-04-26,15905.242163790308,regular,app,RU,114801.5160405255,55
C0312,2025-05-10,20973.615651288605,regular,app,RU,38948.629151541485,45
C0041,2025-01-10,19482.76078428303,regular,app,RU,102947.22534981728,170
C0250,2025-02-07,2598.526725919874,regular,app,BY,56532.86206867094,141
C0368,2025-04-01,11179.051596442028,opportunistic,app,RU,204191.9185900407,41
C0260,2025-01-02,19970.992744462674,opportunistic,web,RU,,134
C0369,2025-05-17,8167.1741838016,regular,web,RU,176635.3330683661,38
C0306,2025-04-30,4039.0908207295083,regular,app,RU,57805.035774570744,53
C0093,2025-03-04,3950.510103941128,regular,app,RU,66402.26752134197,113
C0075,2025-05-31,9618.82648803444,regular,web,RU,,27
C0207,2025-03-07,5513.348508307729,regular,app,BY,180180.49328698896,109
C0014,2025-02-28,29693.372940508292,opportunistic,manager,RU,44910.626020112715,92
C0243,2025-01-17,25470.536687524505,regular,app,RU,37334.670245607726,160
C0270,2025-02-27,5405.426944154449,regular,app,RU,78878.98685669352,102
C0317,2025-01-17,13558.76131646278,regular,app,RU,37535.87622140273,157
C0038,2025-03-06,29502.95335105959,regular,app,AM,29310.61212769585,90
C0192,2025-04-28,6055.029779593806,regular,app,RU,131448.77247629315,55
C0176,2025-06-14,9017.852341611466,regular,app,RU,79527.83146299052,8
C0023,2025-05-26,3388.846152733009,new,app,RU,,0
C0134,2025-01-01,2989.4702912555244,regular,app,RU,162091.34627439242,178
C0260,2025-04-24,40309.174757887195,opportunistic,app,RU,61199.74073136644,22
C0229,2025-03-30,50757.02174029613,opportunistic,manager,RU,42462.24480802524,45
C0161,2025-04-19,28138.477510301855,regular,app,RU,74003.19392036954,71
C0065,2025-04-02,27666.571777760506,opportunistic,web,RU,61566.57313890205,87
C0126,2025-01-23,25866.66172333439,regular,manager,KZ,56188.76756509697,156
C0059,2025-04-20,14016.56843172511,regular,app,RU,54801.21350948494,65
C0125,2025-05-12,7066.476375764298,regular,manager,RU,28042.399336962837,34
C0138,2025-05-07,12208.923030428137,regular,web,RU,59561.26986369458,49
C0317,2025-04-07,43697.27776392981,regular,app,RU,37535.87622140273,77
C0045,2025-02-01,28947.744459285976,opportunistic,manager,RU,37335.53501414272,143
C0002,2025-01-21,28616.96091447464,regular,web,RU,88283.04157880397,148
C0316,2025-06-17,11144.429170514828,regular,app,RU,,10
C0346,2025-06-20,15981.2174776911,opportunistic,manager,RU,68326.35771447497,2
C0306,2025-05-25,11844.468346965843,regular,app,RU,57805.035774570744,28
C0315,2025-04-27,11315.441834298772,regular,app,BY,122043.30752195237,55
C0237,2025-03-18,17565.837112709905,regular,app,RU,76718.82517000394,79
C0310,2025-06-12,1927.6498754403808,regular,app,RU,43030.78274384195,17
C0010,2025-02-16,10699.425212815759,regular,app,RU,71398.54626114802,130
C0114,2025-01-27,11164.155763913392,opportunistic,app,RU,29077.40070521304,119
C0048,2025-02-16,4887.159285163571,regular,app,RU,24173.246782879014,133
C0176,2025-03-05,11721.006631809949,regular,web,RU,79527.83146299052,109
C0270,2025-04-17,23738.134548867987,regular,web,RU,78878.98685669352,53
C0045,2025-06-24,107571.84091993833,opportunistic,manager,RU,,0
C0038,2025-04-01,7860.947534072648,regular,app,AM,29310.61212769585,64
C0276,2025-01-01,6920.384221615511,regular,app,RU,65535.05343619635,177
C0264,2025-03-23,13975.933299395541,regular,app,RU,53382.85082631906,96
C0315,2025-05-30,5485.067084048156,regular,manager,BY,122043.30752195237,22
C0272,2025-05-18,7758.818807361347,regular,app,RU,72952.79470233107,10
C0377,2025-06-18,2595.8326647602735,new,web,AM,99409.98397125145,0
C0379,2025-05-17,7543.807669865947,regular,app,AM,79812.48895604689,42
C0036,2025-04-05,2558.5288014433145,regular,app,RU,,78
C0310,2025-04-24,26251.663636098292,regular,app,RU,43030.78274384195,66
C0093,2025-05-14,5603.110266459207,regular,manager,RU,66402.26752134197,42
C0145,2025-02-04,5401.119784837245,regular,app,RU,54231.990145770134,145
C0015,2025-06-21,18207.264454092634,regular,app,RU,59946.85642054766,5
C0059,2025-05-25,12547.252116477295,regular,app,RU,54801.21350948494,30
C0142,2025-05-25,4065.11875837941,regular,app,RU,71133.75089158732,27
C0227,2025-02-12,22324.852897684876,regular,web,RU,30240.76297199327,133
C0303,2025-02-12,56393.93727377308,regular,manager,RU,51412.557388166,120
C0268,2025-01-31,15185.093946963962,regular,web,KZ,36060.11248799635,142
C0035,2025-04-15,8787.520434258862,regular,web,RU,69610.42796192828,75
C0350,2025-03-25,7854.929215546657,regular,app,AM,72183.40831187136,93
C0330,2025-06-09,24484.597798882776,regular,app,RU,33903.04091126527,18
C0169,2025-01-16,20860.067425679346,regular,web,RU,63076.16263509317,164
C0263,2025-01-17,3413.6344192423235,regular,app,RU,72432.82695809603,161
C0348,2025-05-28,10101.95648092978,regular,app,RU,59681.71404088037,32
C0150,2025-04-15,3701.2223929835104,regular,app,RU,93958.54905131078,75
C0107,2025-04-03,4327.613067828273,regular,app,RU,56532.060379392606,87
C0150,2025-04-19,6370.529234192769,regular,app,RU,93958.54905131078,71
C0316,2025-04-08,3195.366451757885,regular,web,RU,57827.32199477627,80
C0028,2025-01-19,5715.968589006465,regular,manager,RU,99926.3451265315,133
C0023,2025-03-29,19152.016401109355,new,web,RU,22110.696963924252,58
C0352,2025-03-24,1662.1834062678656,regular,app,RU,103141.23639450001,95
C0074,2025-02-15,5587.048712583925,regular,web,RU,65236.56695866103,134
C0059,2025-01-14,4358.002781176863,regular,app,RU,54801.21350948494,161
C0364,2025-03-02,18908.72373392125,regular,app,RU,40488.69823107142,117
C0128,2025-01-30,15790.493657334917,regular,app,RU,63110.63911316603,150
C0254,2025-03-22,14766.004867312027,regular,web,RU,88298.5580564642,86
C0172,2025-04-14,64594.18934407032,regular,app,RU,37505.97494683757,71
C0169,2025-06-20,11350.241375711177,regular,manager,RU,63076.16263509317,9
C0355,2025-02-08,14258.88698385711,regular,app,RU,114801.5160405255,132
C0110,2025-02-12,12510.821801424494,new,web,RU,,132
C0014,2025-01-05,26629.205724404554,opportunistic,web,RU,44910.626020112715,146
C0050,2025-06-24,18580.688775632578,regular,app,AM,47441.35558338082,1
C0244,2025-06-12,10169.41465408705,regular,web,RU,17552.836117749855,11
C0179,2025-04-15,3014.482154748997,new,app,BY,108564.6915980085,54
C0134,2025-04-23,10389.189004518623,regular,app,RU,162091.34627439242,66
C0064,2025-05-01,65140.69939927922,opportunistic,manager,RU,81703.93243020093,55
C0184,2025-06-13,6144.119709852254,regular,app,RU,73378.44254129767,11
C0125,2025-01-03,16935.152805307607,regular,app,RU,28042.399336962837,163
C0374,2025-05-30,4066.8008655633516,regular,manager,RU,84406.5338871581,30
C0387,2025-04-05,154755.26673747983,opportunistic,app,KZ,,30
C0359,2025-01-04,13765.157115752685,regular,app,RU,,176
C0017,2025-01-04,42824.92672768596,opportunistic,manager,RU,,171
C0352,2025-02-16,4976.454489494607,regular,app,RU,103141.23639450001,131
C0208,2025-01-01,16696.291669481874,opportunistic,manager,RU,26676.344249311056,158
C0355,2025-04-27,9990.160164632036,regular,app,RU,114801.5160405255,54
C0362,2025-01-26,8576.935965824394,regular,web,RU,87900.75427160058,145
C0200,2025-05-26,4128.10145343386,regular,app,RU,198493.78958835345,29
C0291,2025-05-27,106727.4153662747,opportunistic,manager,RU,245347.59900639023,12
C0126,2025-04-29,6627.082718956964,regular,app,KZ,56188.76756509697,60
C0099,2025-05-23,10105.21860830203,regular,app,BY,64136.52177165041,37
C0378,2025-01-05,12235.937467429398,regular,web,BY,93929.37563679303,174
C0060,2025-01-01,14086.120966421624,regular,app,AM,,178
C0029,2025-02-28,2957.950818700846,regular,app,RU,56574.50740293192,118
C0212,2025-01-13,63762.49084357798,opportunistic,web,RU,103459.0031373886,160
C0347,2025-01-24,9311.471495463215,new,web,KZ,,124
C0044,2025-05-07,32970.75874570095,regular,web,RU,82129.71014803136,53
C0345,2025-02-23,18473.5355221335,opportunistic,manager,RU,84651.45232171354,118
C0048,2025-06-24,12307.464046802677,regular,web,RU,24173.246782879014,5
C0225,2025-04-23,31193.431568315827,regular,app,RU,37463.80596379556,60
C0077,2025-01-11,6808.115019054163,regular,app,RU,27604.60480859763,168
C0267,2025-05-02,7603.391318484698,regular,app,BY,165601.26935907674,54
C0389,2025-05-22,6363.283100068211,regular,web,RU,,37
C0050,2025-06-21,8068.786648328716,regular,web,AM,47441.35558338082,4
C0332,2025-04-25,9558.65645234107,regular,manager,KZ,96486.84621670823,64
C0095,2025-01-11,6867.275055491403,regular,manager,RU,74809.02849203724,156
C0267,2025-01-14,9667.356131816554,regular,app,BY,165601.26935907674,162
C0366,2025-04-23,3359.4269210112243,regular,manager,RU,56128.80472027171,62
C0305,2025-06-19,7571.298866443444,new,web,RU,78648.39277551271,0
C0147,2025-03-02,16762.590279929493,regular,app,RU,51703.96166882332,110
C0119,2025-02-08,1143.622535331236,regular,app,RU,12958.52483784047,140
C0232,2025-03-09,4333.901392088616,regular,manager,RU,,112
C0284,2025-01-04,10834.105840690625,regular,app,RU,16145.402480594568,169
C0022,2025-02-18,7907.933184587591,regular,web,BY,104426.15742678501,127
C0064,2025-05-29,14747.409241998028,opportunistic,manager,RU,,27
C0210,2025-03-13,11910.838599425815,regular,app,RU,52418.57889047791,108
C0114,2025-03-25,39846.09705441996,opportunistic,manager,RU,,62
C0248,2025-02-04,46684.414787382564,regular,app,RU,22805.090958222576,130
C0127,2025-03-21,22819.73312379968,regular,web,RU,69892.42897742578,100
C0205,2025-05-08,18483.53428303052,regular,app,AM,33782.36257951558,49
C0097,2025-06-25,3722.362844777866,regular,web,AM,69587.21229131967,0
C0396,2025-05-29,15951.696981510127,regular,app,KZ,63332.172912899565,26
C0253,2025-03-14,27002.08038438731,regular,app,RU,91013.09064201491,96
C0150,2025-01-19,23287.299005440615,regular,manager,RU,93958.54905131078,161
C0052,2025-03-20,6306.756527063962,regular,manager,KZ,36740.54430792383,101
C0322,2025-05-12,93118.49795466826,regular,web,RU,89967.3339755547,31
C0141,2025-02-13,4557.61339104618,regular,app,RU,147307.13899357288,129
C0351,2025-01-24,74246.3878854164,opportunistic,manager,KZ,101495.73572265125,135
C0277,2025-04-05,5339.450584882293,regular,web,RU,40282.29405287731,78
C0019,2025-04-13,14633.29133266872,opportunistic,manager,RU,88136.4967035286,29
C0071,2025-04-28,14514.038907342172,regular,app,RU,119602.86638084592,60
C0153,2025-03-02,9026.705652083298,regular,app,RU,,119
C0222,2025-03-25,10468.763816401524,regular,manager,RU,84664.75261477451,91
C0196,2025-03-29,8767.295512309265,regular,app,RU,35031.704974799344,89
C0309,2025-06-05,6699.367116784716,regular,web,RU,,9
C0244,2025-02-23,8563.492024437324,regular,app,RU,17552.836117749855,120
C0264,2025-03-15,6640.823775635164,regular,app,RU,53382.85082631906,104
C0218,2025-03-27,5693.714167291815,regular,app,AM,46855.648918213476,94
C0213,2025-05-25,11773.738051932745,regular,app,RU,75577.42042288934,21
C0378,2025-05-12,5413.377582655762,regular,manager,BY,93929.37563679303,47
C0255,2025-06-29,15132.207301589719,regular,app,AM,29087.88109205289,0
C0124,2025-05-08,8538.507377990325,regular,app,RU,85459.18010301342,34
C0041,2025-02-19,6092.227989356525,regular,app,RU,102947.22534981728,130
C0270,2025-05-07,6573.355151250977,regular,app,RU,78878.98685669352,33
C0384,2025-01-22,23927.20078336146,regular,app,RU,166874.80517001377,155
C0374,2025-04-10,2946.015118023527,regular,app,RU,84406.5338871581,80
C0389,2025-05-05,21799.971303765833,regular,app,RU,66611.28251620958,54
C0148,2025-01-01,10532.615768585023,regular,app,RU,84862.16854841373,173
C0360,2025-06-15,14951.119050943596,opportunistic,web,RU,110410.55603274144,0
C0047,2025-01-18,7640.432407152924,regular,manager,KZ,61568.2960255891,146
C0059,2025-03-25,8691.252557155907,regular,app,RU,54801.21350948494,91
C0339,2025-03-20,25828.11366327324,regular,app,RU,39831.465005485414,89
C0247,2025-01-06,118086.13476158462,opportunistic,manager,RU,52949.92337999243,152
C0392,2025-01-21,11382.329504119758,regular,app,RU,82318.01174628778,149
C0115,2025-06-12,9608.015176138133,regular,manager,RU,140101.75043049947,7
C0282,2025-05-09,8869.919216730088,regular,app,KZ,86261.33612057511,43
C0374,2025-02-21,17002.52214975318,regular,web,RU,84406.5338871581,128
C0173,2025-05-12,29550.643537004154,regular,app,RU,33374.269800263144,44
C0090,2025-03-15,3456.2561302049753,regular,web,RU,54907.642961464815,99
C0082,2025-05-12,9690.20247576121,regular,app,RU,192043.49068353276,28
C0091,2025-02-10,7577.554385999843,regular,app,RU,118790.6932272385,121
C0090,2025-06-18,11924.568006665098,regular,app,RU,54907.642961464815,4
C0093,2025-03-04,3950.510103941128,regular,app,RU,66402.26752134197,113
C0167,2025-06-14,66750.14537262417,opportunistic,manager,RU,77888.21217479996,0
C0314,2025-03-14,9434.530083473224,regular,app,BY,59242.379815333625,100
C0020,2025-03-11,30266.177870838397,opportunistic,manager,RU,57170.23440825851,94
C0363,2025-04-01,8722.818581967013,regular,app,RU,53936.128335688154,72
C0328,2025-01-21,7351.138734712946,regular,app,KZ,65732.80809874619,155
C0164,2025-01-29,23243.721230432875,regular,app,RU,95269.62263734348,149
C0153,2025-03-27,13251.034016606922,regular,app,RU,17732.54325367211,94
C0263,2025-01-02,9156.281461659932,regular,app,RU,72432.82695809603,176
C0330,2025-04-26,12777.084848938377,regular,manager,RU,33903.04091126527,62
C0022,2025-01-28,21113.044492867997,regular,app,BY,104426.15742678501,148
C0192,2025-05-29,18044.912551028756,regular,app,RU,131448.77247629315,24
C0093,2025-04-07,9990.413885382568,regular,web,RU,66402.26752134197,79
C0240,2025-03-14,6467.464639145234,regular,app,RU,49345.468111258146,106
C0225,2025-04-02,26420.378462247212,regular,app,RU,37463.80596379556,81
C0085,2025-05-28,17949.921887602086,regular,manager,RU,80116.70385635352,27
C0003,2025-01-22,21706.305813756753,new,app,RU,,155
C0286,2025-03-16,4282.2966034598385,regular,app,RU,76864.80399866072,103
C0266,2025-05-24,19869.062080757023,regular,web,AM,60126.4423558778,29
C0066,2025-01-08,41053.067163307416,opportunistic,manager,RU,,156
C0362,2025-06-20,11052.794397741593,regular,web,RU,87900.75427160058,0
C0199,2025-02-21,31513.35888035094,regular,app,RU,98019.14203306024,125
C0259,2025-04-29,4961.694573369555,regular,web,KZ,54966.058792712574,59
C0246,2025-05-16,2553.785392886969,new,web,RU,268909.5546376625,10
C0278,2025-01-17,5963.518758650718,regular,manager,RU,54814.63414542244,158
C0082,2025-04-10,5487.689392359529,regular,web,RU,192043.49068353276,60
C0362,2025-04-22,4149.205202474527,regular,manager,RU,87900.75427160058,59
C0283,2025-06-17,10212.159474821978,regular,app,AM,49637.64105345447,6
C0085,2025-01-02,9609.401588909626,regular,app,RU,80116.70385635352,173
C0239,2025-01-02,192802.1804560089,regular,app,RU,85744.30607535798,174
C0038,2025-04-17,5027.896304236853,regular,manager,AM,,48
C0173,2025-04-01,5553.5536185276105,regular,web,RU,33374.269800263144,85
C0059,2025-03-12,41414.08311937632,regular,app,RU,54801.21350948494,104
C0075,2025-05-18,20077.735915345515,regular,app,RU,78641.08221028118,40
C0254,2025-02-20,26851.323241943715,regular,app,RU,88298.5580564642,116
C0237,2025-06-05,6123.190911802985,regular,web,RU,76718.82517000394,0
C0066,2025-03-15,68595.81925996041,opportunistic,web,RU,80163.75361248822,90
C0384,2025-01-26,10646.581649211894,regular,app,RU,166874.80517001377,151
C0112,2025-03-26,4135.006845933538,regular,app,KZ,55018.014532175854,80
C0176,2025-02-17,22988.20376221349,regular,web,RU,79527.83146299052,125
C0346,2025-06-14,74569.2502374653,opportunistic,manager,RU,68326.35771447497,8
C0246,2025-05-26,8038.699196347244,new,app,RU,268909.5546376625,0
C0193,2025-03-27,25015.701672129107,regular,web,RU,,86
C0052,2025-06-05,15218.252878401863,regular,app,KZ,36740.54430792383,24
C0315,2025-05-14,15128.545519844714,regular,manager,BY,122043.30752195237,38
C0091,2025-01-16,17720.767095218536,regular,app,RU,118790.6932272385,146
C0326,2025-02-13,26383.0076537076,opportunistic,web,KZ,,112
C0388,2025-02-21,105050.30929315362,new,app,RU,139085.4562713581,4
C0330,2025-03-26,5967.79063565692,regular,app,RU,33903.04091126527,93
C0312,2025-05-21,9569.686916649338,regular,web,RU,38948.629151541485,34
C0066,2025-02-12,63760.718117241195,opportunistic,manager,RU,80163.75361248822,121
C0385,2025-04-24,2600.5232810170805,regular,app,RU,171261.59082559345,57
C0345,2025-05-07,39435.31177437822,opportunistic,manager,RU,84651.45232171354,45
C0348,2025-06-29,8882.081051635994,regular,app,RU,59681.71404088037,0
C0283,2025-01-06,22369.9588996984,regular,app,AM,49637.64105345447,168
C0115,2025-05-13,10624.51383037899,regular,app,RU,140101.75043049947,37
C0289,2025-01-14,7966.661571936747,regular,web,RU,104787.97930192667,155
C0272,2025-02-10,31195.92844918969,regular,app,RU,72952.79470233107,107
C0045,2025-04-07,28729.461107636576,opportunistic,web,RU,37335.53501414272,78
C0364,2025-01-12,9316.289320101518,regular,app,RU,40488.69823107142,166
C0160,2025-02-01,25812.11736337871,opportunistic,web,RU,,121
C0088,2025-01-05,30959.6062737364,regular,web,RU,73271.65445707022,170
C0082,2025-01-29,7594.37693785989,regular,app,RU,192043.49068353276,131
C0386,2025-06-28,14460.004414544803,new,app,RU,139744.5413521577,0
C0156,2025-06-07,98582.12426282423,opportunistic,app,RU,42006.254107436456,0
C0203,2025-02-15,11663.978907961315,regular,app,RU,75319.67008401135,124
C0400,2025-04-21,5770.888140264797,regular,web,RU,75874.27858611445,60
C0205,2025-03-08,18331.684101088373,regular,web,AM,33782.36257951558,110
C0158,2025-01-22,65115.30178678885,opportunistic,app,AM,59959.54453274451,149
C0171,2025-01-23,8731.009932234389,regular,app,RU,43719.95140581391,152
C0159,2025-04-01,44128.91979813208,opportunistic,app,RU,57563.40627579265,85
C0142,2025-04-08,10196.771776030771,regular,app,RU,71133.75089158732,74
C0245,2025-05-24,70680.76968272397,opportunistic,app,BY,,35
C0044,2025-02-17,43703.02014416778,regular,app,RU,82129.71014803136,132
C0234,2025-06-17,39220.57652554946,opportunistic,manager,RU,146994.1937911746,0
C0006,2025-02-12,4814.454023670348,new,manager,RU,68179.17681824998,118
C0330,2025-06-20,9203.461226510228,regular,app,RU,33903.04091126527,7
C0369,2025-06-17,14036.291130696769,regular,app,RU,176635.3330683661,7
C0010,2025-01-19,21788.734151318287,regular,web,RU,71398.54626114802,158
C0138,2025-06-25,8021.760650455882,regular,app,RU,59561.26986369458,0
C0389,2025-06-28,13675.81050043899,regular,manager,RU,66611.28251620958,0
C0290,2025-01-18,2007.7365381203165,regular,app,RU,80189.09743512764,158
C0082,2025-02-09,5458.123107711497,regular,app,RU,192043.49068353276,120
C0121,2025-02-23,55901.02099151567,opportunistic,web,BY,,99
C0103,2025-01-15,8587.134943751784,regular,app,RU,41425.609103306146,163
C0389,2025-01-14,19647.501920197665,regular,web,RU,66611.28251620958,165
C0179,2025-01-26,13992.002097284269,new,web,BY,108564.6915980085,133
C0302,2025-04-11,13518.01613871031,regular,app,KZ,150859.75994505777,75
C0313,2025-05-15,21386.963289713203,regular,app,RU,40001.1761448378,42
C0266,2025-06-13,4827.9450347512075,regular,web,AM,60126.4423558778,9
C0033,2025-03-27,3822.981627308175,regular,app,RU,63702.184586940755,92
C0088,2025-03-29,7751.4413497035775,regular,app,RU,73271.65445707022,87
C0297,2025-01-12,1660.9520706882142,new,manager,RU,131721.9782148662,104
C0126,2025-05-06,9341.644486370518,regular,app,KZ,56188.76756509697,53
C0324,2025-06-16,8216.407734757606,regular,app,RU,94477.46126382126,7
C0074,2025-03-26,6232.458391732204,regular,app,RU,65236.56695866103,95
C0009,2025-01-29,10274.501669116351,regular,app,KZ,97350.63118258487,151
C0029,2025-05-21,40508.719181529115,regular,web,RU,56574.50740293192,36
C0400,2025-01-19,25629.99665447586,regular,web,RU,75874.27858611445,152
C0252,2025-04-03,17796.025589470122,new,app,RU,35869.28283733474,36
C0275,2025-02-15,4308.29524669225,opportunistic,manager,RU,26092.952637370763,104
C0038,2025-02-16,8334.417920597987,regular,web,AM,29310.61212769585,108
C0227,2025-04-21,15680.220845600234,regular,app,RU,30240.76297199327,65
C0221,2025-05-22,16848.694422996057,regular,manager,RU,100670.64887680218,35
C0184,2025-03-07,3144.702510068151,regular,app,RU,73378.44254129767,109
C0244,2025-03-26,13851.845278681125,regular,app,RU,17552.836117749855,89
C0255,2025-02-12,40125.67386647275,regular,web,AM,29087.88109205289,137
C0196,2025-05-05,32233.926929166602,regular,web,RU,35031.704974799344,52
C0400,2025-06-17,3229.060890737579,regular,app,RU,75874.27858611445,3
C0049,2025-03-10,31201.979738229355,opportunistic,app,RU,110256.34529649711,107
C0347,2025-01-16,3038.5994884211163,new,app,KZ,89483.21550110105,132
C0280,2025-04-25,2649.354326198346,new,app,RU,25897.229715915793,0
C0184,2025-01-12,6757.685366128426,regular,app,RU,73378.44254129767,163
C0232,2025-03-10,11095.16595731606,regular,manager,RU,75576.78867544084,111
C0281,2025-06-13,17979.183441250098,regular,manager,RU,27211.30833168933,12
C0295,2025-05-04,47566.40225200796,opportunistic,manager,RU,,0
C0082,2025-02-14,4261.940489745587,regular,app,RU,192043.49068353276,115
C0044,2025-01-30,13090.830852955894,regular,app,RU,82129.71014803136,150
C0111,2025-04-06,3846.9145954104724,regular,app,RU,,83
C0192,2025-02-14,5229.118029313228,regular,manager,RU,131448.77247629315,128
C0172,2025-03-21,8212.83703685698,regular,app,RU,37505.97494683757,95
C0389,2025-02-03,4072.7068758013443,regular,app,RU,66611.28251620958,145
C0207,2025-01-29,4000.132861014217,regular,web,BY,180180.49328698896,146
C0128,2025-05-21,6641.762891722356,regular,app,RU,63110.63911316603,39
C0200,2025-01-06,13242.83117059389,regular,app,RU,198493.78958835345,169
C0141,2025-05-15,6686.867774672411,regular,web,RU,147307.13899357288,38
C0212,2025-06-16,105381.48549979349,opportunistic,manager,RU,103459.0031373886,6
C0334,2025-02-06,15547.785423741367,new,manager,AM,37712.46084036547,61
C0107,2025-03-18,23474.107530166802,regular,app,RU,56532.060379392606,103
C0277,2025-02-05,12615.431415521609,regular,app,RU,40282.29405287731,137
C0185,2025-02-15,11384.683445409983,opportunistic,web,RU,29837.760681668267,72
C0366,2025-02-10,13757.786472345771,regular,app,RU,56128.80472027171,134
C0022,2025-06-15,23541.464250695226,regular,app,BY,104426.15742678501,10
C0363,2025-05-07,25139.127127498115,regular,app,RU,53936.128335688154,36
C0009,2025-01-04,9779.791829388956,regular,manager,KZ,97350.63118258487,176
C0254,2025-03-16,8912.922189412204,regular,app,RU,88298.5580564642,92
C0311,2025-03-11,13537.499044859593,regular,web,RU,18468.17377658533,108
C0009,2025-04-24,10878.965316569334,regular,web,KZ,97350.63118258487,66
C0157,2025-03-12,3564.89030464006,regular,web,RU,75827.495673324,107
C0333,2025-03-06,27431.324596893355,opportunistic,app,RU,54555.62976969267,99
C0024,2025-06-07,5644.661210012016,new,web,RU,32433.276252432417,0
C0287,2025-05-01,7354.97540208283,regular,app,KZ,44683.913853316626,49
C0092,2025-03-30,39420.941690992855,opportunistic,web,RU,,91
C0216,2025-01-01,38264.2522023668,opportunistic,app,RU,48163.3487761787,160
C0050,2025-02-12,12002.026958058414,regular,app,AM,47441.35558338082,133
C0051,2025-02-13,7798.180634458539,regular,app,AM,49333.31383761302,135
C0166,2025-04-06,15412.122777338009,regular,manager,KZ,89867.6573767307,80
C0145,2025-04-14,4554.520401169268,regular,app,RU,54231.990145770134,76
C0278,2025-05-23,13450.546207812435,regular,manager,RU,,32
C0148,2025-05-22,2698.1370429955396,regular,app,RU,84862.16854841373,32
C0375,2025-05-14,76236.5782318326,regular,web,RU,131572.8404314726,46
C0284,2025-02-15,-12927.001494123353,regular,app,RU,16145.402480594568,127
C0245,2025-02-24,14718.607798670158,opportunistic,manager,BY,160494.5632676289,124
C0253,2025-02-16,12845.542755974631,regular,web,RU,91013.09064201491,122
C0308,2025-06-07,82544.4916478817,opportunistic,manager,RU,,0
C0286,2025-02-17,11705.953397828278,regular,app,RU,76864.80399866072,130
C0153,2025-01-19,9126.344132030883,regular,app,RU,17732.54325367211,161
C0255,2025-01-21,6410.194885865805,regular,web,AM,29087.88109205289,159
C0328,2025-02-05,9130.149620250453,regular,web,KZ,65732.80809874619,140
C0148,2025-04-13,4938.110193121441,regular,manager,RU,84862.16854841373,71
C0353,2025-01-24,34132.300328842124,opportunistic,app,KZ,27148.318862214852,143
C0163,2025-05-23,6859.15290045632,regular,web,RU,97613.13102034428,37
C0106,2025-03-26,48607.79034339257,opportunistic,manager,KZ,80950.43024024995,4
C0269,2025-04-04,6318.140089208778,regular,app,BY,91399.24908804016,77
C0216,2025-02-04,15126.358371873235,opportunistic,app,RU,48163.3487761787,126
C0389,2025-01-10,27220.371754414304,regular,app,RU,66611.28251620958,169
C0086,2025-06-23,5033.804688997788,regular,app,RU,52897.26789986734,0
C0396,2025-06-04,19665.173349798235,regular,app,KZ,63332.172912899565,20
C0272,2025-01-18,2446.5159305008533,regular,app,RU,72952.79470233107,130
C0108,2025-04-15,66801.54559506364,regular,app,RU,,70
C0111,2025-03-25,5487.962177144592,regular,app,RU,24166.59661985463,95
C0338,2025-02-14,53383.82281059021,opportunistic,web,RU,29052.177619448208,38
C0282,2025-05-08,4941.632182215861,regular,app,KZ,86261.33612057511,44
C0174,2025-06-09,5614.269486195796,new,app,KZ,40585.31082253768,0
C0303,2025-05-18,15226.610860584196,regular,app,RU,51412.557388166,25
C0350,2025-01-24,27478.262452929488,regular,app,AM,72183.40831187136,153
C0316,2025-01-07,21199.2065578295,regular,web,RU,57827.32199477627,171
C0305,2025-02-01,4153.216795022989,new,web,RU,78648.39277551271,138
C0255,2025-06-21,3369.610937066042,regular,web,AM,29087.88109205289,8
C0332,2025-05-14,253692.5777703044,regular,web,KZ,96486.84621670823,45
C0005,2025-03-11,18860.13138466637,regular,app,RU,18572.608441914028,109
C0276,2025-05-16,2639.237426799994,regular,manager,RU,65535.05343619635,42
C0072,2025-01-23,10040.236962516085,regular,web,RU,,157
C0128,2025-01-01,7423.509100255229,regular,app,RU,63110.63911316603,179
C0022,2025-03-12,17813.246831988836,regular,web,BY,104426.15742678501,105
C0207,2025-05-26,16189.94817563971,regular,app,BY,180180.49328698896,29
C0209,2025-06-03,3373.5635727788595,regular,manager,RU,,26
C0184,2025-01-08,5163.487408535457,regular,app,RU,73378.44254129767,167
C0095,2025-03-01,15244.800078825347,regular,manager,RU,74809.02849203724,107
C0075,2025-01-27,15849.774704042691,regular,app,RU,78641.08221028118,151
C0178,2025-06-27,3517.4150557640833,new,app,RU,43432.16598996701,0
C0378,2025-05-04,12016.817573768469,regular,manager,BY,93929.37563679303,55
C0111,2025-02-13,7037.839926991534,regular,app,RU,,135
C0029,2025-06-26,11667.750648386504,regular,web,RU,56574.50740293192,0
C0373,2025-01-04,17342.72180670116,regular,web,RU,94070.00566845604,175
C0231,2025-06-07,5752.647677549234,regular,web,RU,97988.07583193238,22
C0389,2025-02-18,24764.194058642155,regular,web,RU,66611.28251620958,130
C0206,2025-02-25,6913.217297569346,regular,app,RU,75884.66245476011,123
C0098,2025-06-04,5893.65844568406,regular,app,BY,91073.97819474443,23
C0230,2025-06-12,8229.474293694579,regular,manager,RU,,17
C0161,2025-03-26,7432.323779928353,regular,app,RU,74003.19392036954,95
C0039,2025-01-21,26492.868791584253,regular,app,RU,40600.123215367676,156
C0337,2025-06-04,10258.253286985968,regular,app,RU,18875.011531273616,22
C0237,2025-03-15,7181.263350590215,regular,app,RU,76718.82517000394,82
C0081,2025-04-13,31906.987489144965,opportunistic,manager,RU,56316.60043091989,63
C0319,2025-01-29,22507.33807749418,regular,web,BY,117835.57409004774,133
C0013,2025-04-27,17794.521633937584,opportunistic,manager,AM,,63
C0184,2025-02-10,5037.653132635728,regular,app,RU,73378.44254129767,134
C0394,2025-06-09,33263.748568950316,opportunistic,app,RU,,20
C0085,2025-01-05,17717.037327402435,regular,app,RU,80116.70385635352,170
C0193,2025-01-28,25021.457796164334,regular,app,RU,57590.64763962595,144
C0270,2025-01-18,2934.446330670801,regular,web,RU,78878.98685669352,142
C0192,2025-06-18,3529.891564103408,regular,app,RU,,4
C0136,2025-01-28,24550.62298509351,regular,app,RU,40609.90938605977,146
C0098,2025-03-29,6847.679247083293,regular,manager,BY,91073.97819474443,90
C0250,2025-05-08,25954.800429186038,regular,web,BY,56532.86206867094,51
C0392,2025-03-22,9227.727479155807,regular,web,RU,82318.01174628778,89
C0086,2025-03-03,9324.806752479222,regular,manager,RU,52897.26789986734,112
C0237,2025-02-10,9961.92158805024,regular,web,RU,76718.82517000394,115
C0273,2025-02-17,-4782.006074238209,regular,app,RU,128912.01034395119,127
C0306,2025-03-14,3626.7821333386005,regular,app,RU,57805.035774570744,100
C0221,2025-02-05,2396.195914494185,regular,app,RU,100670.64887680218,141
C0192,2025-01-06,16191.016366133003,regular,app,RU,131448.77247629315,167
C0213,2025-05-11,8519.579672015689,regular,web,RU,75577.42042288934,35
C0263,2025-01-11,14241.279329002286,regular,app,RU,72432.82695809603,167
C0016,2025-02-28,10820.023593674823,regular,web,RU,73734.55681536577,116
C0018,2025-02-26,7015.8097822465925,regular,manager,RU,53286.71637060531,109
C0373,2025-06-16,10814.240945877673,regular,app,RU,94070.00566845604,12
C0226,2025-04-23,4850.840325252206,new,app,RU,75312.53454633616,23
C0128,2025-06-23,16995.214842067577,regular,app,RU,,6
C0282,2025-01-13,7098.095079987817,regular,web,KZ,86261.33612057511,159
C0361,2025-06-03,4122.550064259136,new,app,RU,177846.65822318624,13
C0227,2025-03-03,431630.3010709946,regular,app,RU,,114
C0253,2025-04-06,742.4354334925322,regular,web,RU,91013.09064201491,73
C0009,2025-05-21,5953.8266817826725,regular,app,KZ,97350.63118258487,39
C0324,2025-01-11,11436.133446321679,regular,web,RU,94477.46126382126,163
C0263,2025-01-13,7754.125925077187,regular,app,RU,72432.82695809603,165
C0082,2025-05-26,11303.70103217113,regular,web,RU,192043.49068353276,14
C0107,2025-05-18,3847.89777740587,regular,app,RU,56532.060379392606,42
C0155,2025-06-12,60686.714721536424,regular,web,RU,26171.924123075,0
C0029,2025-01-29,42348.90857075845,regular,web,RU,56574.50740293192,148
C0291,2025-06-08,59202.27385547747,opportunistic,app,RU,,0
C0092,2025-06-13,45722.74263038036,opportunistic,web,RU,35310.4409081031,16
C0269,2025-02-21,15996.31507248933,regular,app,BY,91399.24908804016,119
C0118,2025-04-24,23656.010118305,opportunistic,web,RU,28958.617270561706,66
C0353,2025-06-16,29978.4101184574,opportunistic,web,KZ,27148.318862214852,0
C0221,2025-04-23,5623.665133717903,regular,app,RU,100670.64887680218,64
C0142,2025-02-12,12171.18788609766,regular,web,RU,71133.75089158732,129
C0027,2025-02-15,12257.657642347507,regular,web,RU,45567.70668624445,116
C0094,2025-03-26,8206.444952743916,regular,app,RU,276155.8197288189,80
C0375,2025-03-08,9346.945631764618,regular,web,RU,131572.8404314726,113
C0205,2025-05-26,9068.068694567413,regular,app,AM,,31
C0055,2025-01-15,29364.57783780146,opportunistic,manager,RU,59630.09125590324,163
C0065,2025-04-16,21434.08807857447,opportunistic,manager,RU,61566.57313890205,73
C0225,2025-05-14,10389.726332419306,regular,app,RU,37463.80596379556,39
C0348,2025-05-12,4782.446926966355,regular,app,RU,59681.71404088037,48
C0258,2025-01-03,28933.222462198068,regular,web,BY,72735.01488396972,177
C0027,2025-05-26,1454.3681358618608,regular,app,RU,45567.70668624445,16
C0353,2025-04-16,71676.39741217662,opportunistic,manager,KZ,27148.318862214852,61
C0125,2025-05-10,8809.00360880943,regular,app,RU,28042.399336962837,36
C0255,2025-04-18,9273.633610332568,regular,app,AM,29087.88109205289,72
C0166,2025-03-24,9242.960404222067,regular,app,KZ,89867.6573767307,93
C0165,2025-01-23,47216.592794358796,opportunistic,app,BY,81778.59926716395,155
C0379,2025-03-29,2381.8362497247367,regular,manager,AM,79812.48895604689,91
C0253,2025-05-07,10305.160736490581,regular,web,RU,91013.09064201491,42
C0082,2025-04-01,50486.62534329186,regular,app,RU,192043.49068353276,69
C0155,2025-05-26,30856.634974134864,regular,app,RU,,17
C0350,2025-02-22,29946.301079149827,regular,web,AM,72183.40831187136,124
C0389,2025-04-03,125751.19317572683,regular,app,RU,66611.28251620958,86
C0151,2025-03-27,60173.70736448023,opportunistic,manager,BY,49201.32216099323,71
C0376,2025-05-20,6437.516733451272,regular,app,RU,93850.10197362199,35
C0249,2025-06-18,7933.430601318842,regular,app,RU,55783.52272481387,11
C0026,2025-06-03,4877.517973636766,regular,app,KZ,18333.974251046504,13
C0033,2025-06-09,11112.888317423685,regular,web,RU,63702.184586940755,18
C0047,2025-06-06,8205.367550412724,regular,app,KZ,61568.2960255891,7
C0102,2025-05-13,77924.43787393293,opportunistic,web,RU,,40
C0089,2025-05-02,21213.56318010626,regular,app,BY,93017.61049185187,42
C0290,2025-06-08,6515.021469332266,regular,app,RU,80189.09743512764,17
C0330,2025-03-29,15330.408790388745,regular,app,RU,33903.04091126527,90
C0050,2025-04-05,7754.193895851539,regular,app,AM,47441.35558338082,81
C0130,2025-02-21,78763.00463076647,opportunistic,web,RU,79981.8389236212,111
C0373,2025-02-06,11185.134786661925,regular,app,RU,94070.00566845604,142
C0129,2025-04-10,6387.778157873128,regular,app,RU,102226.20848008845,50
C0081,2025-01-13,76442.1977186062,opportunistic,app,RU,56316.60043091989,153
C0089,2025-01-25,8915.412863894184,regular,web,BY,93017.61049185187,139
C0011,2025-06-10,11381.50003813504,regular,web,RU,100516.10043231638,16
C0060,2025-06-13,49080.39762972664,regular,app,AM,29369.97581505382,15
C0109,2025-05-11,19436.188547922982,regular,app,RU,55839.111146692514,46
C0330,2025-02-06,11957.115999611859,regular,app,RU,33903.04091126527,141
C0150,2025-03-26,11675.007090895406,regular,web,RU,93958.54905131078,95
C0374,2025-04-15,21433.10505528075,regular,web,RU,84406.5338871581,75
C0163,2025-06-25,23729.590832695943,regular,app,RU,97613.13102034428,4
C0387,2025-01-09,26171.209608472083,opportunistic,manager,KZ,76142.91997429843,116
C0243,2025-02-17,5640.4841007144205,regular,app,RU,37334.670245607726,129
C0282,2025-05-03,11713.120018689951,regular,app,KZ,86261.33612057511,49
C0142,2025-05-21,19065.117953749545,regular,web,RU,71133.75089158732,31
C0364,2025-04-07,27932.933220765088,regular,web,RU,40488.69823107142,81
C0088,2025-03-15,7048.015347603202,regular,app,RU,73271.65445707022,101
C0393,2025-06-12,36477.354022219755,opportunistic,manager,RU,68405.75658258372,0
C0082,2025-02-16,4690.312703368131,regular,manager,RU,192043.49068353276,113
C0396,2025-01-13,4401.659004337343,regular,web,KZ,63332.172912899565,162
C0278,2025-06-23,144773.02488982968,regular,app,RU,54814.63414542244,1
C0396,2025-05-20,5932.064204117381,regular,web,KZ,63332.172912899565,35
C0092,2025-04-26,7129.731912701648,opportunistic,app,RU,,64
C0036,2025-06-13,8813.541874458497,regular,manager,RU,41749.00830799161,9
C0163,2025-03-14,10502.471201673328,regular,app,RU,97613.13102034428,107
C0124,2025-06-01,4880.449167725061,regular,web,RU,85459.18010301342,10
C0051,2025-05-21,19570.868458401736,regular,app,AM,49333.31383761302,38
C0325,2025-05-30,60564.432335150144,opportunistic,web,RU,,23
C0230,2025-05-09,5400.537318310348,regular,app,RU,32681.058632895285,51
C0107,2025-05-02,6873.0889077382635,regular,app,RU,56532.060379392606,58
C0367,2025-02-20,62125.21161534936,opportunistic,manager,RU,37862.35599077226,125
C0312,2025-06-08,35556.405802921814,regular,web,RU,,16
C0312,2025-06-24,29257.36053050258,regular,manager,RU,38948.629151541485,0
C0292,2025-03-24,33195.66408998576,regular,app,RU,83374.99550448595,96
C0131,2025-06-09,44848.104739308845,regular,web,RU,,20
C0350,2025-02-09,15764.946202624913,regular,app,AM,72183.40831187136,137
C0332,2025-06-13,8906.696872699313,regular,web,KZ,,15
C0005,2025-05-02,27640.209998868664,regular,web,RU,18572.608441914028,57
C0212,2025-04-13,30589.81377490646,opportunistic,app,RU,103459.0031373886,70
C0289,2025-03-18,8472.885606140806,regular,web,RU,104787.97930192667,92
C0237,2025-04-23,13841.956417910029,regular,web,RU,76718.82517000394,43
C0036,2025-03-17,8793.8702069452,regular,web,RU,41749.00830799161,97
C0396,2025-03-12,6341.040533206335,regular,web,KZ,63332.172912899565,104
C0398,2025-04-24,7028.832561330361,regular,web,RU,108208.7305003528,60
C0015,2025-05-09,7971.949481834737,regular,app,RU,59946.85642054766,48
C0364,2025-03-16,10115.606617591711,regular,app,RU,40488.69823107142,103
C0374,2025-06-10,15294.62247634754,regular,app,RU,84406.5338871581,19
C0359,2025-02-22,41489.733132844776,regular,app,RU,69875.41513535524,127
C0139,2025-02-17,54784.53482276583,opportunistic,manager,BY,,124
C0341,2025-01-22,7229.144568385042,regular,web,RU,77297.95977305167,151
C0281,2025-01-05,9178.434876895066,regular,web,RU,27211.30833168933,171
C0315,2025-02-13,14321.53260640606,regular,app,BY,,128
C0345,2025-01-11,26035.28834211897,opportunistic,web,RU,84651.45232171354,161
C0351,2025-05-18,36929.45189253968,opportunistic,app,KZ,101495.73572265125,21
C0309,2025-05-07,6354.130379799918,regular,app,RU,41995.26799765813,38
C0118,2025-03-18,37666.3879248776,opportunistic,web,RU,,103
C0243,2025-03-13,25573.544258734906,regular,web,RU,37334.670245607726,105
C0203,2025-01-19,5051.825769106664,regular,web,RU,75319.67008401135,151
C0028,2025-04-18,9989.258762692996,regular,app,RU,99926.3451265315,44
C0322,2025-05-03,12139.948508210908,regular,app,RU,89967.3339755547,40
C0110,2025-02-13,3219.9620560929043,new,app,RU,110696.87833823301,131
C0237,2025-04-28,2377.058941364472,regular,app,RU,76718.82517000394,38
C0262,2025-05-23,26269.375508275898,opportunistic,manager,RU,25543.30732192371,21
C0173,2025-03-21,26373.763154325752,regular,app,RU,33374.269800263144,96
C0017,2025-06-24,7578.820517025057,opportunistic,web,RU,,0
C0287,2025-01-28,22381.817297966623,regular,app,KZ,,142
C0193,2025-03-28,8388.552641783244,regular,app,RU,57590.64763962595,85
C0154,2025-05-31,73156.99641285128,opportunistic,manager,RU,42932.69018429909,14
C0161,2025-04-11,11993.55231356503,regular,web,RU,74003.19392036954,79
C0086,2025-05-26,1921.410578152424,regular,app,RU,52897.26789986734,28
C0039,2025-02-27,54853.56731503148,regular,app,RU,40600.123215367676,119
C0251,2025-05-18,29447.26643465901,opportunistic,app,RU,59607.81016099394,22
C0047,2025-05-19,4654.47568872736,regular,app,KZ,61568.2960255891,25
C0307,2025-04-20,18777.29391251115,regular,app,KZ,111706.42563456245,67
C0306,2025-04-18,7754.939804582016,regular,app,RU,57805.035774570744,65
C0248,2025-06-14,44021.84601391359,regular,app,RU,22805.090958222576,0
C0208,2025-04-12,70117.72806420313,opportunistic,manager,RU,26676.344249311056,57
C0238,2025-01-29,28215.414258588036,opportunistic,app,RU,,139
C0003,2025-03-15,7045.462138395637,new,app,RU,77030.04338975502,103
C0126,2025-02-20,8360.514023192825,regular,web,KZ,56188.76756509697,128
C0201,2025-01-14,80548.12793912397,opportunistic,manager,RU,34643.37900711766,157
C0270,2025-03-13,9557.22815736067,regular,app,RU,78878.98685669352,88
C0074,2025-02-07,22739.185402281702,regular,app,RU,65236.56695866103,142
C0001,2025-01-12,81247.67949239934,opportunistic,app,AM,84271.59478632447,138
C0131,2025-03-28,12743.422454076845,regular,manager,RU,95566.66157831959,93
C0249,2025-02-15,7086.182668561059,regular,app,RU,55783.52272481387,134
C0096,2025-02-27,185478.77104084115,opportunistic,manager,AM,145548.98544138437,103
C0359,2025-03-09,6615.651162185638,regular,app,RU,69875.41513535524,112
C0149,2025-01-06,34867.08164684985,regular,app,BY,27968.453975938126,167
C0193,2025-03-06,19221.70833853861,regular,app,RU,57590.64763962595,107
C0375,2025-01-18,338806.3001907728,regular,manager,RU,131572.8404314726,162
C0147,2025-03-01,4216.778101845851,regular,app,RU,51703.96166882332,111
C0237,2025-04-10,7463.161701461906,regular,app,RU,76718.82517000394,56
C0332,2025-02-11,8729.765012645532,regular,app,KZ,96486.84621670823,137
C0290,2025-01-22,24551.387979679123,regular,app,RU,80189.09743512764,154
C0382,2025-06-28,4857.590791533422,new,app,RU,48732.15814332951,0
C0272,2025-03-25,27937.26650551132,regular,manager,RU,72952.79470233107,64
C0063,2025-03-19,114861.30127674948,opportunistic,app,RU,122152.53681698047,101
C0034,2025-04-04,8112.251235908957,regular,app,BY,139312.1307018514,86
C0286,2025-06-21,7855.865856845722,regular,app,RU,76864.80399866072,6
C0111,2025-01-11,2106.2889581824465,regular,app,RU,24166.59661985463,168
C0176,2025-06-11,6277.882186751212,regular,manager,RU,79527.83146299052,11
C0050,2025-03-27,21065.38909760634,regular,app,AM,47441.35558338082,90
C0310,2025-01-13,19152.26706731495,regular,web,RU,43030.78274384195,167
C0322,2025-04-17,10041.953217520984,regular,app,RU,89967.3339755547,56
C0097,2025-06-16,6907.275543178943,regular,app,AM,69587.21229131967,9
C0145,2025-04-10,27340.138067738248,regular,web,RU,54231.990145770134,80
C0059,2025-02-24,8162.318612996717,regular,manager,RU,54801.21350948494,120
C0248,2025-04-26,9824.620358780863,regular,manager,RU,22805.090958222576,49
C0161,2025-06-29,17489.58574758658,regular,app,RU,74003.19392036954,0
C0381,2025-02-18,16897.86544605059,opportunistic,app,RU,69285.54604021527,123
C0375,2025-02-07,4065.831871934631,regular,app,RU,131572.8404314726,142
C0082,2025-01-22,2998.0943281126297,regular,app,RU,192043.49068353276,138
C0064,2025-05-17,13159.736529233074,opportunistic,manager,RU,81703.93243020093,39
C0337,2025-05-18,22954.64379174129,regular,web,RU,18875.011531273616,39
C0335,2025-05-12,5845.933144550442,regular,web,RU,62761.78101883521,10
C0119,2025-05-14,8173.290386608815,regular,app,RU,12958.52483784047,45
C0224,2025-04-13,8153.559305036629,new,app,RU,,0
C0302,2025-03-24,25469.13598407244,regular,app,KZ,150859.75994505777,93
C0183,2025-06-07,10874.916857242924,regular,app,BY,89467.91572353024,21
C0069,2025-01-05,37622.034411220724,regular,app,RU,68745.02328473939,164
C0207,2025-06-13,16811.38319028435,regular,app,BY,180180.49328698896,11
C0244,2025-06-23,34479.55072976925,regular,web,RU,17552.836117749855,0
C0138,2025-05-15,4019.402187846455,regular,web,RU,59561.26986369458,41
C0184,2025-05-19,13604.025710677337,regular,app,RU,73378.44254129767,36
C0324,2025-04-20,7402.281719571258,regular,app,RU,94477.46126382126,64
C0075,2025-04-07,6227.893803007564,regular,manager,RU,78641.08221028118,81
C0263,2025-02-22,12785.708527763594,regular,manager,RU,72432.82695809603,125
C0307,2025-06-26,7252.482318858682,regular,web,KZ,111706.42563456245,0
C0317,2025-05-11,7901.306538268159,regular,app,RU,37535.87622140273,43
C0353,2025-03-07,131752.63905958377,opportunistic,app,KZ,27148.318862214852,101
C0276,2025-06-26,8509.650949298233,regular,app,RU,65535.05343619635,1
C0177,2025-04-16,7693.8419973032205,regular,app,KZ,68058.85552278945,74
C0375,2025-03-26,7484.598023716776,regular,app,RU,131572.8404314726,95
C0145,2025-02-24,11774.961110171997,regular,app,RU,54231.990145770134,125
C0081,2025-04-11,23080.14359960012,opportunistic,web,RU,56316.60043091989,65
C0217,2025-01-22,13617.549068181897,regular,manager,RU,133378.46522269418,150
C0121,2025-01-21,11442.196172499293,opportunistic,web,BY,250503.52136061847,132
C0395,2025-03-18,6231.015783357204,regular,app,RU,64333.874332747415,98
C0227,2025-02-21,24848.170075977334,regular,app,RU,30240.76297199327,124
C0095,2025-02-07,11332.79258719454,regular,app,RU,74809.02849203724,129
C0140,2025-01-28,3787.621643191016,regular,app,AM,51875.679615003515,149
C0070,2025-06-23,17054.144697229684,regular,web,RU,72265.69587493673,5
C0333,2025-05-19,11653.648681338105,opportunistic,web,RU,54555.62976969267,25
C0177,2025-01-20,8699.31814926119,regular,manager,KZ,68058.85552278945,160
C0123,2025-05-22,19305.79121085937,regular,web,AM,48641.64046189509,38
C0026,2025-05-23,14605.280522210855,regular,app,KZ,18333.974251046504,24
C0129,2025-02-10,19034.72336630596,regular,app,RU,102226.20848008845,109
C0264,2025-04-08,9404.764266510616,regular,manager,RU,53382.85082631906,80
C0357,2025-04-19,54351.488612547975,opportunistic,manager,RU,37746.851199622164,68
C0173,2025-05-30,19793.57838471091,regular,app,RU,33374.269800263144,26
C0371,2025-03-31,145933.3048680383,opportunistic,manager,RU,,49
C0251,2025-04-30,37224.9302344244,opportunistic,manager,RU,,40
C0088,2025-01-31,8787.873816025909,regular,app,RU,73271.65445707022,144
C0376,2025-05-14,9752.63901590759,regular,web,RU,93850.10197362199,41
C0304,2025-03-06,7041.029903074664,regular,web,AM,52384.94132499481,113
C0207,2025-05-27,17373.224807099083,regular,web,BY,,28
C0134,2025-03-12,72825.66321397597,regular,app,RU,162091.34627439242,108
C0188,2025-06-15,8253.050759350936,regular,app,RU,,12
C0108,2025-04-09,10620.561977151741,regular,manager,RU,84938.35767995643,76
C0036,2025-02-08,26800.25294385982,regular,manager,RU,41749.00830799161,134
C0018,2025-04-15,23074.541701055092,regular,web,RU,53286.71637060531,61
C0263,2025-03-18,7582.1929264138125,regular,web,RU,72432.82695809603,101
C0205,2025-06-19,5472.813382926231,regular,web,AM,33782.36257951558,7
C0057,2025-06-05,5137.806557956958,regular,web,BY,80745.46024762576,3
C0248,2025-01-07,7761.052909495278,regular,app,RU,22805.090958222576,158
C0128,2025-06-25,24870.651703157917,regular,app,RU,63110.63911316603,4
C0261,2025-01-10,23687.04925495404,regular,manager,RU,92817.5689867,170
C0289,2025-01-04,6643.642294871054,regular,web,RU,,165
C0315,2025-03-13,35719.17177733209,regular,app,BY,122043.30752195237,100
C0193,2025-01-15,15120.487834374753,regular,manager,RU,57590.64763962595,157
C0232,2025-05-23,5538.495509016094,regular,web,RU,,37
C0145,2025-03-23,3652.793191908306,regular,app,RU,,98
C0126,2025-03-17,4897.984946823387,regular,app,KZ,56188.76756509697,103
C0187,2025-05-31,8283.74175367256,regular,app,RU,76429.16908843287,12
C0038,2025-01-01,16408.277240512944,regular,manager,AM,29310.61212769585,154
C0089,2025-01-03,11715.224318359946,regular,web,BY,93017.61049185187,161
C0359,2025-01-14,27225.82809299575,regular,app,RU,69875.41513535524,166
C0161,2025-04-07,7398.986264729564,regular,web,RU,74003.19392036954,83
C0030,2025-02-12,159617.7488839473,opportunistic,manager,AM,73775.68944954776,133
C0141,2025-01-06,4584.08182949193,regular,app,RU,147307.13899357288,167
C0392,2025-05-30,4139.858679837537,regular,app,RU,82318.01174628778,20
C0294,2025-05-15,11473.685076263064,regular,app,RU,60366.5026649566,45
C0097,2025-04-12,24789.33957202509,regular,web,AM,69587.21229131967,74
C0359,2025-04-15,17475.08119649698,regular,app,RU,69875.41513535524,75
C0126,2025-04-10,22328.866840061062,regular,manager,KZ,56188.76756509697,79
C0093,2025-04-24,9730.918585112291,regular,app,RU,66402.26752134197,62
C0187,2025-05-24,20341.012735928944,regular,web,RU,76429.16908843287,19
C0022,2025-04-10,27761.04774847657,regular,app,BY,104426.15742678501,76
C0074,2025-05-16,33883.303209764046,regular,manager,RU,65236.56695866103,44
C0206,2025-02-04,18855.454875250343,regular,manager,RU,75884.66245476011,144
C0358,2025-04-21,57860.99582841736,opportunistic,app,RU,,54
C0268,2025-02-12,12357.571442364444,regular,app,KZ,36060.11248799635,130
C0048,2025-06-27,12756.740783574302,regular,app,RU,24173.246782879014,2
C0377,2025-03-19,14961.159358163868,new,app,AM,99409.98397125145,91
C0243,2025-06-17,11041.426134693187,regular,app,RU,,9
C0287,2025-03-17,6317.5639002109765,regular,app,KZ,44683.913853316626,94
C0007,2025-05-13,15319.173426863179,opportunistic,app,RU,51048.07840727318,44
C0187,2025-01-27,11042.47266296428,regular,app,RU,76429.16908843287,136
C0337,2025-04-01,12034.161025290055,regular,app,RU,,86
C0395,2025-03-13,2636.9332675375595,regular,app,RU,64333.874332747415,103
C0275,2025-03-19,15261.206748148887,opportunistic,web,RU,26092.952637370763,72
C0286,2025-05-09,12885.94536138051,regular,app,RU,76864.80399866072,49
C0161,2025-02-19,15902.751795726841,regular,app,RU,74003.19392036954,130
C0278,2025-02-12,5931.534754352577,regular,manager,RU,54814.63414542244,132
C0047,2025-02-05,9021.429021836355,regular,app,KZ,61568.2960255891,128
C0393,2025-03-10,69475.17689564037,opportunistic,manager,RU,68405.75658258372,94
C0134,2025-03-04,12561.995279936002,regular,app,RU,162091.34627439242,116
C0379,2025-04-04,14739.165609151492,regular,web,AM,79812.48895604689,85
C0127,2025-04-05,4551.657285482623,regular,app,RU,69892.42897742578,85
C0085,2025-04-15,10977.147884348036,regular,app,RU,80116.70385635352,70
C0131,2025-01-23,4990.2336510841415,regular,web,RU,95566.66157831959,157
C0207,2025-05-23,4779.377064349635,regular,app,BY,180180.49328698896,32
C0372,2025-03-09,13896.094992543982,regular,web,BY,105901.06925376512,112
C0234,2025-01-06,146574.89531738343,opportunistic,manager,RU,146994.1937911746,162
C0187,2025-02-27,-4207.128420540994,regular,app,RU,76429.16908843287,105
C0315,2025-02-09,6498.881474084746,regular,app,BY,122043.30752195237,132
C0041,2025-01-05,11155.286014125473,regular,app,RU,102947.22534981728,175
C0097,2025-04-16,11993.3174990199,regular,web,AM,69587.21229131967,70
C0330,2025-01-03,25804.748943946266,regular,app,RU,33903.04091126527,175
C0225,2025-02-04,10210.133201734478,regular,app,RU,37463.80596379556,138
C0255,2025-06-15,6712.997326234314,regular,manager,AM,29087.88109205289,14
C0287,2025-04-25,22071.931456276234,regular,app,KZ,44683.913853316626,55
C0333,2025-02-02,99640.26252768679,opportunistic,manager,RU,,131
C0159,2025-03-29,68428.01679795256,opportunistic,web,RU,57563.40627579265,88
C0148,2025-03-02,273292.3950558118,regular,app,RU,84862.16854841373,113
C0203,2025-05-26,32513.075485903857,regular,app,RU,75319.67008401135,24
C0285,2025-01-13,18989.01044929055,opportunistic,web,RU,101891.5427450977,167
C0048,2025-01-26,21161.24204613051,regular,app,RU,24173.246782879014,154
C0272,2025-04-16,38348.1775175135,regular,app,RU,72952.79470233107,42
C0217,2025-03-18,3692.759467696114,regular,app,RU,133378.46522269418,95
C0352,2025-03-10,7465.564756540809,regular,web,RU,103141.23639450001,109
C0187,2025-02-18,21176.42197665163,regular,app,RU,76429.16908843287,114
C0232,2025-05-01,4055.1702845133514,regular,web,RU,75576.78867544084,59
C0087,2025-01-16,59192.42188920155,opportunistic,manager,RU,,149
C0136,2025-06-04,6143.4863133898425,regular,app,RU,40609.90938605977,19
C0059,2025-06-24,4975.500855176423,regular,manager,RU,54801.21350948494,0
C0264,2025-02-05,11329.643893994446,regular,app,RU,53382.85082631906,142
C0214,2025-04-22,78767.54596417116,opportunistic,manager,RU,24928.596248155605,47
C0263,2025-02-26,12066.706251548974,regular,web,RU,72432.82695809603,121
C0286,2025-02-15,2371.016793273505,regular,app,RU,76864.80399866072,132
C0399,2025-01-29,14242.03987504296,regular,app,RU,66589.02089418373,149
C0027,2025-04-04,12710.141289282057,regular,app,RU,45567.70668624445,68
C0176,2025-03-16,13115.358685683686,regular,app,RU,79527.83146299052,98
C0304,2025-06-09,2357.3240106980443,regular,app,AM,52384.94132499481,18
C0264,2025-05-17,4333.0729188443065,regular,app,RU,53382.85082631906,41
C0140,2025-02-05,14415.162776751573,regular,app,AM,51875.679615003515,141
C0192,2025-04-10,11732.039237613517,regular,app,RU,131448.77247629315,73
C0036,2025-04-14,10891.542854142654,regular,manager,RU,41749.00830799161,69
C0034,2025-05-17,3942.1424601899166,regular,app,BY,139312.1307018514,43
C0125,2025-01-19,5044.028154118457,regular,app,RU,28042.399336962837,147
C0225,2025-02-14,6569.205513972156,regular,app,RU,37463.80596379556,128
C0360,2025-01-20,45293.943392748595,opportunistic,manager,RU,110410.55603274144,146
C0059,2025-04-04,20705.892230797308,regular,web,RU,,81
C0184,2025-05-26,18504.400085839516,regular,app,RU,73378.44254129767,29
C0275,2025-02-14,66155.65005033258,opportunistic,manager,RU,26092.952637370763,105
C0183,2025-04-01,16054.20650799674,regular,app,BY,89467.91572353024,88
C0315,2025-01-11,7360.5794461006435,regular,web,BY,122043.30752195237,161
C0385,2025-06-06,12663.97700107087,regular,app,RU,171261.59082559345,14
C0095,2025-05-16,6897.935140247815,regular,app,RU,74809.02849203724,31
C0065,2025-04-11,117341.002345482,opportunistic,app,RU,61566.57313890205,78
C0115,2025-04-03,18878.06165118885,regular,app,RU,140101.75043049947,77
C0259,2025-04-30,5917.098270472018,regular,web,KZ,54966.058792712574,58
C0021,2025-01-30,29064.75653682538,opportunistic,manager,RU,,146
C0296,2025-03-31,6373.433313047513,new,app,RU,93320.66579868544,19
C0195,2025-01-30,5993.692989422602,regular,web,RU,17580.452648123697,131
C0269,2025-03-27,8480.10906255739,regular,app,BY,91399.24908804016,85
C0361,2025-03-17,11052.359552418498,new,web,RU,177846.65822318624,91
C0225,2025-05-15,6957.4677344801485,regular,web,RU,37463.80596379556,38
C0037,2025-01-02,19045.309556198503,regular,app,KZ,47718.755959578484,136
C0035,2025-01-08,7997.35015027707,regular,app,RU,69610.42796192828,172
C0259,2025-01-13,11882.431836556942,regular,app,KZ,54966.058792712574,165
C0183,2025-04-08,17738.315255117584,regular,app,BY,89467.91572353024,81
C0158,2025-03-23,45374.23201119247,opportunistic,manager,AM,59959.54453274451,89
C0288,2025-02-05,16326.023845042939,regular,web,KZ,32072.151687949587,138
C0061,2025-05-11,24520.98256587782,opportunistic,web,RU,,40
C0289,2025-01-25,18662.771450555374,regular,app,RU,104787.97930192667,144
C0262,2025-01-04,22310.159821296013,opportunistic,manager,RU,25543.30732192371,160
C0230,2025-04-10,6210.647485637373,regular,web,RU,32681.058632895285,80
C0214,2025-03-02,108877.76004766779,opportunistic,manager,RU,24928.596248155605,98
C0270,2025-05-02,15886.582863522743,regular,app,RU,78878.98685669352,38
C0206,2025-05-20,6102.885931499735,regular,app,RU,75884.66245476011,39
C0103,2025-01-18,6706.160607055531,regular,web,RU,41425.609103306146,160
C0326,2025-02-23,14207.817444972163,opportunistic,web,KZ,97335.10616586167,102
C0133,2025-05-25,83198.6420705643,opportunistic,web,AM,108423.3200676328,0
C0107,2025-03-14,24509.788734197053,regular,app,RU,56532.060379392606,107
C0315,2025-06-09,20946.06289131742,regular,app,BY,122043.30752195237,12
C0373,2025-04-12,20412.374823424176,regular,web,RU,94070.00566845604,77
C0362,2025-06-14,18302.518639315305,regular,app,RU,87900.75427160058,6
C0057,2025-04-20,15156.016185585837,regular,web,BY,80745.46024762576,49
C0203,2025-04-03,6192.630142844433,regular,app,RU,75319.67008401135,77
C0093,2025-04-20,7690.727710693039,regular,web,RU,66402.26752134197,66
C0047,2025-01-01,8606.368424955082,regular,app,KZ,61568.2960255891,163
C0311,2025-01-19,7339.427516255668,regular,app,RU,18468.17377658533,159
C0272,2025-02-15,8739.5456837773,regular,app,RU,72952.79470233107,102
C0149,2025-02-04,24383.990099984658,regular,app,BY,27968.453975938126,138
C0108,2025-06-24,6913.41209400235,regular,app,RU,84938.35767995643,0
C0173,2025-02-19,10298.542329917494,regular,web,RU,33374.269800263144,126
C0225,2025-02-20,4756.175668156582,regular,app,RU,37463.80596379556,122
C0381,2025-05-16,49428.88529642246,opportunistic,manager,RU,,36
C0339,2025-03-15,7980.393174144164,regular,app,RU,39831.465005485414,94
C0031,2025-02-22,22577.639493025676,opportunistic,manager,RU,120459.5900263173,104
C0325,2025-05-26,37661.53658820751,opportunistic,manager,RU,,27
C0024,2025-03-09,9556.76549486224,new,app,RU,,90
C0116,2025-04-17,4077.5339073869673,new,app,RU,108266.5737179193,64
C0157,2025-01-13,22339.53720854676,regular,web,RU,75827.495673324,165
C0270,2025-04-06,14968.845196287219,regular,manager,RU,,64
C0076,2025-05-26,18367.648206793157,regular,app,BY,41841.634218175095,18
C0018,2025-05-07,58240.325652721585,regular,app,RU,53286.71637060531,39
C0141,2025-03-11,30151.322590422744,regular,app,RU,147307.13899357288,103
C0200,2025-04-27,14603.499760414465,regular,app,RU,198493.78958835345,58
C0268,2025-03-15,4290.496176031672,regular,app,KZ,36060.11248799635,99
C0258,2025-04-28,4865.189216985567,regular,app,BY,72735.01488396972,62
C0093,2025-05-23,4412.305370596509,regular,app,RU,66402.26752134197,33
C0007,2025-05-29,68876.70367023893,opportunistic,web,RU,51048.07840727318,28
C0363,2025-06-06,7787.300060938432,regular,app,RU,53936.128335688154,6
C0190,2025-04-28,7705.443916444566,regular,app,RU,29728.08893128601,56
C0298,2025-02-23,25918.297633805174,opportunistic,manager,BY,49675.761390926724,124
C0350,2025-02-03,9307.952208718558,regular,app,AM,72183.40831187136,143
C0396,2025-04-14,4646.920080772664,regular,app,KZ,63332.172912899565,71
C0287,2025-05-21,11545.104848391888,regular,manager,KZ,44683.913853316626,29
C0364,2025-06-17,8516.61643542891,regular,web,RU,40488.69823107142,10
C0113,2025-06-25,13134.47285068939,regular,app,RU,22138.056114061816,0
C0049,2025-03-26,45832.48276141415,opportunistic,app,RU,110256.34529649711,91
C0190,2025-06-23,3412.5381005611016,regular,app,RU,29728.08893128601,0
C0274,2025-03-31,43903.28543214016,opportunistic,manager,RU,55376.719713659855,63
C0018,2025-02-16,14209.868585998749,regular,app,RU,53286.71637060531,119
C0290,2025-03-25,8082.177071064655,regular,app,RU,80189.09743512764,92
C0230,2025-01-03,6040.664824208375,regular,app,RU,32681.058632895285,177
C0146,2025-05-26,12524.092269157094,regular,app,RU,39433.96766078368,33
C0192,2025-04-12,28804.432661610073,regular,web,RU,131448.77247629315,71
C0292,2025-03-15,4187.041214666234,regular,web,RU,83374.99550448595,105
C0184,2025-05-31,50380.666119218535,regular,app,RU,,24
C0107,2025-06-22,2665.738836132762,regular,web,RU,56532.060379392606,7
C0277,2025-05-02,9405.58241837567,regular,app,RU,40282.29405287731,51
C0176,2025-05-16,12113.042372313694,regular,app,RU,,37
C0381,2025-05-19,38672.36471995067,opportunistic,manager,RU,69285.54604021527,33
C0108,2025-03-24,26850.959409716244,regular,app,RU,84938.35767995643,92
C0364,2025-06-14,8052.4079950918895,regular,web,RU,40488.69823107142,13
C0173,2025-06-03,29330.38978604157,regular,app,RU,33374.269800263144,22
C0134,2025-02-23,23260.746275520087,regular,manager,RU,162091.34627439242,125
C0287,2025-03-26,7301.353697376992,regular,app,KZ,44683.913853316626,85
C0049,2025-05-17,161731.17397131474,opportunistic,web,RU,110256.34529649711,39
C0192,2025-06-17,12924.247911324332,regular,web,RU,,5
C0290,2025-06-11,23652.750911230767,regular,app,RU,80189.09743512764,14
C0327,2025-04-07,20193.455918883294,opportunistic,manager,KZ,37447.94211658653,82
C0053,2025-02-03,71650.59856349966,opportunistic,app,RU,46172.709442249135,138
C0118,2025-06-11,60196.273805108845,opportunistic,app,RU,28958.617270561706,18
C0318,2025-04-04,41422.431932160885,opportunistic,manager,RU,64130.477782441994,73
C0112,2025-06-10,39611.88261651432,regular,app,KZ,55018.014532175854,4
C0001,2025-05-30,24376.237283124618,opportunistic,web,AM,,0
C0060,2025-05-29,9623.017457882173,regular,app,AM,29369.97581505382,30
C0355,2025-06-10,3441.4563591995416,regular,app,RU,114801.5160405255,10
C0018,2025-06-01,9314.305372582243,regular,web,RU,,14
C0139,2025-03-05,24980.397967695942,opportunistic,web,BY,143214.9268186321,108
C0283,2025-01-08,9350.348128856831,regular,app,AM,49637.64105345447,166
C0316,2025-01-23,15304.85206509958,regular,manager,RU,57827.32199477627,155
C0015,2025-06-09,7132.49641652834,regular,web,RU,59946.85642054766,17
C0269,2025-04-20,6350.461076352301,regular,app,BY,91399.24908804016,61
C0086,2025-06-22,6967.946671068066,regular,app,RU,52897.26789986734,1
C0131,2025-01-01,2277.958116070614,regular,app,RU,95566.66157831959,179
C0177,2025-05-06,7358.212585862288,regular,app,KZ,,54
C0027,2025-05-24,22577.957940624,regular,app,RU,45567.70668624445,18
C0318,2025-01-29,52011.366261523886,opportunistic,web,RU,64130.477782441994,138
C0365,2025-02-10,33461.67809610952,opportunistic,app,RU,,110
C0183,2025-01-08,22095.730878322152,regular,app,BY,89467.91572353024,171
C0060,2025-01-31,39987.51234128822,regular,web,AM,29369.97581505382,148
C0076,2025-05-19,32950.64348964442,regular,app,BY,41841.634218175095,25
C0099,2025-04-15,10962.844374063607,regular,web,BY,64136.52177165041,75
C0169,2025-01-18,10976.472681261092,regular,app,RU,63076.16263509317,162
C0331,2025-03-20,18502.018702235466,opportunistic,manager,RU,28003.565733441188,97
C0035,2025-05-19,6748.642789372284,regular,app,RU,69610.42796192828,41
C0309,2025-05-24,26115.31765036161,regular,app,RU,41995.26799765813,21
C0276,2025-01-08,5886.684944596682,regular,app,RU,65535.05343619635,170
C0281,2025-02-17,14433.513163141493,regular,app,RU,27211.30833168933,128
C0376,2025-06-09,6208.258889486097,regular,app,RU,93850.10197362199,15
C0075,2025-06-27,19567.36106582183,regular,app,RU,78641.08221028118,0
C0277,2025-06-08,18620.043843868032,regular,app,RU,40282.29405287731,14
C0323,2025-02-14,11953.40763328063,regular,app,RU,,125
C0366,2025-06-20,22859.958462496732,regular,app,RU,56128.80472027171,4
C0103,2025-01-16,10053.590050876164,regular,web,RU,41425.609103306146,162
C0303,2025-05-15,11415.551194748845,regular,app,RU,51412.557388166,28
C0044,2025-06-29,5846.360573529694,regular,web,RU,82129.71014803136,0
C0074,2025-05-03,8289.458349414619,regular,app,RU,65236.56695866103,57
C0114,2025-01-02,30581.484519231053,opportunistic,manager,RU,29077.40070521304,144
C0193,2025-01-29,6797.222352221493,regular,app,RU,57590.64763962595,143
C0141,2025-05-19,4601.455152739183,regular,manager,RU,,34
C0398,2025-04-11,28350.873206132088,regular,app,RU,108208.7305003528,73
C0292,2025-02-20,9496.735277010646,regular,app,RU,83374.99550448595,128
C0330,2025-03-28,52088.14318693144,regular,app,RU,33903.04091126527,91
C0075,2025-06-14,47139.029121457286,regular,web,RU,78641.08221028118,13
C0063,2025-05-27,55425.91116496864,opportunistic,manager,RU,,32
C0281,2025-03-31,25425.11969950849,regular,app,RU,27211.30833168933,86
C0115,2025-04-18,15515.216097207169,regular,web,RU,140101.75043049947,62
C0165,2025-02-09,39674.68644860848,opportunistic,app,BY,,138
C0239,2025-04-06,2149.9307895327456,regular,app,RU,85744.30607535798,80
C0107,2025-05-23,34759.010761443344,regular,app,RU,56532.060379392606,37
C0200,2025-06-19,12975.330517375036,regular,app,RU,198493.78958835345,5
C0377,2025-04-14,2546.547786937699,new,app,AM,99409.98397125145,65
C0157,2025-04-09,9963.232176365722,regular,app,RU,75827.495673324,79
C0375,2025-04-04,24633.947278635773,regular,app,RU,131572.8404314726,86
C0163,2025-01-29,4084.211870826195,regular,app,RU,97613.13102034428,151
C0028,2025-06-01,9254.650659924304,regular,web,RU,99926.3451265315,0
C0355,2025-03-21,7876.72174525956,regular,app,RU,114801.5160405255,91
C0034,2025-05-13,16992.85149223966,regular,app,BY,139312.1307018514,47
C0041,2025-05-04,7635.554663724079,regular,app,RU,102947.22534981728,56
C0254,2025-05-06,1959.6763413179856,regular,web,RU,88298.5580564642,41
C0099,2025-01-24,4552.8953984490545,regular,app,BY,,156
C0087,2025-01-18,61769.49764601042,opportunistic,web,RU,56590.69713318657,147
C0286,2025-02-19,10562.828077503296,regular,app,RU,76864.80399866072,128
C0108,2025-05-05,10405.967513634534,regular,web,RU,84938.35767995643,50
C0026,2025-05-21,8825.187491878538,regular,app,KZ,18333.974251046504,26
C0126,2025-02-13,14663.638331640048,regular,web,KZ,56188.76756509697,135
C0323,2025-02-16,7019.862904148238,regular,app,RU,58580.38170655148,123
C0204,2025-05-24,6306.995453236204,regular,app,RU,160510.37828520167,33
C0038,2025-03-22,23444.368183624585,regular,app,AM,29310.61212769585,74
C0047,2025-04-11,11231.308116631179,regular,app,KZ,61568.2960255891,63
C0115,2025-03-22,4240.1652238683355,regular,app,RU,140101.75043049947,89
C0066,2025-04-02,11235.90307181827,opportunistic,app,RU,80163.75361248822,72
C0059,2025-06-23,7959.810953832578,regular,app,RU,54801.21350948494,1
C0123,2025-01-01,22436.89222687915,regular,app,AM,48641.64046189509,179
C0002,2025-05-08,9737.467985350757,regular,app,RU,88283.04157880397,41
C0099,2025-04-06,4813.898093545346,regular,app,BY,64136.52177165041,84
C0316,2025-02-27,26667.3369613655,regular,app,RU,57827.32199477627,120
C0134,2025-06-18,10270.73483364372,regular,app,RU,162091.34627439242,10
C0399,2025-03-18,6264.900518507016,regular,app,RU,66589.02089418373,101
C0362,2025-04-24,5555.154972673886,regular,web,RU,87900.75427160058,57
C0207,2025-04-06,19690.788894540794,regular,web,BY,180180.49328698896,79
C0099,2025-01-12,33070.189289285394,regular,app,BY,64136.52177165041,168
C0221,2025-04-13,7655.168591369483,regular,app,RU,100670.64887680218,74
C0169,2025-01-30,7137.243193657829,regular,app,RU,63076.16263509317,150
C0352,2025-04-21,13735.504642605349,regular,app,RU,103141.23639450001,67
C0108,2025-04-25,4815.3581793981875,regular,web,RU,84938.35767995643,60
C0097,2025-02-26,8826.340943975689,regular,web,AM,69587.21229131967,119
C0045,2025-04-15,90271.61390695463,opportunistic,app,RU,37335.53501414272,70
C0363,2025-01-10,12105.61406348102,regular,manager,RU,53936.128335688154,153
C0230,2025-03-05,11738.587454840525,regular,web,RU,32681.058632895285,116
C0322,2025-02-08,6509.783263141023,regular,web,RU,,124
C0259,2025-05-16,6191.523852844992,regular,app,KZ,54966.058792712574,42
C0319,2025-04-16,2591.3566101032466,regular,web,BY,117835.57409004774,56
C0067,2025-02-19,21195.51841654918,opportunistic,manager,BY,,130
C0015,2025-01-08,9999.357280121472,regular,app,RU,59946.85642054766,169
C0344,2025-03-31,55599.38457382872,opportunistic,manager,RU,35748.20255231404,40
C0113,2025-04-22,5293.998791891401,regular,app,RU,22138.056114061816,64
C0109,2025-03-18,19021.61065336596,regular,app,RU,55839.111146692514,100
C0315,2025-05-27,12906.994655138356,regular,web,BY,122043.30752195237,25
C0314,2025-05-26,8820.199838791474,regular,app,BY,59242.379815333625,27
C0358,2025-06-12,112890.1262584084,opportunistic,web,RU,23791.66352877686,2
C0084,2025-03-20,14109.789648682761,regular,app,RU,38981.78972789811,72
C0306,2025-03-26,15677.381171514293,regular,app,RU,57805.035774570744,88
C0326,2025-05-22,42750.32369422311,opportunistic,web,KZ,,14
C0294,2025-02-12,5521.8648649133975,regular,app,RU,60366.5026649566,137
C0376,2025-05-13,54128.145838736455,regular,manager,RU,93850.10197362199,42
C0253,2025-01-04,14912.206580407144,regular,app,RU,91013.09064201491,165
C0306,2025-01-02,10194.746970179713,regular,app,RU,57805.035774570744,171
C0047,2025-01-23,19498.998267726533,regular,app,KZ,61568.2960255891,141
C0128,2025-04-15,8513.721219093883,regular,app,RU,63110.63911316603,75
C0010,2025-03-22,48404.63936353608,regular,app,RU,71398.54626114802,96
C0103,2025-06-27,17465.63940421672,regular,app,RU,41425.609103306146,0
C0196,2025-02-14,4468.583080474758,regular,manager,RU,35031.704974799344,132
C0022,2025-02-26,9174.990735558946,regular,app,BY,104426.15742678501,119
C0017,2025-03-21,16303.984285593342,opportunistic,app,RU,,95
C0003,2025-05-24,1973.9101555954578,new,app,RU,77030.04338975502,33
C0041,2025-03-31,13236.001510814232,regular,app,RU,102947.22534981728,90
C0264,2025-02-25,8868.13576109442,regular,app,RU,53382.85082631906,122
C0314,2025-05-30,14685.699882032393,regular,app,BY,59242.379815333625,23
C0391,2025-01-04,58391.11350128477,opportunistic,web,RU,36264.36096006157,163
C0255,2025-03-12,4959.9316911593505,regular,web,AM,29087.88109205289,109
C0026,2025-01-19,10726.297742488152,regular,app,KZ,18333.974251046504,148
C0139,2025-01-30,94519.87173129934,opportunistic,manager,BY,143214.9268186321,142
C0263,2025-06-15,10940.133363364292,regular,app,RU,72432.82695809603,12
C0036,2025-03-24,4580.687004670184,regular,app,RU,,90
C0145,2025-02-01,2955.821029305967,regular,app,RU,54231.990145770134,148
C0171,2025-06-01,6819.669601566755,regular,app,RU,43719.95140581391,23
C0248,2025-01-15,10102.79995734562,regular,app,RU,22805.090958222576,150
C0063,2025-05-27,55425.91116496864,opportunistic,manager,RU,,32
C0142,2025-03-11,17845.047581818446,regular,manager,RU,71133.75089158732,102
C0018,2025-06-15,5317.5892050336415,regular,app,RU,53286.71637060531,0
C0061,2025-04-03,55914.013897876524,opportunistic,app,RU,119011.13380630473,78
C0339,2025-05-11,44672.00340269012,regular,web,RU,39831.465005485414,37
C0311,2025-01-22,4864.9227771297,regular,web,RU,18468.17377658533,156
C0244,2025-05-16,8558.220980190783,regular,web,RU,17552.836117749855,38
C0172,2025-03-15,2272.3552208089204,regular,app,RU,37505.97494683757,101
C0205,2025-03-06,13677.541687144956,regular,web,AM,33782.36257951558,112
C0024,2025-01-11,13977.407006842272,new,app,RU,32433.276252432417,147
C0348,2025-05-03,2624.5444563374963,regular,app,RU,59681.71404088037,57
C0089,2025-02-15,7850.97901853386,regular,web,BY,93017.61049185187,118
C0210,2025-06-12,24103.623382760357,regular,manager,RU,52418.57889047791,17
C0352,2025-03-07,10074.622414658937,regular,app,RU,103141.23639450001,112
C0197,2025-02-15,42299.25208062939,opportunistic,manager,RU,,129
C0041,2025-06-26,24186.009326157935,regular,web,RU,102947.22534981728,3
C0055,2025-03-15,151808.9617563052,opportunistic,app,RU,59630.09125590324,104
C0029,2025-06-19,10853.673780163363,regular,app,RU,56574.50740293192,7
C0399,2025-06-05,5133.300004878312,regular,app,RU,66589.02089418373,22
C0136,2025-02-17,12240.28653278162,regular,web,RU,40609.90938605977,126
C0018,2025-01-13,12817.294128661233,regular,app,RU,53286.71637060531,153
C0355,2025-05-12,2821.3641946234825,regular,app,RU,114801.5160405255,39
C0398,2025-01-27,16861.86580380322,regular,app,RU,108208.7305003528,147
C0193,2025-03-08,13475.231054254225,regular,manager,RU,57590.64763962595,105
C0155,2025-02-27,13697.583392791708,regular,app,RU,26171.924123075,105
C0196,2025-03-28,12428.239167957918,regular,web,RU,35031.704974799344,90
C0206,2025-01-23,27880.749621653886,regular,app,RU,75884.66245476011,156
C0035,2025-02-16,8885.50590682781,regular,app,RU,69610.42796192828,133
C0300,2025-02-16,19899.179864883976,opportunistic,manager,RU,50842.772416125044,102
C0363,2025-04-21,2953.861673273981,regular,web,RU,53936.128335688154,52
C0041,2025-02-15,11082.955542740801,regular,app,RU,102947.22534981728,134
C0332,2025-06-23,6575.447633303474,regular,app,KZ,96486.84621670823,5
C0299,2025-03-24,23950.4313810337,opportunistic,manager,BY,,87
C0368,2025-05-12,104664.94809256122,opportunistic,app,RU,204191.9185900407,0
C0153,2025-02-27,21716.30694269003,regular,app,RU,,122
C0261,2025-06-17,7169.908971078983,regular,app,RU,92817.5689867,12
C0153,2025-04-24,25292.700950688486,regular,app,RU,,66
C0010,2025-02-03,9287.181074916029,regular,app,RU,71398.54626114802,143
C0253,2025-05-30,7735.060307098697,regular,app,RU,91013.09064201491,19
C0160,2025-04-21,60736.50057854014,opportunistic,app,RU,60624.132614089176,42
C0315,2025-01-24,6521.638885683948,regular,app,BY,122043.30752195237,148
C0313,2025-01-01,8612.48914653297,regular,app,RU,40001.1761448378,176
C0272,2025-01-27,10280.269239817177,regular,app,RU,72952.79470233107,121
C0077,2025-01-12,7702.97582956108,regular,app,RU,27604.60480859763,167
C0030,2025-04-08,37058.7038500371,opportunistic,app,AM,73775.68944954776,78
C0274,2025-03-29,32109.515946625448,opportunistic,app,RU,55376.719713659855,65
C0007,2025-04-09,34007.58349654363,opportunistic,manager,RU,51048.07840727318,78
C0379,2025-01-03,5721.1682888762725,regular,app,AM,79812.48895604689,176
C0091,2025-06-05,6464.9850579238655,regular,web,RU,118790.6932272385,6
C0109,2025-04-25,7182.284567596759,regular,web,RU,55839.111146692514,62
C0117,2025-02-13,40045.19626977465,opportunistic,manager,RU,44546.366596465356,73
C0022,2025-06-03,5523.219355949535,regular,app,BY,104426.15742678501,22
C0124,2025-05-05,20818.945025727575,regular,app,RU,85459.18010301342,37
C0166,2025-04-20,2926.668619406594,regular,app,KZ,89867.6573767307,66
C0070,2025-03-07,7474.86295893755,regular,manager,RU,72265.69587493673,113
C0228,2025-03-06,42068.554289483865,opportunistic,manager,RU,84582.03587543787,99
C0295,2025-02-19,793691.3521497704,opportunistic,app,RU,103696.81985419338,74
C0231,2025-05-18,4713.428125149912,regular,app,RU,97988.07583193238,42
C0108,2025-01-06,3845.331006989096,regular,app,RU,84938.35767995643,169
C0026,2025-06-06,10573.741547934702,regular,app,KZ,18333.974251046504,10
C0050,2025-03-04,6406.214760572565,regular,app,AM,47441.35558338082,113
C0068,2025-06-07,9206.8045023424,regular,app,RU,207386.4605822518,20
C0270,2025-02-22,9742.797568154267,regular,app,RU,78878.98685669352,107
C0060,2025-02-26,12907.337715192743,regular,app,AM,29369.97581505382,122
C0263,2025-06-11,431900.81708907895,regular,app,RU,72432.82695809603,16
C0099,2025-02-05,26292.5394538818,regular,app,BY,64136.52177165041,144
C0062,2025-06-12,5760.407042017029,regular,app,RU,55142.80232839496,14
C0270,2025-04-07,21514.12682619107,regular,web,RU,78878.98685669352,63
C0257,2025-03-05,50125.80926645259,opportunistic,manager,RU,,97
C0111,2025-03-11,3685.0625627037844,regular,app,RU,24166.59661985463,109
C0207,2025-06-08,15041.807958869304,regular,app,BY,180180.49328698896,16
C0358,2025-02-22,73263.57000551272,opportunistic,app,RU,23791.66352877686,112
C0010,2025-03-09,6417.201596016387,regular,app,RU,71398.54626114802,109
C0169,2025-03-16,5712.476772275432,regular,web,RU,63076.16263509317,105
C0027,2025-02-27,7842.321866672858,regular,app,RU,45567.70668624445,104
C0327,2025-02-17,63179.63253470589,opportunistic,app,KZ,37447.94211658653,131
C0079,2025-05-29,32525.426581395197,opportunistic,manager,RU,35790.53449527416,27
C0230,2025-06-21,15417.283741086583,regular,web,RU,32681.058632895285,8
C0114,2025-01-17,17711.169637625633,opportunistic,app,RU,,129
C0056,2025-04-07,30319.906505534156,opportunistic,manager,RU,79281.81808974489,42
C0229,2025-04-02,16440.245643415314,opportunistic,app,RU,,42
C0175,2025-03-04,11861.353152288348,regular,app,RU,63648.166022056794,117
C0062,2025-06-26,4234.313768494646,regular,app,RU,55142.80232839496,0
C0250,2025-05-22,5349.945036548366,regular,app,BY,,37
C0311,2025-05-17,16358.509644160195,regular,web,RU,18468.17377658533,41
C0138,2025-05-12,33825.55128852432,regular,web,RU,59561.26986369458,44
C0341,2025-06-06,398735.3405920432,regular,app,RU,77297.95977305167,16
C0139,2025-06-20,58722.67243353776,opportunistic,manager,BY,143214.9268186321,1
C0148,2025-02-08,13571.630188754947,regular,app,RU,84862.16854841373,135
C0287,2025-04-10,28120.99637974451,regular,app,KZ,44683.913853316626,70
C0027,2025-05-08,7957.358652811101,regular,manager,RU,45567.70668624445,34
C0217,2025-04-05,22704.021001533678,regular,app,RU,133378.46522269418,77
C0126,2025-06-09,2627.7616954962655,regular,manager,KZ,56188.76756509697,19
C0253,2025-01-19,28169.80524729461,regular,app,RU,91013.09064201491,150
C0048,2025-02-27,5860.075630058076,regular,app,RU,24173.246782879014,122
C0047,2025-01-06,38881.92469369866,regular,app,KZ,61568.2960255891,158
C0274,2025-03-24,87640.71843617914,opportunistic,web,RU,55376.719713659855,70
C0294,2025-06-05,18618.57816662574,regular,app,RU,60366.5026649566,24
C0193,2025-02-17,17749.159995607377,regular,web,RU,57590.64763962595,124
C0316,2025-03-23,10481.038333804545,regular,app,RU,57827.32199477627,96
C0213,2025-06-03,15029.839112777463,regular,app,RU,75577.42042288934,12
C0205,2025-05-07,3619.571598580422,regular,app,AM,33782.36257951558,50
C0028,2025-03-12,6656.179047356147,regular,app,RU,99926.3451265315,81
C0337,2025-01-31,12478.789514785483,regular,app,RU,18875.011531273616,146
C0384,2025-02-12,18213.74538244338,regular,app,RU,166874.80517001377,134
C0113,2025-05-17,14348.40673626859,regular,app,RU,22138.056114061816,39
C0166,2025-01-27,7669.569124525639,regular,app,KZ,89867.6573767307,149
C0200,2025-03-27,12322.280854823204,regular,app,RU,198493.78958835345,89
C0269,2025-04-26,15289.504933478845,regular,app,BY,91399.24908804016,55
C0083,2025-03-09,110308.97726579396,opportunistic,manager,RU,,112
C0173,2025-01-26,15075.87549245883,regular,web,RU,33374.269800263144,150
C0214,2025-03-24,26370.570915690023,opportunistic,web,RU,24928.596248155605,76
C0063,2025-04-21,35200.67527556911,opportunistic,manager,RU,,68
C0282,2025-05-16,10663.445381516922,regular,app,KZ,86261.33612057511,36
C0097,2025-03-31,4465.895371065292,regular,app,AM,69587.21229131967,86
C0026,2025-06-04,14055.369925371648,regular,app,KZ,18333.974251046504,12
C0372,2025-01-12,4021.292380459776,regular,app,BY,105901.06925376512,168
C0047,2025-02-10,8116.5444189165255,regular,manager,KZ,61568.2960255891,123
C0387,2025-05-05,103809.65104984105,opportunistic,manager,KZ,,0
C0318,2025-03-23,41155.55381701568,opportunistic,app,RU,64130.477782441994,85
C0385,2025-01-12,474931.92172228725,regular,manager,RU,171261.59082559345,159
C0175,2025-05-18,7373.670209472522,regular,app,RU,63648.166022056794,42
C0326,2025-02-19,119644.7194931797,opportunistic,app,KZ,97335.10616586167,106
C0283,2025-05-22,2679.0893992530546,regular,app,AM,49637.64105345447,32
C0192,2025-05-18,7251.026454228489,regular,web,RU,131448.77247629315,35
C0188,2025-02-11,6186.562821613932,regular,manager,RU,40342.7858121426,136
C0084,2025-01-04,3217.650645296189,regular,app,RU,38981.78972789811,147
C0093,2025-02-18,42131.872769295514,regular,app,RU,66402.26752134197,127
C0075,2025-05-20,9602.720849777745,regular,web,RU,78641.08221028118,38
C0044,2025-04-01,18423.722504374953,regular,manager,RU,82129.71014803136,89
C0005,2025-05-04,10546.188506542489,regular,web,RU,18572.608441914028,55
C0011,2025-06-24,2188.0890680136513,regular,app,RU,100516.10043231638,2
C0095,2025-06-16,4747.140052209842,regular,app,RU,74809.02849203724,0
C0253,2025-06-11,6470.27151675386,regular,app,RU,91013.09064201491,7
C0242,2025-06-28,20194.865744306087,opportunistic,app,RU,,0
C0067,2025-05-12,65560.27443163395,opportunistic,app,BY,193504.66662175572,48
C0002,2025-05-13,11145.538715287581,regular,web,RU,88283.04157880397,36
C0165,2025-05-31,9584.361500576671,opportunistic,manager,BY,81778.59926716395,27
C0033,2025-04-09,15279.398178972408,regular,app,RU,63702.184586940755,79
C0307,2025-04-22,41587.26475753525,regular,manager,KZ,111706.42563456245,65
C0180,2025-06-20,41428.10426324439,opportunistic,manager,RU,99377.09860441703,0
C0259,2025-01-29,13373.609429495682,regular,web,KZ,54966.058792712574,149
C0253,2025-04-02,5435.228350383446,regular,app,RU,91013.09064201491,77
C0297,2025-04-26,14824.620189552088,new,web,RU,131721.9782148662,0
C0129,2025-03-07,8413.10044928165,regular,app,RU,102226.20848008845,84
C0373,2025-01-16,6088.994801170751,regular,web,RU,94070.00566845604,163
C0192,2025-06-12,3358.3016317086585,regular,web,RU,131448.77247629315,10
C0038,2025-04-26,5754.052125628051,regular,app,AM,29310.61212769585,39
C0232,2025-01-18,19803.130273186245,regular,app,RU,75576.78867544084,162
C0176,2025-01-09,7849.138863348689,regular,app,RU,79527.83146299052,164
C0324,2025-06-07,15016.131194260395,regular,app,RU,94477.46126382126,16
C0289,2025-04-07,1685.2663582214727,regular,app,RU,104787.97930192667,72
C0134,2025-06-13,31617.023757481773,regular,app,RU,162091.34627439242,15
C0070,2025-03-14,8402.492292879175,regular,app,RU,72265.69587493673,106
C0095,2025-05-22,18877.36781242584,regular,manager,RU,74809.02849203724,25
C0278,2025-06-24,19377.862859195186,regular,web,RU,54814.63414542244,0
C0022,2025-02-10,8756.244432907248,regular,app,BY,104426.15742678501,135
C0364,2025-01-18,6637.137673007494,regular,web,RU,40488.69823107142,160
C0341,2025-01-12,17948.415161890654,regular,app,RU,77297.95977305167,161
C0236,2025-03-06,69352.54317366162,opportunistic,manager,RU,67350.06996628096,100
C0288,2025-03-17,5999.572235229339,regular,app,KZ,32072.151687949587,98
C0035,2025-05-06,11273.802953791843,regular,app,RU,69610.42796192828,54
C0209,2025-06-22,10014.651498106537,regular,app,RU,32709.208941189918,7
C0092,2025-03-02,18788.575527872843,opportunistic,web,RU,35310.4409081031,119
C0196,2025-04-04,18084.43726696351,regular,app,RU,,83
C0300,2025-02-26,49741.46731538132,opportunistic,manager,RU,50842.772416125044,92
C0134,2025-02-02,8816.799420605448,regular,web,RU,162091.34627439242,146
C0400,2025-05-15,4003.2594956601215,regular,app,RU,75874.27858611445,36
C0200,2025-05-18,14474.932738019746,regular,app,RU,198493.78958835345,37
C0084,2025-01-29,8752.0482450108,regular,app,RU,38981.78972789811,122
C0010,2025-04-24,3855.4315137474364,regular,app,RU,71398.54626114802,63
C0081,2025-01-10,10041.916548582325,opportunistic,manager,RU,56316.60043091989,156
C0042,2025-03-22,51268.9339859032,opportunistic,manager,AM,170488.54814437334,42
C0247,2025-02-19,44511.10503929397,opportunistic,app,RU,52949.92337999243,108
C0015,2025-06-23,29156.84544027828,regular,app,RU,59946.85642054766,3
C0166,2025-04-24,12764.507419001458,regular,app,KZ,89867.6573767307,62
C0384,2025-01-11,5239.316160311285,regular,app,RU,166874.80517001377,166
C0031,2025-02-20,-15404.892085301679,opportunistic,app,RU,,106
C0002,2025-01-06,10514.955744647597,regular,app,RU,88283.04157880397,163
C0249,2025-05-19,6201.277263251469,regular,web,RU,55783.52272481387,41
C0109,2025-01-18,6550.410228090826,regular,app,RU,55839.111146692514,159
C0051,2025-03-18,10379.406520689368,regular,app,AM,49333.31383761302,102
C0366,2025-06-24,51686.03840686784,regular,manager,RU,56128.80472027171,0
C0187,2025-01-17,-5100.796794680418,regular,app,RU,76429.16908843287,146
C0298,2025-02-03,137247.13395497727,opportunistic,app,BY,49675.761390926724,144
C0328,2025-03-22,19984.042624372392,regular,web,KZ,,95
C0025,2025-04-25,39579.58881378148,opportunistic,manager,RU,29284.04277341049,60
C0206,2025-01-08,7184.373877521056,regular,app,RU,,171
C0277,2025-05-11,11319.739563071831,regular,app,RU,40282.29405287731,42
C0129,2025-02-04,6591.854736344769,regular,manager,RU,102226.20848008845,115
C0146,2025-04-22,8668.214707972067,regular,manager,RU,39433.96766078368,67
C0360,2025-05-27,36110.02465287279,opportunistic,manager,RU,,19
C0071,2025-02-01,11148.183736056586,regular,web,RU,119602.86638084592,146
C0253,2025-06-03,19201.169572695213,regular,app,RU,91013.09064201491,15
C0177,2025-06-23,4091.9734411447316,regular,app,KZ,68058.85552278945,6
C0107,2025-05-25,33890.530909445355,regular,app,RU,,35
C0337,2025-04-27,6452.149004324,regular,app,RU,18875.011531273616,60
C0070,2025-03-08,9251.42368457366,regular,app,RU,72265.69587493673,112
C0055,2025-01-09,14921.284778744017,opportunistic,manager,RU,,169
C0095,2025-01-20,12861.874627806355,regular,app,RU,74809.02849203724,147
C0121,2025-04-04,109581.64338607783,opportunistic,app,BY,250503.52136061847,59
C0005,2025-06-24,12406.28185923721,regular,web,RU,18572.608441914028,4
C0141,2025-01-16,12045.307137169471,regular,web,RU,147307.13899357288,157
C0127,2025-06-27,5961.775055535929,regular,app,RU,69892.42897742578,2
C0264,2025-01-21,21806.041110867038,regular,web,RU,53382.85082631906,157
C0312,2025-02-08,36575.78240845919,regular,app,RU,38948.629151541485,136
C0010,2025-03-16,21363.39214780972,regular,app,RU,71398.54626114802,102
C0314,2025-04-09,12742.35429192737,regular,web,BY,59242.379815333625,74
C0111,2025-02-12,2656.558490459702,regular,web,RU,24166.59661985463,136
C0016,2025-06-05,4917.711583948213,regular,app,RU,73734.55681536577,19
C0283,2025-05-11,7718.249189485161,regular,web,AM,49637.64105345447,43
C0341,2025-03-01,20205.507450917485,regular,app,RU,77297.95977305167,113
C0062,2025-02-19,4410.706103964226,regular,web,RU,55142.80232839496,127
C0111,2025-02-04,11168.536907777765,regular,app,RU,24166.59661985463,144
C0186,2025-03-18,18588.154434935215,opportunistic,manager,RU,63742.758168336564,69
C0278,2025-03-23,39571.408896796354,regular,app,RU,54814.63414542244,93
C0253,2025-05-08,8526.388286238654,regular,app,RU,91013.09064201491,41
C0230,2025-04-04,4579.253285300753,regular,app,RU,32681.058632895285,86
C0324,2025-04-23,5002.901906115582,regular,app,RU,94477.46126382126,61
C0051,2025-06-15,9777.08119470486,regular,app,AM,49333.31383761302,13
C0153,2025-05-10,2210.829621113781,regular,app,RU,17732.54325367211,50
C0131,2025-06-08,11706.770587228602,regular,app,RU,95566.66157831959,21
C0262,2025-06-08,80332.22746768141,opportunistic,manager,RU,,5
C0072,2025-06-08,15301.539645334164,regular,app,RU,41559.708530966964,21
C0199,2025-05-28,3881.1121994227274,regular,app,RU,98019.14203306024,29
C0145,2025-06-20,40625.609234370684,regular,web,RU,54231.990145770134,9
C0310,2025-03-11,7311.069765437348,regular,web,RU,43030.78274384195,110
C0127,2025-01-23,6939.170662440825,regular,manager,RU,69892.42897742578,157
C0116,2025-05-27,8351.642559359881,new,app,RU,108266.5737179193,24
C0051,2025-06-09,9451.584470316173,regular,web,AM,49333.31383761302,19
C0347,2025-05-28,13172.182245065696,new,web,KZ,89483.21550110105,0
C0188,2025-06-18,8209.877837662549,regular,app,RU,40342.7858121426,9
C0313,2025-02-21,2207.8427382616615,regular,web,RU,40001.1761448378,125
C0119,2025-04-09,9383.97642700568,regular,app,RU,12958.52483784047,80
C0196,2025-05-08,24429.097535901143,regular,app,RU,35031.704974799344,49
C0200,2025-02-17,15133.420607931017,regular,app,RU,198493.78958835345,127
C0145,2025-04-05,11322.188237362661,regular,app,RU,54231.990145770134,85
C0190,2025-02-17,5856.52735084023,regular,app,RU,29728.08893128601,126
C0071,2025-02-21,9604.060357383707,regular,web,RU,119602.86638084592,126
C0062,2025-02-16,9600.635333545555,regular,web,RU,55142.80232839496,130
C0161,2025-05-02,4592.545800494586,regular,app,RU,74003.19392036954,58
C0342,2025-02-11,13464.780403450366,new,app,RU,100914.05391818169,107
C0011,2025-01-25,11541.556954464246,regular,web,RU,100516.10043231638,152
C0094,2025-05-01,10914.8973724836,regular,app,RU,276155.8197288189,44
C0133,2025-05-06,49756.80596456432,opportunistic,web,AM,108423.3200676328,19
C0052,2025-06-26,172780.88334304976,regular,web,KZ,36740.54430792383,3
C0289,2025-04-01,36713.357809017616,regular,web,RU,104787.97930192667,78
C0099,2025-05-06,13142.711141756768,regular,web,BY,64136.52177165041,54
C0345,2025-03-31,39708.65654215016,opportunistic,manager,RU,,82
C0278,2025-02-20,19897.153374003206,regular,manager,RU,54814.63414542244,124
C0207,2025-03-02,4397.739181354764,regular,app,BY,180180.49328698896,114
C0071,2025-05-02,9445.067483672556,regular,app,RU,119602.86638084592,56
C0364,2025-04-19,27758.79003090761,regular,web,RU,40488.69823107142,69
C0063,2025-06-06,24310.08635199475,opportunistic,app,RU,122152.53681698047,22
C0379,2025-06-17,11320.552195291597,regular,app,AM,79812.48895604689,11
C0042,2025-02-12,51518.634045006074,opportunistic,app,AM,,80
C0199,2025-01-23,4819.405237291854,regular,app,RU,98019.14203306024,154
C0190,2025-01-31,14051.462699065958,regular,app,RU,29728.08893128601,143
C0055,2025-04-03,52731.694158480546,opportunistic,manager,RU,,85
C0172,2025-02-17,22249.9917152387,regular,web,RU,37505.97494683757,127
C0235,2025-05-13,4855.241545746456,new,app,RU,51929.440784330545,12
C0018,2025-03-02,17750.4808230346,regular,app,RU,53286.71637060531,105
C0287,2025-02-17,8786.994409207355,regular,app,KZ,44683.913853316626,122
C0148,2025-05-23,5929.205414817751,regular,web,RU,84862.16854841373,31
C0176,2025-04-07,14770.378677339027,regular,app,RU,79527.83146299052,76
C0113,2025-03-28,5817.1843137949445,regular,app,RU,,89
C0109,2025-01-24,106295.3723069613,regular,app,RU,55839.111146692514,153
C0220,2025-01-25,2489.0775259328175,regular,app,RU,89109.60304575077,154
C0098,2025-01-19,3336.033216549388,regular,app,BY,91073.97819474443,159
C0209,2025-02-24,21177.51607669639,regular,app,RU,32709.208941189918,125
C0307,2025-01-12,25140.50625158799,regular,app,KZ,111706.42563456245,165
C0313,2025-01-27,9525.0174653657,regular,app,RU,40001.1761448378,150
C0359,2025-04-01,6816.256406757676,regular,web,RU,69875.41513535524,89
C0207,2025-06-10,5208.232290467154,regular,web,BY,,14
C0206,2025-03-03,6653.723637543337,regular,web,RU,75884.66245476011,117
C0324,2025-01-31,16434.081978941933,regular,web,RU,94477.46126382126,143
C0221,2025-03-31,14523.709878921896,regular,app,RU,100670.64887680218,87
C0173,2025-05-14,5406.117909904418,regular,web,RU,33374.269800263144,42
C0377,2025-03-22,3176.676795931675,new,web,AM,99409.98397125145,88
C0110,2025-01-03,12151.395855936184,new,app,RU,110696.87833823301,172
C0270,2025-04-05,4285.091635464271,regular,app,RU,78878.98685669352,65
C0380,2025-03-14,255109.6792352043,opportunistic,web,RU,24810.292808637114,31
C0136,2025-02-22,6891.522895344294,regular,manager,RU,40609.90938605977,121
C0245,2025-04-03,36717.542024988055,opportunistic,manager,BY,160494.5632676289,86
C0150,2025-02-08,22903.75415249458,regular,app,RU,93958.54905131078,141
C0323,2025-05-05,4284.595884651372,regular,web,RU,58580.38170655148,45
C0218,2025-03-22,12746.42937512059,regular,app,AM,46855.648918213476,99
C0382,2025-04-23,4518.8655413770475,new,app,RU,48732.15814332951,66
C0285,2025-06-04,17349.39064289518,opportunistic,app,RU,101891.5427450977,25
C0050,2025-06-23,7541.4237377122445,regular,app,AM,,2
C0211,2025-01-13,4104.5141127116285,opportunistic,manager,BY,49695.833368652566,157
C0143,2025-03-19,4111.577928437749,new,web,RU,,2
C0396,2025-06-06,23382.013397061248,regular,app,KZ,63332.172912899565,18
C0292,2025-05-06,5733.517432758092,regular,web,RU,83374.99550448595,53
C0267,2025-02-28,12463.964945694262,regular,app,BY,165601.26935907674,117
C0248,2025-04-06,29999.766916511133,regular,app,RU,22805.090958222576,69
C0095,2025-02-24,3761.544469712429,regular,manager,RU,74809.02849203724,112
C0336,2025-03-02,16878.53074797704,opportunistic,manager,AM,123057.91430420888,114
C0112,2025-04-01,6224.008271825749,regular,app,KZ,,74
C0278,2025-02-25,6007.918595795152,regular,app,RU,54814.63414542244,119
C0283,2025-06-10,10706.097040024777,regular,app,AM,49637.64105345447,13
C0363,2025-05-20,8745.276866719098,regular,web,RU,53936.128335688154,23
C0016,2025-04-01,23695.67911786309,regular,manager,RU,73734.55681536577,84
C0315,2025-02-08,24748.244784236198,regular,app,BY,122043.30752195237,133
C0232,2025-03-19,15450.32664235142,regular,app,RU,75576.78867544084,102
C0287,2025-04-18,7095.706074597144,regular,app,KZ,44683.913853316626,62
C0112,2025-03-04,8145.951748333316,regular,app,KZ,55018.014532175854,102
C0366,2025-04-01,30713.684957324353,regular,app,RU,56128.80472027171,84
C0027,2025-01-01,9179.484974212617,regular,app,RU,45567.70668624445,161
C0373,2025-04-22,2770.985144452421,regular,web,RU,94070.00566845604,67
C0005,2025-02-03,3302.545152426081,regular,app,RU,18572.608441914028,145
C0233,2025-04-27,9149.235016009223,new,app,AM,47207.72196915643,58
C0093,2025-04-19,4577.965901630768,regular,app,RU,66402.26752134197,67
C0210,2025-04-21,7860.831444426708,regular,web,RU,52418.57889047791,69
C0306,2025-01-15,6957.922076739076,regular,app,RU,57805.035774570744,158
C0242,2025-02-25,25986.900608510117,opportunistic,app,RU,140007.80525962607,123
C0303,2025-03-25,12186.852335258098,regular,app,RU,51412.557388166,79
C0034,2025-03-21,17235.994647104137,regular,manager,BY,139312.1307018514,100
C0149,2025-04-26,25712.19320250771,regular,app,BY,27968.453975938126,57
C0335,2025-05-22,24340.94658685566,regular,web,RU,62761.78101883521,0
C0069,2025-04-14,15134.213041814714,regular,web,RU,68745.02328473939,65
C0234,2025-01-13,33889.09753206797,opportunistic,manager,RU,,155
C0067,2025-01-19,13681.36457192129,opportunistic,web,BY,193504.66662175572,161
C0002,2025-01-17,29328.53125238696,regular,app,RU,88283.04157880397,152
C0286,2025-03-29,7698.014637717764,regular,manager,RU,76864.80399866072,90
C0094,2025-04-29,9433.248213880133,regular,app,RU,276155.8197288189,46
C0141,2025-05-01,7040.627172462306,regular,app,RU,147307.13899357288,52
C0274,2025-06-02,68941.98702635332,opportunistic,app,RU,55376.719713659855,0
C0328,2025-03-13,2970.8295665586284,regular,app,KZ,65732.80809874619,104
C0091,2025-02-11,9599.990630295582,regular,app,RU,118790.6932272385,120
C0061,2025-02-07,1482970.5065566974,opportunistic,manager,RU,119011.13380630473,133
C0398,2025-01-12,8822.205546918669,regular,app,RU,108208.7305003528,162
C0307,2025-06-05,5011.72315229283,regular,app,KZ,111706.42563456245,21
C0381,2025-06-21,47005.36536759454,opportunistic,manager,RU,69285.54604021527,0
C0041,2025-03-10,18143.57717167856,regular,app,RU,102947.22534981728,111
C0105,2025-06-21,21856.16208074505,opportunistic,manager,RU,,0
C0365,2025-01-31,20942.403457090575,opportunistic,app,RU,66589.23523916356,120
C0176,2025-06-02,13772.485247112769,regular,web,RU,79527.83146299052,20
C0189,2025-06-27,14352.494372265195,opportunistic,app,RU,,0
C0276,2025-05-03,23862.477858087448,regular,app,RU,,55
C0259,2025-04-06,-6829.281954281719,regular,app,KZ,54966.058792712574,82
C0210,2025-02-17,8863.330760809351,regular,web,RU,52418.57889047791,132
C0117,2025-04-20,26992.690070857465,opportunistic,manager,RU,44546.366596465356,7
C0207,2025-03-22,18107.031530994995,regular,manager,BY,180180.49328698896,94
C0020,2025-06-03,26285.716418498087,opportunistic,app,RU,,10
C0237,2025-02-23,19773.658665113093,regular,manager,RU,76718.82517000394,102
C0241,2025-05-16,88544.95292249863,opportunistic,manager,AM,,36
C0093,2025-04-04,7540.669288134891,regular,app,RU,66402.26752134197,82
C0333,2025-06-13,41155.980902879564,opportunistic,web,RU,54555.62976969267,0
C0289,2025-03-08,14731.06034608841,regular,app,RU,104787.97930192667,102
C0269,2025-04-18,7218.850508205547,regular,web,BY,91399.24908804016,63
C0281,2025-01-28,11033.321801648417,regular,app,RU,27211.30833168933,148
C0200,2025-01-22,4936.723354818187,regular,app,RU,198493.78958835345,153
C0027,2025-03-16,10186.575594525868,regular,app,RU,45567.70668624445,87
C0188,2025-05-25,8942.989832235693,regular,app,RU,40342.7858121426,33
C0243,2025-04-30,13441.456681178652,regular,web,RU,37334.670245607726,57
C0139,2025-06-21,151931.92882552624,opportunistic,manager,BY,,0
C0267,2025-06-21,43040.90176617064,regular,app,BY,165601.26935907674,4
C0141,2025-04-16,17197.27232656744,regular,web,RU,147307.13899357288,67
C0034,2025-02-04,8248.939772168053,regular,manager,BY,139312.1307018514,145
C0307,2025-06-15,9858.141244619603,regular,app,KZ,111706.42563456245,11
C0017,2025-04-04,21338.013778768076,opportunistic,manager,RU,,81
C0016,2025-06-15,8744.660499860489,regular,app,RU,73734.55681536577,9
C0139,2025-05-20,30526.20972005872,opportunistic,manager,BY,143214.9268186321,32
C0400,2025-06-05,9898.669359965923,regular,web,RU,75874.27858611445,15
C0217,2025-03-05,12423.102525724831,regular,web,RU,133378.46522269418,108
C0038,2025-05-29,8789.292860399379,regular,app,AM,29310.61212769585,6
C0108,2025-01-15,8555.0724062125,regular,manager,RU,84938.35767995643,160
C0011,2025-05-02,2752.110310455357,regular,app,RU,100516.10043231638,55
C0068,2025-03-09,8397.089394403314,regular,app,RU,207386.4605822518,110
C0287,2025-06-15,14855.833030405294,regular,app,KZ,44683.913853316626,4
C0169,2025-06-29,9759.837686892348,regular,manager,RU,63076.16263509317,0
C0085,2025-02-22,12598.990296407903,regular,app,RU,80116.70385635352,122
C0107,2025-01-07,36992.27704184864,regular,app,RU,56532.060379392606,173
C0271,2025-03-18,9185.000730339492,regular,app,RU,41028.573339414696,94
C0277,2025-05-22,4761.788888649071,regular,app,RU,40282.29405287731,31
C0350,2025-01-13,9785.335938230737,regular,app,AM,72183.40831187136,164
C0106,2025-02-10,41717.145297677765,opportunistic,manager,KZ,80950.43024024995,48
C0184,2025-03-19,181524.59873575502,regular,app,RU,73378.44254129767,97
C0039,2025-06-21,24724.27754988669,regular,web,RU,40600.123215367676,5
C0253,2025-05-24,14403.472954172545,regular,app,RU,91013.09064201491,25
C0350,2025-06-26,12413.49155637981,regular,web,AM,72183.40831187136,0
C0315,2025-05-17,27922.361091657272,regular,app,BY,122043.30752195237,35
C0378,2025-03-11,6502.839726126955,regular,web,BY,93929.37563679303,109
C0115,2025-02-12,65603.05565746993,regular,web,RU,140101.75043049947,127
C0267,2025-01-12,4470.965943867072,regular,web,BY,165601.26935907674,164
C0277,2025-06-22,31712.696203023846,regular,web,RU,40282.29405287731,0
C0264,2025-01-01,4712.781117726191,regular,app,RU,53382.85082631906,177
C0034,2025-01-11,36859.37932600265,regular,app,BY,139312.1307018514,169
C0223,2025-03-07,54408.44091124906,opportunistic,web,RU,26184.462394076887,114
C0316,2025-01-31,2819.2774959532044,regular,app,RU,57827.32199477627,147
C0295,2025-04-14,68889.10680073395,opportunistic,manager,RU,103696.81985419338,20
C0145,2025-05-10,13020.579522534892,regular,app,RU,54231.990145770134,50
C0336,2025-03-21,47306.00588078374,opportunistic,manager,AM,123057.91430420888,95
C0393,2025-03-16,126298.97446783146,opportunistic,app,RU,,88
C0147,2025-05-08,12009.119531249065,regular,web,RU,51703.96166882332,43
C0050,2025-04-01,16444.179177840157,regular,app,AM,47441.35558338082,85
C0341,2025-04-19,14900.299230695788,regular,app,RU,77297.95977305167,64
C0309,2025-03-04,5984.133755584898,regular,app,RU,41995.26799765813,102
C0314,2025-02-05,13532.387631889045,regular,app,BY,59242.379815333625,137
C0399,2025-03-25,13544.671550055933,regular,app,RU,66589.02089418373,94
C0352,2025-05-02,7225.5287788894775,regular,app,RU,103141.23639450001,56
C0068,2025-02-12,4041.7253169999485,regular,app,RU,207386.4605822518,135
C0082,2025-06-09,9286.570224951927,regular,app,RU,192043.49068353276,0
C0259,2025-05-09,7709.600969177016,regular,web,KZ,54966.058792712574,49
C0153,2025-01-18,4542.630762164745,regular,app,RU,17732.54325367211,162
C0075,2025-03-05,6761.328986894597,regular,manager,RU,,114
C0205,2025-05-11,24396.62065732531,regular,app,AM,33782.36257951558,46
C0392,2025-06-15,12772.772277421273,regular,app,RU,82318.01174628778,4
C0389,2025-06-10,7963.14248279027,regular,app,RU,66611.28251620958,18
C0005,2025-06-12,3785.3661116432413,regular,app,RU,18572.608441914028,16
C0048,2025-01-31,6058.826559145279,regular,app,RU,24173.246782879014,149
C0304,2025-06-27,9648.884707868598,regular,app,AM,52384.94132499481,0
C0356,2025-02-26,13631.277355647644,regular,app,RU,127166.025780776,122
C0261,2025-04-23,8575.811442359925,regular,manager,RU,92817.5689867,67
C0148,2025-05-15,11213.018082360595,regular,app,RU,84862.16854841373,39
C0206,2025-03-22,22108.266241554946,regular,app,RU,75884.66245476011,98
C0289,2025-06-03,17720.55778139496,regular,app,RU,104787.97930192667,15
C0130,2025-06-12,116085.89003491458,opportunistic,manager,RU,79981.8389236212,0
C0272,2025-01-14,12495.837839096861,regular,manager,RU,72952.79470233107,134
C0373,2025-06-23,12511.677278868028,regular,app,RU,94070.00566845604,5
C0261,2025-05-11,13275.036688358046,regular,app,RU,92817.5689867,49
C0282,2025-01-03,3688.095006423689,regular,web,KZ,86261.33612057511,169
C0373,2025-04-09,13353.849348353953,regular,web,RU,94070.00566845604,80
C0054,2025-01-29,39430.46477333089,opportunistic,web,RU,,132
C0272,2025-02-05,15927.224741135647,regular,app,RU,72952.79470233107,112
C0352,2025-06-21,7881.719624306538,regular,manager,RU,103141.23639450001,6
C0154,2025-04-17,42744.33403449087,opportunistic,app,RU,42932.69018429909,58
C0302,2025-05-11,5617.707760060495,regular,app,KZ,150859.75994505777,45
C0015,2025-06-16,11345.458165573275,regular,web,RU,59946.85642054766,10
C0385,2025-03-19,8928.233654098636,regular,app,RU,171261.59082559345,93
C0103,2025-01-24,4573.65308134081,regular,manager,RU,41425.609103306146,154
C0325,2025-06-13,16251.2456680284,opportunistic,manager,RU,65676.35620004988,9
C0048,2025-05-30,17223.831436687844,regular,web,RU,24173.246782879014,30
C0034,2025-06-01,8004.497644952388,regular,web,BY,139312.1307018514,28
C0296,2025-04-19,158990.49158976827,new,app,RU,93320.66579868544,0
C0173,2025-02-07,12063.57451932106,regular,app,RU,33374.269800263144,138
C0176,2025-02-04,14391.952544352893,regular,web,RU,79527.83146299052,138
C0201,2025-06-08,11663.385310153537,opportunistic,app,RU,34643.37900711766,12
C0010,2025-06-23,9625.83205177297,regular,app,RU,71398.54626114802,3
C0029,2025-05-07,19075.5726532783,regular,app,RU,56574.50740293192,50
C0203,2025-06-06,-9502.867883096607,regular,app,RU,75319.67008401135,13
C0225,2025-02-06,13022.940871991526,regular,app,RU,37463.80596379556,136
C0167,2025-03-20,77737.15555536763,opportunistic,manager,RU,77888.21217479996,86
C0217,2025-01-01,61340.181823272265,regular,manager,RU,133378.46522269418,171
C0400,2025-02-19,10132.389469909438,regular,app,RU,75874.27858611445,121
C0062,2025-01-30,340277.8375357666,regular,app,RU,55142.80232839496,147
C0062,2025-05-27,56527.23963101247,regular,web,RU,55142.80232839496,30
C0287,2025-02-23,11738.962886835861,regular,app,KZ,44683.913853316626,116
C0176,2025-03-02,24704.799728689763,regular,app,RU,79527.83146299052,112
C0274,2025-04-29,17637.02855591826,opportunistic,app,RU,55376.719713659855,34
C0366,2025-06-16,17002.766899755028,regular,app,RU,56128.80472027171,8
C0052,2025-02-19,8397.809935341933,regular,app,KZ,36740.54430792383,130
C0015,2025-03-06,4936.498168430277,regular,app,RU,59946.85642054766,112
C0335,2025-03-19,2131.4187960268355,regular,web,RU,62761.78101883521,64
C0351,2025-05-08,174420.77772654104,opportunistic,manager,KZ,101495.73572265125,31
C0284,2025-02-05,8993.769227224198,regular,app,RU,16145.402480594568,137
C0214,2025-03-26,54760.52271437815,opportunistic,manager,RU,24928.596248155605,74
C0205,2025-01-30,10296.048665377,regular,app,AM,,147
C0369,2025-06-24,2576.7066491692835,regular,manager,RU,176635.3330683661,0
C0257,2025-06-10,-61277.28149603526,opportunistic,web,RU,204633.6814809772,0
C0255,2025-06-02,6027.820332711362,regular,app,AM,29087.88109205289,27
C0306,2025-02-06,3353.5505891213866,regular,web,RU,57805.035774570744,136
C0317,2025-05-17,52989.980292325185,regular,web,RU,37535.87622140273,37
C0188,2025-03-27,3583.450462007076,regular,app,RU,40342.7858121426,92
C0099,2025-06-29,41680.98055450073,regular,app,BY,64136.52177165041,0
C0134,2025-05-27,17968.16451110175,regular,web,RU,162091.34627439242,32
C0395,2025-03-30,8648.084760763626,regular,web,RU,64333.874332747415,86
C0011,2025-04-12,20269.431402907987,regular,app,RU,100516.10043231638,75
C0369,2025-05-07,17349.383956845475,regular,app,RU,176635.3330683661,48
C0005,2025-01-23,7015.246069383669,regular,app,RU,18572.608441914028,156
C0324,2025-03-29,3347.0717538342615,regular,app,RU,94477.46126382126,86
C0086,2025-01-27,10420.31325498196,regular,app,RU,52897.26789986734,147
C0253,2025-02-13,10142.644371665061,regular,web,RU,91013.09064201491,125
C0142,2025-02-15,7318.005999842021,regular,app,RU,,126
C0324,2025-02-16,8903.349575487791,regular,web,RU,94477.46126382126,127
C0363,2025-02-05,7857.136502341513,regular,web,RU,,127
C0057,2025-05-09,6030.236417180285,regular,app,BY,80745.46024762576,30
C0381,2025-06-02,24791.211190834485,opportunistic,manager,RU,,19
C0082,2025-03-19,13716.538669076848,regular,web,RU,192043.49068353276,82
C0126,2025-03-12,6261.458821444488,regular,app,KZ,56188.76756509697,108
C0115,2025-06-17,21570.138510072487,regular,web,RU,140101.75043049947,2
C0097,2025-05-25,8726.327888325315,regular,web,AM,69587.21229131967,31
C0343,2025-02-01,86426.53890989204,opportunistic,web,RU,35344.9744058295,127
C0290,2025-02-28,15006.543551008868,regular,web,RU,80189.09743512764,117
C0385,2025-03-20,9742.411400334686,regular,web,RU,171261.59082559345,92
C0322,2025-01-07,2741.0377886196534,regular,app,RU,89967.3339755547,156
C0167,2025-02-10,31710.69388191316,opportunistic,manager,RU,77888.21217479996,124
C0213,2025-04-21,20397.46879206786,regular,web,RU,75577.42042288934,55
C0277,2025-01-07,8949.061957257178,regular,manager,RU,40282.29405287731,166
C0095,2025-05-06,16296.425739188315,regular,app,RU,74809.02849203724,41
C0287,2025-05-30,11316.791283532662,regular,app,KZ,44683.913853316626,20
C0210,2025-06-29,4087.1083499191973,regular,app,RU,52418.57889047791,0
C0282,2025-03-06,15685.656801237636,regular,app,KZ,86261.33612057511,107
C0227,2025-06-12,10649.067706191981,regular,web,RU,30240.76297199327,13
C0237,2025-06-01,36046.49101739995,regular,app,RU,76718.82517000394,4
C0084,2025-03-29,4233.884153697105,regular,app,RU,38981.78972789811,63
C0034,2025-04-20,19633.94047594782,regular,app,BY,139312.1307018514,70
C0357,2025-04-09,49469.859529233574,opportunistic,app,RU,37746.851199622164,78
C0324,2025-03-31,19037.98825250001,regular,app,RU,94477.46126382126,84
C0206,2025-03-01,4326.414571440678,regular,web,RU,,119
C0328,2025-01-07,13878.6524842934,regular,web,KZ,65732.80809874619,169
C0049,2025-02-11,51766.10785235794,opportunistic,manager,RU,,134
C0019,2025-05-09,118767.53762912573,opportunistic,app,RU,,3
C0097,2025-05-05,7942.45578734524,regular,web,AM,69587.21229131967,51
C0182,2025-04-08,4820.2790876825975,new,app,RU,46207.44080257337,25
C0034,2025-02-13,13085.857298758838,regular,app,BY,139312.1307018514,136
C0400,2025-04-04,8149.178261187698,regular,app,RU,75874.27858611445,77
C0141,2025-02-25,11167.323734647149,regular,app,RU,147307.13899357288,117
C0218,2025-01-31,3977.2261690604773,regular,app,AM,46855.648918213476,149
C0041,2025-04-02,9266.869118015687,regular,app,RU,102947.22534981728,88
C0158,2025-05-21,23574.69078626599,opportunistic,web,AM,59959.54453274451,30
C0034,2025-01-10,8146.409808687032,regular,web,BY,,170
C0029,2025-01-12,7934.27577966186,regular,web,RU,56574.50740293192,165
C0124,2025-04-26,4046.968607435281,regular,app,RU,85459.18010301342,46
C0276,2025-06-27,20890.518873665605,regular,web,RU,65535.05343619635,0
C0060,2025-02-13,7929.648881867981,regular,web,AM,29369.97581505382,135
C0239,2025-02-22,4066.321985121912,regular,app,RU,85744.30607535798,123
C0127,2025-03-26,34772.1871370382,regular,app,RU,69892.42897742578,95
C0005,2025-04-17,3738.8008064924934,regular,app,RU,18572.608441914028,72
C0194,2025-05-15,39883.95822445766,opportunistic,manager,RU,80813.54655267524,45
C0282,2025-02-21,16574.180860776334,regular,web,KZ,86261.33612057511,120
C0196,2025-01-11,6783.259043429976,regular,app,RU,35031.704974799344,166
C0175,2025-04-02,13836.253915133952,regular,app,RU,63648.166022056794,88
C0036,2025-02-17,17984.451607558,regular,app,RU,41749.00830799161,125
C0033,2025-06-14,12073.088948039793,regular,web,RU,63702.184586940755,13
C0264,2025-02-13,3906.7363704527675,regular,web,RU,53382.85082631906,134
C0385,2025-04-23,430191.33414683864,regular,app,RU,171261.59082559345,58
C0374,2025-01-25,10609.752161899087,regular,app,RU,84406.5338871581,155
C0035,2025-01-27,3918.5939766554457,regular,web,RU,69610.42796192828,153
C0072,2025-02-22,6222.975481024354,regular,app,RU,41559.708530966964,127
C0011,2025-05-12,26842.19209469432,regular,app,RU,100516.10043231638,45
C0274,2025-01-16,51497.390862886314,opportunistic,web,RU,55376.719713659855,137
C0151,2025-02-14,35443.45721373343,opportunistic,app,BY,,112
C0190,2025-05-02,8883.976206665759,regular,web,RU,,52
C0154,2025-01-01,31319.406476667104,opportunistic,app,RU,,164
C0052,2025-04-19,3841.9789014351577,regular,app,KZ,36740.54430792383,71
C0362,2025-03-16,11830.385616955915,regular,app,RU,87900.75427160058,96
C0192,2025-05-26,5580.199123863138,regular,app,RU,131448.77247629315,27
C0270,2025-01-17,11326.06238941134,regular,web,RU,78878.98685669352,143
C0304,2025-03-18,7007.019973709308,regular,app,AM,52384.94132499481,101
C0391,2025-04-17,24253.96318370784,opportunistic,app,RU,36264.36096006157,60
C0082,2025-02-08,3762.5721059494563,regular,web,RU,192043.49068353276,121
C0097,2025-01-01,14293.281447372312,regular,web,AM,69587.21229131967,175
C0269,2025-06-20,8212.817738622753,regular,app,BY,91399.24908804016,0
C0288,2025-02-19,1397.1907463032658,regular,web,KZ,32072.151687949587,124
C0261,2025-04-13,8331.045062055418,regular,app,RU,92817.5689867,77
C0035,2025-06-03,56665.29417597294,regular,app,RU,69610.42796192828,26
C0071,2025-02-09,2300.2566281331883,regular,web,RU,119602.86638084592,138
C0027,2025-02-05,6159.444771791391,regular,app,RU,45567.70668624445,126
C0306,2025-01-28,10903.664568065493,regular,app,RU,57805.035774570744,145
C0163,2025-06-29,18079.799221780002,regular,app,RU,97613.13102034428,0
C0352,2025-06-27,11918.426974938333,regular,app,RU,103141.23639450001,0
C0068,2025-01-14,8164.919344683854,regular,app,RU,207386.4605822518,164
C0097,2025-05-03,21843.45159374592,regular,web,AM,69587.21229131967,53
C0365,2025-02-19,13470.420801924736,opportunistic,manager,RU,,101
C0237,2025-02-25,7866.001396374813,regular,app,RU,76718.82517000394,100
C0035,2025-04-21,17954.618030133694,regular,app,RU,69610.42796192828,69
C0098,2025-06-13,13883.525319227692,regular,app,BY,91073.97819474443,14
C0047,2025-04-08,3106.4604784426756,regular,web,KZ,61568.2960255891,66
C0169,2025-05-16,19308.192259575913,regular,web,RU,63076.16263509317,44
C0276,2025-01-23,14008.679584656367,regular,web,RU,65535.05343619635,155
C0277,2025-01-22,11437.446728431309,regular,web,RU,40282.29405287731,151
C0303,2025-05-25,21239.92428167842,regular,web,RU,,18
C0372,2025-01-20,10232.175435484138,regular,app,BY,105901.06925376512,160
C0111,2025-01-09,13396.281317799021,regular,app,RU,,170
C0319,2025-01-31,23265.63740522115,regular,app,BY,117835.57409004774,131
C0045,2025-04-27,18809.272106663164,opportunistic,manager,RU,37335.53501414272,58
C0187,2025-01-31,3056.0940022899204,regular,app,RU,76429.16908843287,132
C0195,2025-02-25,2450.1447925067932,regular,app,RU,17580.452648123697,105
C0027,2025-06-04,23995.268926656816,regular,app,RU,45567.70668624445,7
C0041,2025-03-02,6658.6198184936775,regular,app,RU,102947.22534981728,119
C0015,2025-06-08,20245.44396326432,regular,app,RU,59946.85642054766,18
C0195,2025-02-14,20658.885690567484,regular,app,RU,17580.452648123697,116
C0286,2025-05-15,13243.591752725739,regular,app,RU,76864.80399866072,43
C0061,2025-06-20,27413.763606868826,opportunistic,manager,RU,119011.13380630473,0
C0147,2025-05-02,61559.12412646752,regular,app,RU,51703.96166882332,49
C0041,2025-06-29,14634.539373411264,regular,app,RU,102947.22534981728,0
C0313,2025-04-25,17647.80877750418,regular,app,RU,40001.1761448378,62
C0176,2025-05-05,8351.221371866928,regular,web,RU,79527.83146299052,48
C0350,2025-01-20,5694.643852708537,regular,app,AM,72183.40831187136,157
C0209,2025-03-19,14832.57690201242,regular,web,RU,32709.208941189918,102
C0173,2025-04-03,23704.479324605196,regular,app,RU,33374.269800263144,83
C0306,2025-05-10,8777.306999588489,regular,app,RU,57805.035774570744,43
C0186,2025-05-26,20411.767583730045,opportunistic,manager,RU,63742.758168336564,0
C0396,2025-03-18,5855.739100263345,regular,app,KZ,63332.172912899565,98
C0115,2025-06-16,10675.987302154186,regular,app,RU,140101.75043049947,3
C0176,2025-05-01,1035.3870944070982,regular,app,RU,79527.83146299052,52
C0092,2025-03-10,20248.734286582992,opportunistic,web,RU,35310.4409081031,111
C0023,2025-03-10,5971.198215478627,new,web,RU,,77
C0033,2025-05-17,6944.33510452115,regular,app,RU,63702.184586940755,41
C0389,2025-01-13,4249.573518347135,regular,app,RU,66611.28251620958,166
C0356,2025-03-29,4161.768673661359,regular,web,RU,127166.025780776,91
C0062,2025-03-14,9455.8310006219,regular,web,RU,55142.80232839496,104
C0195,2025-05-29,18947.120263944853,regular,web,RU,17580.452648123697,12
C0173,2025-03-24,12683.032728623528,regular,manager,RU,33374.269800263144,93
C0248,2025-03-12,6772.015741473483,regular,app,RU,22805.090958222576,94
C0366,2025-06-12,10885.361780082232,regular,web,RU,56128.80472027171,12
C0381,2025-02-03,59335.22695757888,opportunistic,web,RU,69285.54604021527,138
C0310,2025-03-22,4185.012379502739,regular,app,RU,43030.78274384195,99
C0311,2025-02-28,12070.237374945542,regular,app,RU,18468.17377658533,119
C0128,2025-03-11,20583.03831378662,regular,web,RU,63110.63911316603,110
C0225,2025-01-14,7353.326979854535,regular,app,RU,37463.80596379556,159
C0319,2025-05-22,5959.8124226606005,regular,web,BY,117835.57409004774,20
C0304,2025-03-09,6650.453989177218,regular,app,AM,,110
C0193,2025-01-18,11834.287086142025,regular,app,RU,57590.64763962595,154
C0258,2025-06-06,18658.239730428486,regular,app,BY,72735.01488396972,23
C0266,2025-06-03,20393.432945566794,regular,app,AM,60126.4423558778,19
C0232,2025-06-07,228721.65123014347,regular,manager,RU,75576.78867544084,22
C0358,2025-02-21,57921.36308109641,opportunistic,web,RU,,113
C0294,2025-02-13,133094.41256062436,regular,app,RU,60366.5026649566,136
C0257,2025-06-03,46571.49100327668,opportunistic,manager,RU,204633.6814809772,7
C0332,2025-02-21,17422.0456145705,regular,app,KZ,96486.84621670823,127
C0376,2025-05-28,7443.919250009343,regular,web,RU,93850.10197362199,27
C0288,2025-05-20,9150.0560663469,regular,web,KZ,32072.151687949587,34
C0103,2025-01-29,6958.05304865597,regular,web,RU,41425.609103306146,149
C0375,2025-05-11,16289.796203973712,regular,app,RU,131572.8404314726,49
C0394,2025-04-27,11108.699386490158,opportunistic,manager,RU,32323.226443820487,63
C0133,2025-02-22,24249.894225826825,opportunistic,manager,AM,,92
C0199,2025-05-01,7125.378224414563,regular,manager,RU,98019.14203306024,56
C0352,2025-03-06,15624.963074871557,regular,web,RU,103141.23639450001,113
C0356,2025-04-12,7387.352091218883,regular,app,RU,127166.025780776,77
C0393,2025-01-03,46369.62300417602,opportunistic,app,RU,68405.75658258372,160
C0077,2025-01-15,10449.90747794943,regular,web,RU,27604.60480859763,164
C0027,2025-01-31,10354.875596093852,regular,app,RU,45567.70668624445,131
C0288,2025-01-06,16670.207687208083,regular,manager,KZ,32072.151687949587,168
C0196,2025-06-20,6395.993869253602,regular,app,RU,35031.704974799344,6
C0128,2025-01-21,43393.742684486475,regular,app,RU,63110.63911316603,159
C0196,2025-05-02,4946.936393115733,regular,app,RU,35031.704974799344,55
C0249,2025-02-09,12024.289473515735,regular,web,RU,55783.52272481387,140
C0146,2025-03-12,14282.28685803297,regular,app,RU,39433.96766078368,108
C0248,2025-01-18,36530.56629010617,regular,app,RU,22805.090958222576,147
C0294,2025-04-27,9351.164079970133,regular,app,RU,60366.5026649566,63
C0217,2025-02-18,5541.11682602012,regular,app,RU,133378.46522269418,123
C0375,2025-04-05,15277.473235800802,regular,web,RU,131572.8404314726,85
C0284,2025-03-09,8574.449847222257,regular,manager,RU,16145.402480594568,105
C0378,2025-06-07,2960.6237784004743,regular,app,BY,93929.37563679303,21
C0031,2025-06-06,55627.343032793164,opportunistic,manager,RU,,0
C0322,2025-03-19,4449.585105263665,regular,app,RU,89967.3339755547,85
C0385,2025-01-10,4694.7159413532445,regular,app,RU,171261.59082559345,161
C0134,2025-04-14,17891.47867262592,regular,app,RU,162091.34627439242,75
C0097,2025-05-15,13125.024569490006,regular,web,AM,69587.21229131967,41
C0199,2025-04-04,13470.933665177874,regular,app,RU,98019.14203306024,83
C0373,2025-03-28,9777.867365437005,regular,app,RU,94070.00566845604,92
C0389,2025-04-26,20222.132258676542,regular,app,RU,66611.28251620958,63
C0349,2025-01-24,73495.55375773362,opportunistic,app,RU,77109.29033857904,105
C0249,2025-06-29,9317.371236566973,regular,app,RU,55783.52272481387,0
C0240,2025-01-05,4209.497069368294,regular,web,RU,49345.468111258146,174
C0203,2025-01-16,-4748.73148400566,regular,app,RU,,154
C0289,2025-03-02,6945.118128947246,regular,app,RU,104787.97930192667,108
C0079,2025-06-09,25776.300785511074,opportunistic,web,RU,,16
C0150,2025-06-19,6046.687926186076,regular,app,RU,93958.54905131078,10
C0103,2025-04-30,4167.320296292629,regular,app,RU,41425.609103306146,58
C0272,2025-01-16,1702.4838350581842,regular,app,RU,72952.79470233107,132
C0012,2025-03-19,6655.012647914827,new,web,RU,75061.74014172595,86
C0220,2025-04-20,22370.710853915556,regular,manager,RU,89109.60304575077,69
C0399,2025-01-20,5987.384223227413,regular,web,RU,66589.02089418373,158
C0120,2025-03-19,67709.80420199982,opportunistic,manager,RU,49073.64807561081,84
C0149,2025-06-03,12659.183502136984,regular,web,BY,27968.453975938126,19
C0335,2025-01-20,4470.285866138652,regular,web,RU,62761.78101883521,122
C0210,2025-06-17,11794.955196407656,regular,app,RU,52418.57889047791,12
C0007,2025-01-20,116013.06031899969,opportunistic,web,RU,51048.07840727318,157
C0354,2025-03-18,23079.41558267107,opportunistic,manager,RU,,35
C0355,2025-06-20,18850.583905213443,regular,web,RU,114801.5160405255,0
C0034,2025-01-09,15331.247599108434,regular,manager,BY,139312.1307018514,171
C0190,2025-01-11,12698.931622577718,regular,app,RU,29728.08893128601,163
C0314,2025-04-24,12050.576651433774,regular,app,BY,59242.379815333625,59
C0222,2025-06-09,8941.42907118004,regular,app,RU,84664.75261477451,15
C0271,2025-03-23,13989.384747927117,regular,web,RU,41028.573339414696,89
C0177,2025-05-18,13603.991100568941,regular,app,KZ,68058.85552278945,42
C0244,2025-05-14,11625.713832396374,regular,web,RU,17552.836117749855,40
C0278,2025-03-28,4845.690581630076,regular,app,RU,54814.63414542244,88
C0004,2025-06-09,24038.217364737495,opportunistic,manager,RU,30423.747915419874,17
C0339,2025-01-08,15347.32380366663,regular,web,RU,39831.465005485414,160
C0335,2025-02-28,5911.018207155636,regular,manager,RU,62761.78101883521,83
C0395,2025-02-09,5187.87557860961,regular,app,RU,64333.874332747415,135
C0153,2025-02-16,5561.948888922636,regular,app,RU,17732.54325367211,133
C0158,2025-05-11,29434.954149746856,opportunistic,manager,AM,59959.54453274451,40
C0395,2025-06-24,19420.14169510544,regular,app,RU,64333.874332747415,0
C0271,2025-06-15,6041.181596068074,regular,manager,RU,41028.573339414696,5
C0130,2025-04-08,161197.4477870306,opportunistic,manager,RU,79981.8389236212,65
C0079,2025-02-18,31833.186587379358,opportunistic,web,RU,,127
C0229,2025-05-14,19700.457712703403,opportunistic,manager,RU,42462.24480802524,0
C0026,2025-04-09,16727.943901946725,regular,app,KZ,18333.974251046504,68
C0103,2025-02-28,6629.38249349215,regular,app,RU,41425.609103306146,119
C0075,2025-02-15,11098.947672651775,regular,app,RU,,132
C0312,2025-06-15,18000.24200087536,regular,web,RU,38948.629151541485,9
C0254,2025-05-02,26840.39707451751,regular,web,RU,88298.5580564642,45
C0316,2025-01-26,24910.43636013198,regular,app,RU,57827.32199477627,152
C0302,2025-05-05,15576.78383748707,regular,app,KZ,150859.75994505777,51
C0098,2025-03-24,11688.30101076821,regular,manager,BY,91073.97819474443,95
C0233,2025-04-28,7945.19448386368,new,app,AM,47207.72196915643,57
C0108,2025-03-17,16575.75251200269,regular,app,RU,84938.35767995643,99
C0353,2025-04-20,57664.897503325876,opportunistic,manager,KZ,,57
C0278,2025-02-16,28761.66407102408,regular,web,RU,54814.63414542244,128
C0141,2025-05-17,5299.903709066946,regular,app,RU,147307.13899357288,36
C0044,2025-01-12,51486.495404976034,regular,web,RU,82129.71014803136,168
C0044,2025-06-07,26514.07925892623,regular,app,RU,82129.71014803136,22
C0330,2025-04-25,12279.982064311005,regular,app,RU,33903.04091126527,63
C0230,2025-02-04,4579.273147265722,regular,manager,RU,32681.058632895285,145
C0271,2025-02-14,3341.153248715204,regular,app,RU,41028.573339414696,126
C0328,2025-01-28,13928.913655631819,regular,web,KZ,65732.80809874619,148
C0269,2025-05-27,16270.578157773974,regular,web,BY,91399.24908804016,24
C0044,2025-06-11,11419.108108119943,regular,app,RU,,18
C0072,2025-03-20,11717.020232134653,regular,app,RU,41559.708530966964,101
C0379,2025-02-02,18965.984682415212,regular,web,AM,79812.48895604689,146
C0203,2025-03-31,12509.662999084858,regular,app,RU,75319.67008401135,80
C0146,2025-05-09,11037.761634189917,regular,web,RU,39433.96766078368,50
C0311,2025-02-19,12650.781128703555,regular,web,RU,18468.17377658533,128
C0292,2025-03-02,26380.14712585489,regular,web,RU,83374.99550448595,118
C0010,2025-05-17,9842.517878138367,regular,web,RU,71398.54626114802,40
C0059,2025-06-13,15270.767276844486,regular,manager,RU,54801.21350948494,11
C0138,2025-03-08,167104.48328590987,regular,app,RU,59561.26986369458,109
C0082,2025-05-13,8425.35223605593,regular,app,RU,192043.49068353276,27
C0277,2025-03-29,7340.813859255276,regular,app,RU,40282.29405287731,85
C0022,2025-04-20,12924.628717647493,regular,app,BY,104426.15742678501,66
C0191,2025-05-19,10365.958738138415,new,app,BY,,37
C0396,2025-03-10,5388.697632416616,regular,app,KZ,63332.172912899565,106
C0142,2025-05-12,7974.876555890102,regular,web,RU,71133.75089158732,40
C0093,2025-03-26,3469.8174930532346,regular,manager,RU,66402.26752134197,91
C0300,2025-05-19,54645.24585678462,opportunistic,app,RU,50842.772416125044,10
C0254,2025-05-20,11013.330054601218,regular,app,RU,88298.5580564642,27
C0182,2025-05-03,10597.7708302333,new,app,RU,46207.44080257337,0
C0041,2025-01-26,6306.41841770128,regular,web,RU,102947.22534981728,154
C0385,2025-04-08,24091.37395458022,regular,web,RU,171261.59082559345,73
C0372,2025-03-30,3222.382781152119,regular,app,BY,105901.06925376512,91
C0189,2025-01-24,27141.273111980212,opportunistic,manager,RU,,154
C0322,2025-04-11,15650.208215183988,regular,app,RU,89967.3339755547,62
C0201,2025-05-19,10940.913928005637,opportunistic,web,RU,34643.37900711766,32
C0079,2025-05-17,118495.23023129282,opportunistic,manager,RU,35790.53449527416,39
C0172,2025-03-17,36957.58584482797,regular,web,RU,37505.97494683757,99
C0124,2025-05-29,5383.482637980317,regular,app,RU,,13
C0258,2025-05-31,3306.294169047541,regular,app,BY,,29
C0230,2025-06-10,14257.027682572292,regular,app,RU,32681.058632895285,19
C0033,2025-03-18,24665.47047241824,regular,app,RU,63702.184586940755,101
C0364,2025-04-11,6307.872949291496,regular,web,RU,40488.69823107142,77
C0257,2025-01-13,24763.24266003317,opportunistic,web,RU,204633.6814809772,148
C0261,2025-05-24,9241.627759451872,regular,web,RU,92817.5689867,36
C0364,2025-01-03,11689.201371369172,regular,app,RU,40488.69823107142,175
C0069,2025-01-20,8564.495594976555,regular,app,RU,68745.02328473939,149
C0366,2025-03-20,24463.339136397393,regular,web,RU,56128.80472027171,96
C0314,2025-02-23,25862.255308982913,regular,app,BY,59242.379815333625,119
C0035,2025-02-12,19077.521673216834,regular,app,RU,69610.42796192828,137
C0375,2025-04-09,3786.816879374948,regular,app,RU,131572.8404314726,81
C0086,2025-02-13,10176.96627922035,regular,app,RU,52897.26789986734,130
C0199,2025-05-12,25253.635809697997,regular,web,RU,98019.14203306024,45
C0191,2025-02-24,21775.397611725668,new,web,BY,137985.2887238867,121
C0395,2025-05-10,7633.969568062546,regular,web,RU,64333.874332747415,45
C0287,2025-04-27,6344.039611509821,regular,app,KZ,44683.913853316626,53
C0066,2025-03-22,63422.749194539254,opportunistic,manager,RU,80163.75361248822,83
C0251,2025-05-28,22786.26632337047,opportunistic,manager,RU,59607.81016099394,12
C0002,2025-01-18,32161.017024100973,regular,app,RU,,151
C0193,2025-02-23,8449.905378930394,regular,app,RU,57590.64763962595,118
C0193,2025-04-21,25832.559334602498,regular,app,RU,57590.64763962595,61
C0093,2025-01-24,4999.685426263295,regular,web,RU,66402.26752134197,152
C0161,2025-02-25,7335.326421264087,regular,app,RU,74003.19392036954,124
C0163,2025-03-26,10953.919062398249,regular,manager,RU,,95
C0309,2025-06-08,15123.734329566229,regular,manager,RU,41995.26799765813,6
C0145,2025-04-07,11041.15685660004,regular,manager,RU,54231.990145770134,83
C0177,2025-02-13,8409.65353107175,regular,app,KZ,68058.85552278945,136
C0115,2025-03-13,8711.047515752594,regular,app,RU,140101.75043049947,98
C0206,2025-06-10,16580.95938238115,regular,app,RU,75884.66245476011,18
C0332,2025-02-22,14562.96315037651,regular,app,KZ,96486.84621670823,126
C0196,2025-02-22,4938.595709727534,regular,app,RU,35031.704974799344,124
C0175,2025-03-16,4792.457417104636,regular,web,RU,63648.166022056794,105
C0209,2025-06-21,5316.9711163695565,regular,web,RU,32709.208941189918,8
C0186,2025-01-16,63975.00461833942,opportunistic,app,RU,63742.758168336564,130
C0223,2025-05-08,7025.448526700203,opportunistic,manager,RU,26184.462394076887,52
C0126,2025-01-30,5397.383136854761,regular,web,KZ,56188.76756509697,149
C0080,2025-05-14,42008.1256518822,opportunistic,manager,AM,51417.22917752957,43
C0379,2025-01-14,4340.5538152473555,regular,app,AM,79812.48895604689,165
C0287,2025-01-05,10116.313648802796,regular,app,KZ,44683.913853316626,165
C0373,2025-03-19,2162.3287208210654,regular,app,RU,94070.00566845604,101
C0187,2025-02-24,8569.112539081274,regular,web,RU,76429.16908843287,108
C0157,2025-02-17,3676.4779473794038,regular,web,RU,,130
C0092,2025-04-30,62044.473056047,opportunistic,manager,RU,35310.4409081031,60
C0374,2025-03-08,9032.440944121145,regular,web,RU,84406.5338871581,113
C0039,2025-05-19,12656.380738504935,regular,web,RU,,38
C0184,2025-06-17,13844.290148062059,regular,app,RU,73378.44254129767,7
C0267,2025-06-25,14741.060324217058,regular,app,BY,165601.26935907674,0
C0363,2025-02-09,43648.13572844251,regular,app,RU,53936.128335688154,123
C0289,2025-01-10,21601.21182486558,regular,app,RU,104787.97930192667,159
C0093,2025-04-22,9493.376559820214,regular,app,RU,66402.26752134197,64
C0066,2025-05-29,31470.257759275686,opportunistic,manager,RU,,15
C0220,2025-02-06,49193.01696845949,regular,web,RU,89109.60304575077,142
C0220,2025-06-19,3411.569601755306,regular,web,RU,89109.60304575077,9
C0289,2025-01-07,3307.4345031312787,regular,app,RU,104787.97930192667,162
C0085,2025-04-26,3766.9221225076367,regular,app,RU,80116.70385635352,59
C0278,2025-01-04,9602.32826947536,regular,app,RU,54814.63414542244,171
C0075,2025-01-19,24396.200321290416,regular,web,RU,78641.08221028118,159
C0273,2025-03-30,8786.906550612302,regular,app,RU,128912.01034395119,86
C0288,2025-04-24,8162.208102617875,regular,manager,KZ,32072.151687949587,60
C0273,2025-04-11,10578.013672522196,regular,app,RU,128912.01034395119,74
C0301,2025-01-10,86416.72904043837,opportunistic,app,RU,,161
C0160,2025-01-08,28993.26807276572,opportunistic,app,RU,60624.132614089176,145
C0268,2025-06-01,1661.4338286324505,regular,app,KZ,36060.11248799635,21
C0173,2025-04-30,939029.3957576285,regular,manager,RU,33374.269800263144,56
C0114,2025-03-19,23657.349819440973,opportunistic,app,RU,29077.40070521304,68
C0052,2025-02-11,8596.987804125893,regular,app,KZ,36740.54430792383,138
C0194,2025-06-29,26543.398541088824,opportunistic,manager,RU,80813.54655267524,0
C0194,2025-06-11,90268.08649554118,opportunistic,manager,RU,80813.54655267524,18
C0319,2025-05-03,10437.24261109741,regular,app,BY,117835.57409004774,39
C0211,2025-03-13,34638.7085963796,opportunistic,web,BY,49695.833368652566,98
C0041,2025-01-27,11355.712763995149,regular,app,RU,102947.22534981728,153
C0266,2025-04-17,15680.16762850531,regular,web,AM,60126.4423558778,66
C0035,2025-02-06,12661.88450370108,regular,manager,RU,69610.42796192828,143
C0253,2025-05-21,13006.129490114332,regular,app,RU,91013.09064201491,28
C0142,2025-05-20,10226.150279424446,regular,app,RU,71133.75089158732,32
C0220,2025-02-04,3915.62869717707,regular,web,RU,89109.60304575077,144
C0282,2025-01-22,6378.446661647839,regular,app,KZ,86261.33612057511,150
C0385,2025-03-28,29968.503900189957,regular,app,RU,171261.59082559345,84
C0271,2025-03-16,15668.023935099553,regular,app,RU,41028.573339414696,96
C0313,2025-06-18,9319.362535795666,regular,app,RU,40001.1761448378,8
C0284,2025-06-08,9122.258003653358,regular,manager,RU,16145.402480594568,14
C0371,2025-03-19,34699.863902202946,opportunistic,web,RU,,61
C0240,2025-01-22,13674.163210469926,regular,app,RU,49345.468111258146,157
C0125,2025-03-06,6975.437028409115,regular,app,RU,28042.399336962837,101
C0266,2025-04-01,5793.863770787833,regular,web,AM,60126.4423558778,82
C0127,2025-05-13,6358.889599009236,regular,app,RU,69892.42897742578,47
C0091,2025-06-07,15637.871712512106,regular,manager,RU,118790.6932272385,4
C0336,2025-05-30,17923.027609506873,opportunistic,manager,AM,123057.91430420888,25
C0225,2025-03-07,14419.936689902255,regular,web,RU,37463.80596379556,107
C0203,2025-01-18,3338.7681756181,regular,app,RU,75319.67008401135,152
C0091,2025-01-15,3356.030308994347,regular,app,RU,118790.6932272385,147
C0089,2025-04-13,22505.01923957523,regular,manager,BY,93017.61049185187,61
C0312,2025-05-08,6956.986935516375,regular,manager,RU,38948.629151541485,47
C0167,2025-05-09,1125148.7622985172,opportunistic,app,RU,77888.21217479996,36
C0098,2025-05-11,12484.177101130392,regular,web,BY,91073.97819474443,47
C0136,2025-04-03,16694.52386579056,regular,web,RU,40609.90938605977,81
C0031,2025-02-21,31253.494028088448,opportunistic,app,RU,,105
C0203,2025-01-15,7292.6099371252985,regular,app,RU,75319.67008401135,155
C0232,2025-01-17,4007.244372540611,regular,app,RU,75576.78867544084,163
C0391,2025-03-29,79303.16334638545,opportunistic,manager,RU,36264.36096006157,79
C0295,2025-02-08,26918.71262680067,opportunistic,web,RU,103696.81985419338,85
C0047,2025-05-16,9642.999113190197,regular,app,KZ,61568.2960255891,28
C0190,2025-01-09,25070.557203007924,regular,app,RU,29728.08893128601,165
C0233,2025-06-24,5213.702083775326,new,app,AM,47207.72196915643,0
C0330,2025-04-28,5903.240301542211,regular,app,RU,33903.04091126527,60
C0375,2025-05-28,15695.118568212562,regular,app,RU,131572.8404314726,32
C0036,2025-06-05,24293.27881930435,regular,app,RU,41749.00830799161,17
C0386,2025-01-04,15911.402578360376,new,web,RU,139744.5413521577,175
C0069,2025-01-06,9325.493257356073,regular,manager,RU,68745.02328473939,163
C0379,2025-06-23,3202.0746944547104,regular,app,AM,79812.48895604689,5
C0297,2025-04-20,4075.4533089088986,new,app,RU,131721.9782148662,6
C0015,2025-02-16,7082.21407014447,regular,app,RU,59946.85642054766,130
C0169,2025-05-27,7510.248822538886,regular,web,RU,63076.16263509317,33
C0207,2025-04-20,3242.6541262696287,regular,web,BY,180180.49328698896,65
C0337,2025-02-08,14365.968564959583,regular,web,RU,18875.011531273616,138
C0373,2025-06-05,21001.305187423288,regular,web,RU,94070.00566845604,23
C0145,2025-01-04,9003.98415785447,regular,app,RU,54231.990145770134,176
C0148,2025-04-11,2426.3299697760763,regular,app,RU,,73
C0138,2025-01-09,3504.296807384096,regular,web,RU,59561.26986369458,167
C0169,2025-04-16,21387.386757987217,regular,app,RU,63076.16263509317,74
C0096,2025-04-02,24812.41684925152,opportunistic,web,AM,145548.98544138437,69
C0276,2025-02-28,17117.60275719035,regular,web,RU,65535.05343619635,119
C0357,2025-02-20,95859.94268780037,opportunistic,manager,RU,,126
C0255,2025-04-23,7962.957675353272,regular,app,AM,29087.88109205289,67
C0374,2025-03-17,13112.302504657935,regular,web,RU,84406.5338871581,104
C0057,2025-03-23,49925.23113660829,regular,app,BY,80745.46024762576,77
C0193,2025-06-20,5471.141824620001,regular,app,RU,57590.64763962595,1
C0034,2025-02-24,16264.877476851816,regular,web,BY,139312.1307018514,125
C0385,2025-01-01,14276.29001325533,regular,app,RU,171261.59082559345,170
C0311,2025-05-15,17185.93448795992,regular,web,RU,18468.17377658533,43
C0082,2025-01-19,7040.99193271836,regular,app,RU,192043.49068353276,141
C0278,2025-01-14,11846.898445683513,regular,web,RU,54814.63414542244,161
C0183,2025-04-11,4895.049830907732,regular,app,BY,89467.91572353024,78
C0034,2025-06-29,24761.06614419128,regular,app,BY,139312.1307018514,0
C0083,2025-04-11,85903.26692242663,opportunistic,manager,RU,121576.18149311296,79
C0321,2025-03-10,6123.07687921256,new,app,RU,40102.093296631676,88
C0254,2025-04-24,9673.512129485476,regular,app,RU,88298.5580564642,53
C0277,2025-03-25,10365.609031692304,regular,app,RU,40282.29405287731,89
C0331,2025-04-03,85389.92955288917,opportunistic,manager,RU,,83
C0249,2025-01-10,10121.592146724413,regular,app,RU,55783.52272481387,170
C0022,2025-03-23,12724.308631831926,regular,manager,BY,104426.15742678501,94
C0294,2025-05-29,18934.39591676246,regular,web,RU,60366.5026649566,31
C0285,2025-04-09,39952.82644611701,opportunistic,manager,RU,101891.5427450977,81
C0376,2025-06-11,4146.724915829622,regular,app,RU,,13
C0364,2025-04-15,18390.935156718304,regular,app,RU,40488.69823107142,73
C0019,2025-02-04,21891.24537504761,opportunistic,web,RU,,97
C0176,2025-03-10,26824.37087410799,regular,app,RU,79527.83146299052,104
C0285,2025-05-07,68800.37018892841,opportunistic,manager,RU,,53
C0323,2025-01-11,4574.063087141506,regular,manager,RU,58580.38170655148,159
C0244,2025-06-10,10940.0785787759,regular,web,RU,17552.836117749855,13
C0284,2025-01-01,5731.496633605486,regular,manager,RU,16145.402480594568,172
C0153,2025-06-29,6027.008713390071,regular,manager,RU,17732.54325367211,0
C0016,2025-03-17,24607.605580010768,regular,manager,RU,73734.55681536577,99
C0350,2025-03-19,9419.890523778116,regular,app,AM,72183.40831187136,99
C0085,2025-01-24,8782.479918896508,regular,app,RU,80116.70385635352,151
C0311,2025-05-10,20979.291439998833,regular,web,RU,18468.17377658533,48
C0047,2025-01-02,3550.4418594704216,regular,web,KZ,61568.2960255891,162
C0090,2025-05-19,13763.109848653567,regular,app,RU,54907.642961464815,34
C0011,2025-05-01,6429.583765974925,regular,manager,RU,100516.10043231638,56
C0177,2025-01-12,12613.030040684103,regular,app,KZ,68058.85552278945,168
C0369,2025-05-15,3612.0541554569736,regular,manager,RU,176635.3330683661,40
C0051,2025-02-05,20781.68871208207,regular,web,AM,49333.31383761302,143
C0065,2025-04-07,21751.179185308567,opportunistic,manager,RU,61566.57313890205,82
C0375,2025-03-16,6210.081359384767,regular,app,RU,131572.8404314726,105
C0149,2025-04-27,8427.469511326248,regular,app,BY,27968.453975938126,56
C0077,2025-04-09,5983.357101831096,regular,app,RU,27604.60480859763,80
C0227,2025-05-14,9179.27178985288,regular,app,RU,30240.76297199327,42
C0255,2025-05-10,14773.65828822014,regular,web,AM,29087.88109205289,50
C0091,2025-03-01,13615.756169241977,regular,app,RU,118790.6932272385,102
C0378,2025-04-11,3241.5824716091997,regular,app,BY,93929.37563679303,78
C0105,2025-05-18,48859.61567017031,opportunistic,manager,RU,120199.46527490248,34
C0337,2025-01-15,395587.40437031555,regular,web,RU,18875.011531273616,162
C0118,2025-03-02,40017.41330765905,opportunistic,manager,RU,28958.617270561706,119
C0319,2025-04-22,4588.33961919791,regular,app,BY,,50
C0037,2025-01-17,16170.527704760134,regular,web,KZ,47718.755959578484,121
C0268,2025-05-25,6161.039095330585,regular,app,KZ,36060.11248799635,28
C0290,2025-02-06,18694.964074323096,regular,app,RU,80189.09743512764,139
C0271,2025-01-19,20782.463620500337,regular,app,RU,41028.573339414696,152
C0324,2025-01-22,13160.59177405623,regular,app,RU,94477.46126382126,152
C0039,2025-01-16,3978.754356132557,regular,app,RU,40600.123215367676,161
C0218,2025-02-19,5151.543789964973,regular,app,AM,46855.648918213476,130
C0309,2025-06-14,6623.823911894184,regular,web,RU,41995.26799765813,0
C0175,2025-03-22,24425.232887201597,regular,app,RU,63648.166022056794,99
C0150,2025-02-28,5924.180394278715,regular,manager,RU,93958.54905131078,121
C0039,2025-03-18,53944.63548262134,regular,app,RU,40600.123215367676,100
C0127,2025-03-19,6802.414557600334,regular,app,RU,69892.42897742578,102
C0221,2025-04-05,10982.373628108073,regular,app,RU,100670.64887680218,82
C0235,2025-05-25,10380.557967631179,new,app,RU,51929.440784330545,0
C0303,2025-03-04,24758.17053157629,regular,web,RU,51412.557388166,100
C0188,2025-03-24,6021.498760065291,regular,web,RU,40342.7858121426,95
C0218,2025-06-27,10895.163821709955,regular,app,AM,46855.648918213476,2
C0355,2025-01-06,3430.353800595511,regular,app,RU,114801.5160405255,165
C0294,2025-06-29,18920.13357787201,regular,web,RU,60366.5026649566,0
C0378,2025-01-07,24856.514794035178,regular,app,BY,93929.37563679303,172
C0258,2025-06-23,24436.710943627404,regular,manager,BY,72735.01488396972,6
C0269,2025-05-13,6141.218624078954,regular,app,BY,,38
C0149,2025-03-26,8976.973478086104,regular,app,BY,27968.453975938126,88
C0090,2025-03-13,11056.877660612412,regular,app,RU,54907.642961464815,101
C0372,2025-03-12,18891.156159008136,regular,app,BY,105901.06925376512,109
C0329,2025-02-16,62682.16335919957,opportunistic,app,RU,58930.878904385274,100
C0076,2025-03-23,23934.460284787016,regular,app,BY,41841.634218175095,82
C0050,2025-01-12,10397.777499437867,regular,app,AM,,164
C0320,2025-01-26,3262.7701203548663,new,app,RU,38685.59746168196,145
C0395,2025-01-24,8974.840770605906,regular,web,RU,,151
C0365,2025-04-09,51793.57565799156,opportunistic,manager,RU,66589.23523916356,52
C0392,2025-05-12,8858.03272595983,regular,app,RU,82318.01174628778,38
C0372,2025-05-18,4711.671721845576,regular,app,BY,105901.06925376512,42
C0097,2025-03-11,4337.19049027104,regular,app,AM,69587.21229131967,106
C0238,2025-02-14,44614.24362792497,opportunistic,manager,RU,47060.23878059438,123
C0314,2025-06-18,12848.215121997588,regular,app,BY,59242.379815333625,4
C0376,2025-02-18,8665.503826381577,regular,app,RU,93850.10197362199,126
C0352,2025-02-04,8297.108363567406,regular,app,RU,103141.23639450001,143
C0328,2025-01-22,33903.40342823951,regular,app,KZ,65732.80809874619,154
C0206,2025-04-28,1664.7445111272968,regular,manager,RU,75884.66245476011,61
C0292,2025-06-26,5553.495557615498,regular,app,RU,83374.99550448595,2
C0140,2025-04-14,10927.153567854924,regular,web,AM,51875.679615003515,73
C0329,2025-04-14,30225.31559062144,opportunistic,manager,RU,,43
C0272,2025-03-24,16212.39526417047,regular,web,RU,72952.79470233107,65
C0303,2025-04-16,8831.232413012525,regular,web,RU,51412.557388166,57
C0068,2025-06-19,11751.6444620975,regular,app,RU,207386.4605822518,8
C0159,2025-02-11,43492.977669742075,opportunistic,manager,RU,57563.40627579265,134
C0173,2025-02-12,11163.358426617038,regular,app,RU,33374.269800263144,133
C0070,2025-03-12,15539.801682208106,regular,web,RU,72265.69587493673,108
C0205,2025-04-27,2666.939907040474,regular,manager,AM,33782.36257951558,60
C0276,2025-04-07,9120.837938272964,regular,app,RU,65535.05343619635,81
C0068,2025-06-27,3503.449451703005,regular,app,RU,207386.4605822518,0
C0142,2025-04-30,4802.099953700906,regular,app,RU,71133.75089158732,52
C0261,2025-04-24,8060.352616752821,regular,app,RU,,66
C0333,2025-04-08,33536.835912096176,opportunistic,manager,RU,54555.62976969267,66
C0322,2025-06-02,11238.780866835394,regular,app,RU,89967.3339755547,10
C0094,2025-03-06,2132.8664627785383,regular,web,RU,276155.8197288189,100
C0377,2025-04-27,13123.074469819045,new,web,AM,99409.98397125145,52
C0136,2025-03-01,20884.622850702486,regular,app,RU,40609.90938605977,114
C0269,2025-03-28,6634.259784127856,regular,web,BY,91399.24908804016,84
C0352,2025-05-01,33865.20051519779,regular,app,RU,103141.23639450001,57
C0250,2025-01-30,4817.471074840918,regular,app,BY,56532.86206867094,149
C0030,2025-02-03,25938.360264819148,opportunistic,app,AM,73775.68944954776,142
C0318,2025-04-17,39600.64500386608,opportunistic,web,RU,,60
C0183,2025-06-06,37315.673180923695,regular,app,BY,89467.91572353024,22
C0258,2025-03-01,41731.050875046676,regular,app,BY,72735.01488396972,120
C0260,2025-01-30,54422.8510892729,opportunistic,app,RU,,106
C0144,2025-03-16,115757.53939792894,opportunistic,manager,RU,156466.14065595446,101
C0285,2025-02-18,37576.791306028805,opportunistic,app,RU,101891.5427450977,131
C0126,2025-02-17,7564.5223278597805,regular,app,KZ,56188.76756509697,131
C0108,2025-01-07,3072.15924443208,regular,app,RU,84938.35767995643,168
C0150,2025-06-15,17344.250917629353,regular,web,RU,93958.54905131078,14
C0206,2025-03-20,9758.915517104802,regular,app,RU,75884.66245476011,100
C0054,2025-03-19,88095.03704905575,opportunistic,app,RU,83728.92216603088,83
C0085,2025-04-05,5769.89269040741,regular,app,RU,80116.70385635352,80
C0103,2025-02-08,836.7731722645127,regular,web,RU,41425.609103306146,139
C0311,2025-02-17,8396.039536135733,regular,manager,RU,18468.17377658533,130
C0062,2025-04-27,-6355.07878965108,regular,web,RU,55142.80232839496,60
C0117,2025-04-27,18190.235215213932,opportunistic,manager,RU,44546.366596465356,0
C0281,2025-04-01,21805.388883242435,regular,manager,RU,27211.30833168933,85
C0145,2025-02-09,7944.458536064165,regular,manager,RU,54231.990145770134,140
C0330,2025-02-27,3518.9889877046016,regular,app,RU,33903.04091126527,120
C0268,2025-05-02,10919.607889871362,regular,web,KZ,36060.11248799635,51
C0309,2025-01-24,8299.820378782579,regular,manager,RU,41995.26799765813,141
C0151,2025-04-27,27037.176557913237,opportunistic,app,BY,49201.32216099323,40
C0032,2025-03-29,7176.430766456764,new,app,RU,137341.7154659492,0
C0221,2025-04-26,8647.153132086321,regular,app,RU,100670.64887680218,61
C0103,2025-02-12,20475.78317282297,regular,app,RU,41425.609103306146,135
C0028,2025-02-07,7237.63073801468,regular,app,RU,99926.3451265315,114
C0076,2025-05-20,6454.770976205904,regular,app,BY,41841.634218175095,24
C0033,2025-06-06,17012.84331022202,regular,web,RU,63702.184586940755,21
C0176,2025-04-23,1715.717558590633,regular,web,RU,79527.83146299052,60
C0310,2025-06-10,24248.046503570924,regular,app,RU,43030.78274384195,19
C0145,2025-03-30,2126.7602994385265,regular,app,RU,54231.990145770134,91
C0292,2025-03-21,7773.7007465669985,regular,app,RU,83374.99550448595,99
C0376,2025-05-25,5936.881944461586,regular,app,RU,93850.10197362199,30
C0183,2025-02-19,-5036.767767381595,regular,app,BY,89467.91572353024,129
C0385,2025-04-30,8191.866705287869,regular,app,RU,171261.59082559345,51
C0147,2025-06-17,22744.577768524356,regular,app,RU,51703.96166882332,3
C0263,2025-02-24,11272.014526199908,regular,web,RU,72432.82695809603,123
C0338,2025-01-10,79462.27659864431,opportunistic,web,RU,29052.177619448208,73
C0095,2025-04-06,15214.247108714097,regular,manager,RU,74809.02849203724,71
C0199,2025-01-15,21209.060705303124,regular,app,RU,98019.14203306024,162
C0363,2025-02-14,9586.13611424488,regular,app,RU,53936.128335688154,118
C0372,2025-06-27,4121.671366721635,regular,app,BY,105901.06925376512,2
C0312,2025-03-30,25724.59864049964,regular,app,RU,38948.629151541485,86
C0375,2025-06-03,8940.34270492634,regular,web,RU,131572.8404314726,26
C0400,2025-04-24,5837.684631659171,regular,manager,RU,75874.27858611445,57
C0094,2025-01-05,6793.399790920149,regular,app,RU,276155.8197288189,160
C0309,2025-05-19,19461.590074966312,regular,web,RU,41995.26799765813,26
C0011,2025-02-12,18311.193516228344,regular,app,RU,100516.10043231638,134
C0214,2025-06-08,27507.472202307177,opportunistic,app,RU,24928.596248155605,0
C0284,2025-03-13,9654.671492556557,regular,web,RU,16145.402480594568,101
C0389,2025-02-02,13376.641782906885,regular,web,RU,66611.28251620958,146
C0145,2025-05-21,15124.444588389222,regular,app,RU,54231.990145770134,39
C0088,2025-06-06,10460.587207024453,regular,app,RU,73271.65445707022,18
C0362,2025-06-18,36260.02121757273,regular,app,RU,87900.75427160058,2
C0306,2025-05-21,2155.141595577116,regular,app,RU,57805.035774570744,32
C0168,2025-01-21,122942.10240182446,opportunistic,web,RU,,140
C0124,2025-03-01,51554.22580780194,regular,app,RU,85459.18010301342,102
C0336,2025-02-02,55270.11498599984,opportunistic,web,AM,123057.91430420888,142
C0249,2025-05-18,4753.833549335318,regular,app,RU,55783.52272481387,42
C0141,2025-06-10,7948.404933915835,regular,app,RU,147307.13899357288,12
C0114,2025-01-10,43960.00518807112,opportunistic,manager,RU,29077.40070521304,136
C0231,2025-06-29,15242.935428111834,regular,app,RU,97988.07583193238,0
C0036,2025-02-13,10261.519427541263,regular,web,RU,41749.00830799161,129
C0230,2025-06-26,9698.238704427044,regular,app,RU,32681.058632895285,3
C0209,2025-01-04,19239.96112326106,regular,app,RU,32709.208941189918,176
C0227,2025-05-15,30680.30556425053,regular,app,RU,30240.76297199327,41
C0217,2025-06-02,13302.405273461874,regular,web,RU,133378.46522269418,19
C0317,2025-01-20,17897.46784941024,regular,web,RU,37535.87622140273,154
C0109,2025-06-10,24270.200701570848,regular,app,RU,55839.111146692514,16
C0140,2025-03-29,5808.333390018138,regular,app,AM,51875.679615003515,89
C0312,2025-01-30,11936.729551865548,regular,app,RU,38948.629151541485,145
C0261,2025-06-29,6650.332150707318,regular,manager,RU,,0
C0093,2025-02-07,19871.385913642578,regular,web,RU,66402.26752134197,138
C0362,2025-02-08,14612.04759823778,regular,app,RU,87900.75427160058,132
C0010,2025-03-27,4222.983328454805,regular,app,RU,71398.54626114802,91
C0398,2025-01-19,18038.544680312993,regular,web,RU,108208.7305003528,155
C0017,2025-01-17,44606.955053974365,opportunistic,manager,RU,,158
C0085,2025-05-16,13419.226562444535,regular,app,RU,80116.70385635352,39
C0090,2025-06-12,7012.490553791046,regular,app,RU,54907.642961464815,10
C0148,2025-02-17,11515.453859205525,regular,manager,RU,84862.16854841373,126
C0037,2025-05-18,3863.275824762325,regular,web,KZ,47718.755959578484,0
C0127,2025-06-10,4018.185699353787,regular,app,RU,,19
C0205,2025-04-23,8212.129314001857,regular,web,AM,33782.36257951558,64
C0057,2025-02-13,7081.80822321823,regular,manager,BY,80745.46024762576,115
C0378,2025-06-02,4778.598752087945,regular,app,BY,93929.37563679303,26
C0163,2025-03-28,20069.74808256108,regular,web,RU,97613.13102034428,93
C0389,2025-05-18,22337.516868226674,regular,app,RU,66611.28251620958,41
C0138,2025-01-07,6654.381034384134,regular,app,RU,59561.26986369458,169
C0076,2025-06-13,8937.732930011085,regular,app,BY,41841.634218175095,0
C0166,2025-01-12,11355.349969942497,regular,web,KZ,89867.6573767307,164
C0243,2025-04-22,6581.881115334237,regular,web,RU,37334.670245607726,65
C0399,2025-04-17,5020.123994122278,regular,app,RU,66589.02089418373,71
C0366,2025-01-29,11427.86978623935,regular,app,RU,56128.80472027171,146
C0094,2025-02-23,7506.083618310383,regular,app,RU,276155.8197288189,111
C0352,2025-06-10,11761.82418101386,regular,web,RU,103141.23639450001,17
C0134,2025-04-18,21873.40119495152,regular,app,RU,162091.34627439242,71
C0107,2025-01-24,11417.67083171254,regular,app,RU,56532.060379392606,156
C0277,2025-05-15,6582.890278126763,regular,app,RU,40282.29405287731,38
C0027,2025-01-06,-6215.424657329261,regular,app,RU,45567.70668624445,156
C0098,2025-04-13,2823.0609001852495,regular,app,BY,91073.97819474443,75
C0098,2025-06-22,7080.953325064494,regular,web,BY,91073.97819474443,5
C0159,2025-01-08,32462.59216645286,opportunistic,app,RU,57563.40627579265,168
C0348,2025-05-27,17271.30665928173,regular,app,RU,59681.71404088037,33
C0245,2025-06-28,39081.32831424097,opportunistic,manager,BY,160494.5632676289,0
C0192,2025-02-12,15901.41546469522,regular,app,RU,,130
C0028,2025-05-29,21249.922633388775,regular,app,RU,99926.3451265315,3
C0070,2025-04-04,10541.094908213376,regular,app,RU,72265.69587493673,85
C0232,2025-04-20,10592.616039728335,regular,app,RU,75576.78867544084,70
C0316,2025-04-25,8307.695443562796,regular,app,RU,57827.32199477627,63
C0371,2025-03-22,32299.066575597473,opportunistic,web,RU,39876.094229586975,58
C0219,2025-03-31,4361.415114307426,new,app,RU,46623.57503810979,24
C0231,2025-03-04,16524.788426365234,regular,app,RU,97988.07583193238,117
C0244,2025-02-09,3001.323820607824,regular,app,RU,17552.836117749855,134
C0091,2025-05-12,5870.620443353437,regular,app,RU,118790.6932272385,30
C0266,2025-06-02,7237.033727024031,regular,manager,AM,60126.4423558778,20
C0039,2025-04-10,6273.518945673287,regular,app,RU,40600.123215367676,77
C0153,2025-01-03,3535.6154614149173,regular,app,RU,17732.54325367211,177
C0281,2025-02-03,6219.4221705746695,regular,app,RU,27211.30833168933,142
C0064,2025-05-01,65140.69939927922,opportunistic,manager,RU,81703.93243020093,55
C0322,2025-04-08,7122.386052977843,regular,web,RU,89967.3339755547,65
C0190,2025-05-26,9440.29275943294,regular,app,RU,29728.08893128601,28
C0141,2025-02-21,14070.716097065111,regular,app,RU,147307.13899357288,121
C0328,2025-06-25,5419.074972745454,regular,web,KZ,65732.80809874619,0
C0213,2025-05-12,9093.446576940805,regular,app,RU,75577.42042288934,34
C0184,2025-03-03,5185.557767086917,regular,app,RU,73378.44254129767,113
C0014,2025-05-31,33642.85666628434,opportunistic,app,RU,44910.626020112715,0
C0117,2025-03-04,18425.538914978857,opportunistic,app,RU,44546.366596465356,54
C0310,2025-05-20,13392.938840543045,regular,app,RU,43030.78274384195,40
C0128,2025-05-15,7876.9405104522675,regular,app,RU,63110.63911316603,45
C0228,2025-02-15,33148.34987213163,opportunistic,web,RU,84582.03587543787,118
C0230,2025-03-22,13244.426151155343,regular,app,RU,,99
C0131,2025-05-19,4167.1241237737,regular,app,RU,95566.66157831959,41
C0278,2025-01-15,25726.881743236732,regular,app,RU,54814.63414542244,160
C0266,2025-03-16,7856.3042704545105,regular,app,AM,60126.4423558778,98
C0228,2025-06-13,146230.9007063717,opportunistic,manager,RU,84582.03587543787,0
C0139,2025-02-21,12967.304071809885,opportunistic,web,BY,,120
C0316,2025-05-18,3731.2452932271767,regular,app,RU,57827.32199477627,40
C0025,2025-01-30,22499.168371096996,opportunistic,manager,RU,,145
C0113,2025-04-25,11503.57713875236,regular,web,RU,22138.056114061816,61
C0350,2025-04-02,4908.63761873653,regular,manager,AM,72183.40831187136,85
C0244,2025-04-19,5361.70036932392,regular,app,RU,,65
C0175,2025-06-24,16884.465316033133,regular,app,RU,63648.166022056794,5
C0164,2025-03-27,6833.869309886402,regular,app,RU,95269.62263734348,92
C0166,2025-02-11,13339.016910427375,regular,manager,KZ,89867.6573767307,134
C0140,2025-03-05,4434.052662419183,regular,web,AM,51875.679615003515,113
C0078,2025-02-27,70329.74232167786,opportunistic,app,RU,21159.814305575637,49
C0090,2025-01-28,6711.952197969346,regular,app,RU,54907.642961464815,145
C0113,2025-02-07,8626.719072149574,regular,app,RU,22138.056114061816,138
C0373,2025-04-07,13146.404516244647,regular,app,RU,94070.00566845604,82
C0142,2025-02-07,8041.394279823793,regular,app,RU,71133.75089158732,134
C0003,2025-06-26,7252.2482551725925,new,manager,RU,77030.04338975502,0
C0160,2025-06-02,34604.97913942502,opportunistic,app,RU,60624.132614089176,0
C0213,2025-04-04,13248.747680315353,regular,app,RU,75577.42042288934,72
C0140,2025-04-10,5635.110188395534,regular,web,AM,51875.679615003515,77
C0177,2025-05-16,8578.680217107247,regular,app,KZ,68058.85552278945,44
C0145,2025-06-24,21159.9661901197,regular,app,RU,54231.990145770134,5
C0371,2025-04-29,22757.208844036388,opportunistic,manager,RU,39876.094229586975,20
C0060,2025-04-24,22226.170529712534,regular,app,AM,29369.97581505382,65
C0287,2025-03-02,7957.698478166445,regular,app,KZ,44683.913853316626,109
C0337,2025-05-03,7098.182258692427,regular,web,RU,18875.011531273616,54
C0062,2025-04-30,11759.240829399952,regular,app,RU,55142.80232839496,57
C0205,2025-04-25,7266.05899247135,regular,manager,AM,33782.36257951558,62
C0084,2025-04-20,7348.859146244938,regular,web,RU,38981.78972789811,41
C0304,2025-03-10,8217.124888272769,regular,app,AM,52384.94132499481,109
C0210,2025-05-11,3588.25076531091,regular,app,RU,52418.57889047791,49
C0028,2025-03-06,3349.334730146939,regular,app,RU,99926.3451265315,87
C0311,2025-06-27,11835.993899294492,regular,manager,RU,18468.17377658533,0
C0048,2025-02-20,8236.537337093281,regular,app,RU,24173.246782879014,129
C0375,2025-06-21,4685.035854227298,regular,web,RU,131572.8404314726,8
C0159,2025-01-22,40192.36341433001,opportunistic,manager,RU,57563.40627579265,154
C0303,2025-04-11,7618.368941433386,regular,web,RU,51412.557388166,62
C0041,2025-04-06,4225.704160214827,regular,manager,RU,102947.22534981728,84
C0395,2025-02-10,2670.733801583602,regular,app,RU,64333.874332747415,134
C0313,2025-05-13,17215.575217772508,regular,manager,RU,40001.1761448378,44
C0155,2025-04-12,9211.843778890709,regular,web,RU,26171.924123075,61
C0090,2025-05-07,6562.211383352096,regular,app,RU,54907.642961464815,46
C0269,2025-01-24,7874.790534577955,regular,web,BY,91399.24908804016,147
C0323,2025-01-23,14028.79177554753,regular,app,RU,58580.38170655148,147
C0217,2025-06-21,5787.9830858011155,regular,app,RU,133378.46522269418,0
C0168,2025-01-09,35776.385693500764,opportunistic,manager,RU,202661.0821059138,152
C0205,2025-03-28,7232.480948055095,regular,app,AM,33782.36257951558,90
C0294,2025-02-14,10995.86613365716,regular,app,RU,60366.5026649566,135
C0264,2025-04-24,3558.171455237899,regular,app,RU,53382.85082631906,64
C0270,2025-03-12,17073.831935425023,regular,app,RU,78878.98685669352,89
C0244,2025-03-20,6822.627357933021,regular,app,RU,17552.836117749855,95
C0225,2025-01-01,4521.155168863952,regular,web,RU,37463.80596379556,172
C0281,2025-01-20,8474.723582703635,regular,web,RU,27211.30833168933,156
C0298,2025-04-24,17218.61199586907,opportunistic,web,BY,49675.761390926724,64
C0125,2025-04-08,5788.272783842426,regular,app,RU,28042.399336962837,68
C0111,2025-03-20,9632.23952789389,regular,app,RU,24166.59661985463,100
C0396,2025-03-17,1356.988399661132,regular,web,KZ,63332.172912899565,99
C0184,2025-06-08,17910.070461827574,regular,web,RU,73378.44254129767,16
C0290,2025-04-13,12088.076865132381,regular,app,RU,80189.09743512764,73
C0373,2025-03-18,14483.845037321278,regular,web,RU,94070.00566845604,102
C0082,2025-06-08,5954.653619022935,regular,web,RU,192043.49068353276,1
C0272,2025-01-24,26454.543504620997,regular,web,RU,72952.79470233107,124
C0266,2025-02-22,7306.21649043351,regular,app,AM,60126.4423558778,120
C0255,2025-03-13,32288.438266406,regular,app,AM,29087.88109205289,108
C0376,2025-05-29,9354.782602167244,regular,web,RU,93850.10197362199,26
C0027,2025-03-27,37106.47568281498,regular,app,RU,45567.70668624445,76
C0216,2025-06-10,13738.549498314458,opportunistic,manager,RU,48163.3487761787,0
C0069,2025-04-23,13196.141778223207,regular,app,RU,,56
C0052,2025-02-09,5905.918101171506,regular,app,KZ,36740.54430792383,140
C0236,2025-03-13,26350.20410675665,opportunistic,web,RU,,93
C0284,2025-05-18,6528.977813111895,regular,web,RU,16145.402480594568,35
C0142,2025-02-28,10477.223198252712,regular,manager,RU,71133.75089158732,113
C0136,2025-06-23,5964.650910376815,regular,app,RU,40609.90938605977,0
C0059,2025-01-27,4308.137338383618,regular,web,RU,54801.21350948494,148
C0005,2025-03-21,8187.388887749545,regular,app,RU,18572.608441914028,99
C0163,2025-06-28,5436.448382453978,regular,app,RU,97613.13102034428,1
C0284,2025-03-06,2947.1253412204205,regular,app,RU,16145.402480594568,108
C0015,2025-03-21,15709.583894796748,regular,app,RU,59946.85642054766,97
C0115,2025-06-10,7258.199797410705,regular,app,RU,140101.75043049947,9
C0314,2025-01-02,14005.699996321662,regular,app,BY,59242.379815333625,171
C0082,2025-04-19,91404.48314214323,regular,app,RU,,51
C0027,2025-03-11,17430.61504944535,regular,app,RU,45567.70668624445,92
C0040,2025-02-16,33940.703095776815,opportunistic,manager,RU,54344.072314952726,19
C0072,2025-02-28,8869.937203246101,regular,app,RU,41559.708530966964,121
C0091,2025-04-06,6406.204544437302,regular,app,RU,118790.6932272385,66
C0268,2025-03-11,11793.490426654045,regular,app,KZ,36060.11248799635,103
C0090,2025-05-01,12425.813464857443,regular,app,RU,54907.642961464815,52
C0126,2025-05-26,2017.2113961881257,regular,web,KZ,,33
C0256,2025-03-14,22366.10557961107,opportunistic,web,RU,97203.13105524001,107
C0276,2025-06-17,2352.2991643183123,regular,app,RU,65535.05343619635,10
C0359,2025-04-16,5949.329631536267,regular,app,RU,69875.41513535524,74
C0312,2025-03-03,8824.624616965022,regular,app,RU,38948.629151541485,113
C0057,2025-03-20,14135.909177758716,regular,app,BY,80745.46024762576,80
C0372,2025-03-18,11754.480216357353,regular,manager,BY,105901.06925376512,103
C0287,2025-02-21,13467.281337962248,regular,app,KZ,44683.913853316626,118
C0047,2025-05-26,8326.345312740506,regular,app,KZ,61568.2960255891,18
C0373,2025-01-07,21837.28887978115,regular,app,RU,94070.00566845604,172
C0309,2025-03-28,36640.95676366023,regular,manager,RU,41995.26799765813,78
C0084,2025-03-24,10455.976990759267,regular,web,RU,38981.78972789811,68
C0335,2025-01-07,10438.681147288626,regular,app,RU,62761.78101883521,135
C0036,2025-03-29,13926.076090635293,regular,app,RU,41749.00830799161,85
C0346,2025-05-07,75025.5192287728,opportunistic,app,RU,68326.35771447497,46
C0220,2025-02-08,8735.154839552457,regular,app,RU,89109.60304575077,140
C0165,2025-04-14,64256.57255973776,opportunistic,web,BY,81778.59926716395,74
C0097,2025-04-29,13651.216087982559,regular,web,AM,69587.21229131967,57
C0223,2025-01-30,10987.146151041536,opportunistic,manager,RU,26184.462394076887,150
C0022,2025-02-19,7037.586104208543,regular,app,BY,104426.15742678501,126
C0143,2025-02-02,4642.811673658105,new,web,RU,76269.30576838924,47
C0062,2025-01-09,7441.928709482873,regular,web,RU,55142.80232839496,168
C0142,2025-01-23,3700.82107783716,regular,web,RU,71133.75089158732,149
C0196,2025-02-15,6621.575640293173,regular,web,RU,35031.704974799344,131
C0221,2025-01-31,11304.893409127344,regular,app,RU,100670.64887680218,146
C0355,2025-02-13,20712.465655612574,regular,app,RU,114801.5160405255,127
C0026,2025-05-03,16732.42586327294,regular,manager,KZ,18333.974251046504,44
C0042,2025-02-16,81393.00281608399,opportunistic,app,AM,170488.54814437334,76
C0009,2025-02-14,24125.338039964277,regular,web,KZ,,135
C0060,2025-06-23,12409.757257840385,regular,app,AM,29369.97581505382,5
C0213,2025-05-03,5343.090899714178,regular,app,RU,75577.42042288934,43
C0052,2025-06-29,14049.262292191732,regular,app,KZ,36740.54430792383,0
C0126,2025-05-23,5686.239275501429,regular,app,KZ,56188.76756509697,36
C0395,2025-03-14,15674.996922563476,regular,app,RU,64333.874332747415,102
C0017,2025-01-10,23021.170332822818,opportunistic,app,RU,103911.06431743408,165
C0124,2025-05-27,7578.6822269370105,regular,app,RU,85459.18010301342,15
C0076,2025-01-05,3586.2932990560444,regular,app,BY,41841.634218175095,159
C0067,2025-01-24,38593.69129560158,opportunistic,web,BY,193504.66662175572,156
C0356,2025-01-06,26298.523682627074,regular,app,RU,127166.025780776,173
C0057,2025-06-07,13219.333298280473,regular,app,BY,80745.46024762576,1
C0102,2025-04-03,166051.3050572235,opportunistic,web,RU,83840.02078157301,80
C0140,2025-04-20,5363.036118367432,regular,app,AM,51875.679615003515,67
C0108,2025-06-20,14661.418209595446,regular,app,RU,84938.35767995643,4
C0258,2025-02-05,4440.171270630761,regular,app,BY,72735.01488396972,144
C0258,2025-04-12,10432.594703725623,regular,app,BY,72735.01488396972,78
C0200,2025-06-24,7779.057385948439,regular,app,RU,198493.78958835345,0
C0283,2025-06-07,2744.9769133856607,regular,manager,AM,49637.64105345447,16
C0010,2025-02-09,3797.757316852628,regular,web,RU,71398.54626114802,137
C0135,2025-02-05,25784.25452664412,opportunistic,app,RU,38809.39999539269,103
C0227,2025-06-16,6092.992238161516,regular,app,RU,30240.76297199327,9
C0027,2025-06-11,13302.765128058896,regular,manager,RU,45567.70668624445,0
C0230,2025-02-27,4899.098554078473,regular,app,RU,32681.058632895285,122
C0111,2025-04-05,3036.9306012851375,regular,app,RU,24166.59661985463,84
C0093,2025-03-09,8661.18111682007,regular,app,RU,66402.26752134197,108
C0120,2025-04-09,32181.14493910155,opportunistic,manager,RU,49073.64807561081,63
C0264,2025-01-30,13657.496274021105,regular,web,RU,53382.85082631906,148
C0287,2025-06-11,3951.733005192644,regular,web,KZ,44683.913853316626,8
C0373,2025-06-17,31939.102882744704,regular,app,RU,94070.00566845604,11
C0090,2025-05-24,10869.91674172565,regular,web,RU,54907.642961464815,29
C0147,2025-04-29,8724.435679830809,regular,app,RU,51703.96166882332,52
C0306,2025-05-28,7765.676056200122,regular,app,RU,57805.035774570744,25
C0269,2025-01-31,7376.881472395498,regular,web,BY,91399.24908804016,140
C0140,2025-06-26,23729.177156921978,regular,app,AM,51875.679615003515,0
C0074,2025-02-24,29413.57051181215,regular,manager,RU,65236.56695866103,125
C0010,2025-03-06,5754.536047497893,regular,web,RU,71398.54626114802,112
C0287,2025-02-25,15805.20561749637,regular,app,KZ,,114
C0093,2025-01-27,1443.6011300905989,regular,web,RU,66402.26752134197,149
C0095,2025-06-01,24943.1195906197,regular,app,RU,74809.02849203724,15
C0072,2025-06-01,86796.36853522033,regular,app,RU,41559.708530966964,28
C0294,2025-06-21,5003.022556181972,regular,app,RU,60366.5026649566,8
C0288,2025-01-03,17382.48976987389,regular,app,KZ,32072.151687949587,171
C0195,2025-02-06,3738.87587135031,regular,manager,RU,17580.452648123697,124
C0336,2025-02-14,19308.93711235203,opportunistic,app,AM,123057.91430420888,130
C0222,2025-03-22,2261.7000609345837,regular,app,RU,84664.75261477451,94
C0010,2025-01-23,6832.933655508759,regular,app,RU,71398.54626114802,154
C0146,2025-04-10,5589.349172450053,regular,manager,RU,,79
C0002,2025-05-23,2229.564329789495,regular,manager,RU,88283.04157880397,26
C0316,2025-04-30,12695.236726671268,regular,manager,RU,57827.32199477627,58
C0254,2025-05-29,5975.231675763545,regular,web,RU,88298.5580564642,18
C0071,2025-01-23,8225.085860458603,regular,web,RU,119602.86638084592,155
C0363,2025-04-02,2176.1023897986306,regular,app,RU,,71
C0384,2025-02-21,21816.690383621524,regular,app,RU,166874.80517001377,125
C0384,2025-05-15,3924.4497306057046,regular,app,RU,166874.80517001377,42
C0221,2025-06-02,5113.75800290398,regular,app,RU,100670.64887680218,24
C0302,2025-02-08,12431.663667025483,regular,web,KZ,150859.75994505777,137
C0281,2025-05-27,11546.632764473823,regular,web,RU,27211.30833168933,29
C0028,2025-04-08,13112.874307563563,regular,app,RU,99926.3451265315,54
C0195,2025-05-19,5810.143591792193,regular,app,RU,17580.452648123697,22
C0131,2025-01-29,3950.2072639289554,regular,web,RU,95566.66157831959,151
C0266,2025-03-22,3933.871737705387,regular,app,AM,60126.4423558778,92
C0110,2025-05-24,1516.5631586818847,new,app,RU,110696.87833823301,31
C0366,2025-02-28,8554.71414801945,regular,app,RU,56128.80472027171,116
C0135,2025-03-27,26789.48984559829,opportunistic,app,RU,38809.39999539269,53
C0249,2025-05-07,5730.8488535983815,regular,app,RU,55783.52272481387,53
C0098,2025-04-04,26076.082563880085,regular,app,BY,91073.97819474443,84
C0400,2025-06-20,7294.007834181452,regular,app,RU,,0
C0015,2025-01-16,9425.186971708525,regular,app,RU,59946.85642054766,161
C0364,2025-03-17,9910.896374456832,regular,app,RU,40488.69823107142,102
C0231,2025-03-17,12958.7070235033,regular,web,RU,97988.07583193238,104
C0200,2025-05-01,5215.611293908298,regular,web,RU,198493.78958835345,54
C0056,2025-04-13,6393.794922959064,opportunistic,web,RU,79281.81808974489,36
C0009,2025-06-03,6325.520649780532,regular,web,KZ,97350.63118258487,26
C0164,2025-01-19,9990.599609400613,regular,web,RU,95269.62263734348,159
C0379,2025-06-13,118637.26035552217,regular,web,AM,79812.48895604689,15
C0108,2025-05-07,13204.541233817801,regular,app,RU,,48
C0161,2025-04-13,5582.739849423797,regular,web,RU,74003.19392036954,77
C0161,2025-02-09,6671.953443443201,regular,app,RU,74003.19392036954,140
C0254,2025-04-29,12197.535846821675,regular,app,RU,88298.5580564642,48
C0317,2025-04-04,21075.88774890328,regular,web,RU,37535.87622140273,80
C0163,2025-01-23,13820.904842586622,regular,web,RU,97613.13102034428,157
C0037,2025-04-24,22444.981493517713,regular,web,KZ,47718.755959578484,24
C0324,2025-04-08,11981.826731216024,regular,app,RU,94477.46126382126,76
C0183,2025-04-26,3681.0421070486595,regular,app,BY,89467.91572353024,63
C0239,2025-03-09,11084.170549576147,regular,web,RU,85744.30607535798,108
C0096,2025-04-27,145146.1718261533,opportunistic,app,AM,145548.98544138437,44
C0090,2025-03-22,13384.17326450725,regular,app,RU,54907.642961464815,92
C0052,2025-06-24,23586.21198449655,regular,app,KZ,36740.54430792383,5
C0083,2025-02-21,55210.38265396938,opportunistic,manager,RU,121576.18149311296,128
C0033,2025-04-01,4817.676473328028,regular,app,RU,63702.184586940755,87
C0076,2025-04-05,14912.035972879454,regular,app,BY,41841.634218175095,69
C0171,2025-02-28,9167.690179319306,regular,web,RU,43719.95140581391,116
C0068,2025-05-23,4259.653662288708,regular,app,RU,207386.4605822518,35
C0239,2025-04-15,5935.695333716121,regular,app,RU,85744.30607535798,71
C0372,2025-05-26,12645.874378008637,regular,web,BY,105901.06925376512,34
C0189,2025-04-04,71248.10775333553,opportunistic,manager,RU,73453.94322932605,84
C0352,2025-03-14,8853.75186725921,regular,app,RU,103141.23639450001,105
C0050,2025-03-11,-6535.158571852033,regular,app,AM,47441.35558338082,106
C0179,2025-04-09,10452.491466426562,new,app,BY,108564.6915980085,60
C0111,2025-03-07,17420.367069127507,regular,manager,RU,24166.59661985463,113
C0286,2025-02-23,18978.85666937731,regular,manager,RU,76864.80399866072,124
C0005,2025-05-10,19420.26526792866,regular,app,RU,18572.608441914028,49
C0203,2025-03-10,9892.741171478892,regular,app,RU,75319.67008401135,101
C0243,2025-02-01,14218.750716586132,regular,app,RU,37334.670245607726,145
C0085,2025-02-15,8686.592771414582,regular,manager,RU,80116.70385635352,129
C0361,2025-03-29,8851.936171098203,new,app,RU,177846.65822318624,79
C0211,2025-05-23,66030.55332088096,opportunistic,manager,BY,,27
C0268,2025-02-23,21737.400956217654,regular,web,KZ,36060.11248799635,119
C0375,2025-02-02,12080.88417710118,regular,manager,RU,131572.8404314726,147
C0188,2025-06-02,5193.128190084834,regular,web,RU,40342.7858121426,25
C0375,2025-02-04,6274.5217289942,regular,app,RU,131572.8404314726,145
C0322,2025-05-22,10391.155433211636,regular,app,RU,89967.3339755547,21
C0108,2025-01-10,20467.478749914473,regular,web,RU,,165
C0264,2025-06-12,16195.977552814644,regular,app,RU,53382.85082631906,15
C0295,2025-01-23,24379.91362994074,opportunistic,manager,RU,,101
C0213,2025-06-15,3464.780907524381,regular,web,RU,75577.42042288934,0
C0244,2025-04-21,6223.999544489466,regular,app,RU,17552.836117749855,63
C0195,2025-01-11,5049.784818540868,regular,app,RU,17580.452648123697,150
C0293,2025-05-19,8978.15465955061,new,app,BY,81898.56331075767,0
C0046,2025-05-07,26467.976820030606,opportunistic,manager,RU,85912.39546387289,50
C0119,2025-05-04,3127.652003483621,regular,app,RU,12958.52483784047,55
C0227,2025-03-31,11254.534747414678,regular,app,RU,30240.76297199327,86
C0015,2025-06-20,17555.71409295041,regular,web,RU,59946.85642054766,6
C0044,2025-05-17,14468.958065105031,regular,app,RU,82129.71014803136,43
C0330,2025-05-22,4483.142492306156,regular,web,RU,33903.04091126527,36
C0033,2025-01-12,12473.524910876968,regular,web,RU,63702.184586940755,166
C0315,2025-01-05,15105.304636451452,regular,manager,BY,122043.30752195237,167
C0091,2025-01-01,36079.019497404115,regular,app,RU,118790.6932272385,161
C0237,2025-03-24,5180.656735862626,regular,app,RU,76718.82517000394,73
C0155,2025-05-06,20262.16539986496,regular,app,RU,26171.924123075,37
C0213,2025-06-04,26977.969364606757,regular,web,RU,75577.42042288934,11
C0300,2025-05-14,92436.54819057838,opportunistic,app,RU,50842.772416125044,15
C0051,2025-05-07,13175.104250769766,regular,web,AM,49333.31383761302,52
C0270,2025-02-22,9742.797568154267,regular,app,RU,78878.98685669352,107
C0269,2025-02-04,20623.701523964315,regular,manager,BY,91399.24908804016,136
C0014,2025-02-19,56362.85988803456,opportunistic,app,RU,44910.626020112715,101
C0304,2025-01-09,37627.54498929509,regular,app,AM,52384.94132499481,169
C0043,2025-03-10,11062.039738540705,opportunistic,manager,RU,30939.846612717953,77
C0036,2025-02-07,6290.6070540092605,regular,app,RU,41749.00830799161,135
C0290,2025-02-18,160712.95511677637,regular,web,RU,80189.09743512764,127
C0103,2025-04-08,14607.99746079322,regular,app,RU,41425.609103306146,80
C0310,2025-02-08,8610.975309403695,regular,web,RU,43030.78274384195,141
C0200,2025-02-07,10799.27261789897,regular,app,RU,,137
C0026,2025-06-11,9173.043036246227,regular,web,KZ,18333.974251046504,5
C0194,2025-06-27,61229.68781836515,opportunistic,manager,RU,80813.54655267524,2
C0276,2025-02-26,5756.227268430333,regular,app,RU,65535.05343619635,121
C0048,2025-06-15,15514.138782017902,regular,manager,RU,24173.246782879014,14
C0287,2025-02-26,39678.505939841925,regular,web,KZ,44683.913853316626,113
C0095,2025-03-08,4950.139069326031,regular,app,RU,74809.02849203724,100
C0026,2025-01-06,9552.520457073691,regular,web,KZ,18333.974251046504,161
C0379,2025-04-29,19311.037616208745,regular,app,AM,,60
C0159,2025-01-21,25715.778837295114,opportunistic,web,RU,57563.40627579265,155
C0258,2025-06-28,20935.002161250643,regular,manager,BY,72735.01488396972,1
C0283,2025-01-02,55609.04406264674,regular,web,AM,49637.64105345447,172
C0059,2025-02-23,20081.35333717038,regular,web,RU,54801.21350948494,121
C0385,2025-03-03,13914.27251959839,regular,web,RU,171261.59082559345,109
C0372,2025-02-25,14028.826132387465,regular,app,BY,105901.06925376512,124
C0027,2025-01-20,11735.564856640362,regular,manager,RU,45567.70668624445,142
C0035,2025-01-13,9984.657578248298,regular,manager,RU,69610.42796192828,167
C0039,2025-06-19,16189.494469639856,regular,app,RU,,7
C0091,2025-02-06,12282.85117626843,regular,app,RU,118790.6932272385,125
C0148,2025-01-09,9789.420295276235,regular,app,RU,84862.16854841373,165
C0271,2025-02-13,7090.732795907548,regular,app,RU,41028.573339414696,127
C0038,2025-02-06,11063.065089323138,regular,app,AM,29310.61212769585,118
C0254,2025-04-22,6144.090515898573,regular,app,RU,88298.5580564642,55
C0284,2025-01-10,4583.818143566934,regular,web,RU,16145.402480594568,163
C0209,2025-01-11,3189.4844251550658,regular,app,RU,32709.208941189918,169
C0304,2025-06-23,7148.639152362107,regular,web,AM,52384.94132499481,4
C0302,2025-03-13,2481.7703158705744,regular,app,KZ,150859.75994505777,104
C0171,2025-01-10,10616.297784135759,regular,app,RU,43719.95140581391,165
C0035,2025-03-12,18935.602126813592,regular,app,RU,69610.42796192828,109
C0157,2025-01-24,27712.728984598773,regular,app,RU,75827.495673324,154
C0089,2025-06-02,6617.587870267353,regular,app,BY,93017.61049185187,11
C0255,2025-05-14,5409.6208605382135,regular,web,AM,29087.88109205289,46
C0170,2025-06-01,5292.85194262804,new,manager,BY,55887.9588032585,3
C0348,2025-04-12,286598.3579349166,regular,app,RU,59681.71404088037,78
C0131,2025-02-27,4129.142625818276,regular,web,RU,95566.66157831959,122
C0169,2025-06-28,9668.14675330949,regular,app,RU,63076.16263509317,1
C0276,2025-03-04,5757.518704088206,regular,web,RU,65535.05343619635,115
C0145,2025-02-27,3403.7070031256667,regular,app,RU,54231.990145770134,122
C0103,2025-04-16,9227.249968036811,regular,app,RU,41425.609103306146,72
C0385,2025-04-25,5718.163763714672,regular,manager,RU,171261.59082559345,56
C0043,2025-03-28,36999.53044788648,opportunistic,app,RU,30939.846612717953,59
C0355,2025-04-08,7368.107584924734,regular,manager,RU,114801.5160405255,73
C0012,2025-06-13,778.9821125279464,new,app,RU,75061.74014172595,0
C0298,2025-01-28,65089.60343018928,opportunistic,web,BY,49675.761390926724,150
C0241,2025-01-20,49613.35058429891,opportunistic,app,AM,,152
C0147,2025-01-30,11663.669462253729,regular,app,RU,51703.96166882332,141
C0060,2025-03-29,15283.489001478923,regular,app,AM,29369.97581505382,91
C0368,2025-04-15,151281.59012221656,opportunistic,web,RU,204191.9185900407,27
C0038,2025-01-29,5859.82643313435,regular,app,AM,29310.61212769585,126
C0010,2025-05-05,1798.1920738687127,regular,app,RU,71398.54626114802,52
C0041,2025-01-28,14929.290434096127,regular,web,RU,102947.22534981728,152
C0025,2025-04-09,43615.05107601731,opportunistic,manager,RU,29284.04277341049,76
C0002,2025-05-04,2165.8522526105176,regular,app,RU,,45
C0183,2025-02-10,4694.03243316183,regular,web,BY,89467.91572353024,138
C0072,2025-06-29,4439.692607032727,regular,web,RU,41559.708530966964,0
C0108,2025-04-01,3136.1184961364693,regular,manager,RU,,84
C0125,2025-04-10,6557.896495070848,regular,manager,RU,28042.399336962837,66
C0274,2025-04-12,124172.63358543067,opportunistic,manager,RU,,51
C0069,2025-01-11,7506.329748797653,regular,web,RU,,158
C0253,2025-03-11,16917.701244719137,regular,app,RU,91013.09064201491,99
C0029,2025-02-15,11446.34127170771,regular,web,RU,56574.50740293192,131
C0389,2025-01-27,3983.4377038537273,regular,app,RU,66611.28251620958,152
C0068,2025-06-18,4389.992759249566,regular,app,RU,207386.4605822518,9
C0008,2025-06-25,30679.17461244042,opportunistic,web,RU,85191.94571132299,0
C0085,2025-03-15,11274.040101031896,regular,app,RU,,101
C0323,2025-04-15,8338.0805764415,regular,app,RU,58580.38170655148,65
C0022,2025-06-02,26558.71965615426,regular,web,BY,104426.15742678501,23
C0220,2025-06-25,12879.340954207733,regular,manager,RU,89109.60304575077,3
C0072,2025-01-17,6091.26263341872,regular,web,RU,,163
C0005,2025-01-28,11838.767361926075,regular,app,RU,18572.608441914028,151
C0350,2025-02-08,403874.2385740571,regular,web,AM,72183.40831187136,138
C0267,2025-03-27,6715.860527848859,regular,web,BY,165601.26935907674,90
C0082,2025-05-23,3710.731094104196,regular,app,RU,192043.49068353276,17
C0374,2025-01-05,7329.388979752646,regular,app,RU,84406.5338871581,175
C0234,2025-06-09,37442.537969415906,opportunistic,manager,RU,146994.1937911746,8
C0319,2025-04-04,4329.378061177695,regular,app,BY,117835.57409004774,68
C0329,2025-02-07,74852.62436017391,opportunistic,manager,RU,,109
C0138,2025-04-19,10326.263965606653,regular,app,RU,59561.26986369458,67
C0273,2025-05-03,18441.543588542645,regular,app,RU,128912.01034395119,52
C0294,2025-06-10,9607.91434639827,regular,app,RU,60366.5026649566,19
C0199,2025-01-30,17512.143611047828,regular,app,RU,98019.14203306024,147
C0376,2025-04-26,22113.851381015196,regular,app,RU,93850.10197362199,59
C0339,2025-05-20,6942.857179559801,regular,app,RU,39831.465005485414,28
C0393,2025-03-15,45659.052355870816,opportunistic,app,RU,68405.75658258372,89
C0164,2025-05-02,14535.022108994945,regular,app,RU,95269.62263734348,56
C0149,2025-04-10,21257.016152625187,regular,web,BY,27968.453975938126,73
C0386,2025-03-12,7405.0586394914035,new,app,RU,,108
C0288,2025-01-17,8961.962491356177,regular,app,KZ,32072.151687949587,157
C0375,2025-05-23,4760.088091439192,regular,web,RU,131572.8404314726,37
C0118,2025-01-22,976107.480359308,opportunistic,manager,RU,,158
C0002,2025-05-31,-1665.1696774889285,regular,app,RU,88283.04157880397,18
C0127,2025-01-08,14606.464918594213,regular,web,RU,69892.42897742578,172
C0070,2025-05-12,3895.190909187792,regular,app,RU,72265.69587493673,47
C0128,2025-01-04,6979.129827882308,regular,app,RU,,176
C0188,2025-03-21,8995.914024474248,regular,app,RU,40342.7858121426,98
C0345,2025-03-09,14490.260003615218,opportunistic,app,RU,84651.45232171354,104
C0011,2025-05-14,26781.70930682978,regular,app,RU,100516.10043231638,43
C0145,2025-05-06,9956.54094279956,regular,web,RU,54231.990145770134,54
C0371,2025-05-19,21525.452854290594,opportunistic,app,RU,39876.094229586975,0
C0176,2025-03-14,6870.875359759938,regular,web,RU,79527.83146299052,100
C0272,2025-01-15,45717.526098607654,regular,web,RU,72952.79470233107,133
C0316,2025-03-18,11893.610225434057,regular,manager,RU,57827.32199477627,101
C0333,2025-01-31,14685.832499398035,opportunistic,manager,RU,54555.62976969267,133
C0311,2025-01-01,6326.173330044334,regular,app,RU,18468.17377658533,177
C0395,2025-05-14,5316.906808055501,regular,app,RU,64333.874332747415,41
C0047,2025-03-21,23510.41839709306,regular,web,KZ,61568.2960255891,84
C0084,2025-04-01,21347.795894404037,regular,app,RU,38981.78972789811,60
C0212,2025-05-08,90358.77349910146,opportunistic,app,RU,103459.0031373886,45
C0322,2025-06-12,5915.904333897693,regular,app,RU,89967.3339755547,0
C0324,2025-05-07,14068.718134171919,regular,manager,RU,94477.46126382126,47
C0287,2025-04-17,3909.481675203302,regular,app,KZ,44683.913853316626,63
C0173,2025-05-04,5124.249674409106,regular,app,RU,33374.269800263144,52
C0030,2025-05-05,260467.7587782576,opportunistic,app,AM,73775.68944954776,51
C0059,2025-01-29,3537.707475504013,regular,app,RU,54801.21350948494,146
C0127,2025-04-14,4852.460939648372,regular,web,RU,69892.42897742578,76
C0304,2025-03-23,19756.98882936384,regular,app,AM,52384.94132499481,96
C0310,2025-03-30,6714.349868775667,regular,app,RU,43030.78274384195,91
C0057,2025-02-21,13237.290733932003,regular,app,BY,80745.46024762576,107
C0314,2025-05-14,5153.620262871458,regular,web,BY,59242.379815333625,39
C0310,2025-04-17,20949.541342968252,regular,web,RU,43030.78274384195,73
C0349,2025-02-03,12885.984831609529,opportunistic,web,RU,77109.29033857904,95
C0150,2025-05-09,16321.51610367322,regular,app,RU,93958.54905131078,51
C0026,2025-03-22,5447.671385004268,regular,app,KZ,18333.974251046504,86
C0266,2025-03-09,1393839.2981744788,regular,app,AM,60126.4423558778,105
C0226,2025-04-27,773921.5924367369,new,app,RU,75312.53454633616,19
C0093,2025-02-14,8662.093968643638,regular,app,RU,66402.26752134197,131
C0184,2025-04-03,20552.49651563732,regular,app,RU,73378.44254129767,82
C0094,2025-03-23,30168.408962989924,regular,web,RU,276155.8197288189,83
C0227,2025-01-23,12694.922321494349,regular,web,RU,30240.76297199327,153
C0289,2025-03-27,4798.927726593003,regular,app,RU,104787.97930192667,83
C0060,2025-04-30,4630.107181667195,regular,app,AM,29369.97581505382,59
C0037,2025-02-22,3081.8010048490396,regular,app,KZ,47718.755959578484,85
C0163,2025-04-27,4907.192989755059,regular,app,RU,97613.13102034428,63
C0150,2025-05-28,7302.614513911621,regular,app,RU,93958.54905131078,32
C0330,2025-03-07,8132.395023091924,regular,app,RU,33903.04091126527,112
C0376,2025-06-24,18177.694474097974,regular,app,RU,93850.10197362199,0
C0068,2025-05-07,10899.013773125998,regular,app,RU,207386.4605822518,51
C0145,2025-03-10,71714.87118689758,regular,app,RU,54231.990145770134,111
C0328,2025-05-15,7262.918046100681,regular,web,KZ,65732.80809874619,41
C0095,2025-01-13,4995.206616278687,regular,app,RU,74809.02849203724,154
C0135,2025-05-19,21791.926055695414,opportunistic,web,RU,38809.39999539269,0
C0107,2025-03-23,6851.9262592831,regular,app,RU,56532.060379392606,98
C0171,2025-04-23,20840.806060326493,regular,web,RU,43719.95140581391,62
C0360,2025-05-13,20226.181056841702,opportunistic,manager,RU,,33
C0315,2025-02-10,6743.577004689354,regular,app,BY,122043.30752195237,131
C0035,2025-02-15,5597.5317050955855,regular,app,RU,69610.42796192828,134
C0304,2025-03-17,16969.33586571442,regular,web,AM,52384.94132499481,102
C0378,2025-05-11,8009.937727080068,regular,web,BY,,48
C0385,2025-02-09,14175.472026138854,regular,web,RU,171261.59082559345,131
C0005,2025-06-19,6429.132143820189,regular,app,RU,18572.608441914028,9
C0277,2025-05-18,23711.1702822907,regular,web,RU,40282.29405287731,35
C0327,2025-06-28,22390.402501093784,opportunistic,web,KZ,37447.94211658653,0
C0129,2025-02-14,20698.283395117214,regular,app,RU,102226.20848008845,105
C0036,2025-04-14,10891.542854142654,regular,manager,RU,41749.00830799161,69
C0188,2025-01-07,19031.451363562417,regular,app,RU,40342.7858121426,171
C0204,2025-01-03,8395.358467185726,regular,web,RU,160510.37828520167,174
C0080,2025-05-13,30860.116012221773,opportunistic,manager,AM,,44
C0107,2025-01-06,12653.044707291127,regular,app,RU,56532.060379392606,174
C0264,2025-01-31,10941.997570078867,regular,app,RU,53382.85082631906,147
C0026,2025-01-14,4455.324605082279,regular,app,KZ,,153
C0005,2025-06-28,25024.301963110403,regular,app,RU,18572.608441914028,0
C0119,2025-06-12,7762.306299146933,regular,manager,RU,12958.52483784047,16
C0227,2025-05-13,13937.889715487216,regular,web,RU,30240.76297199327,43
C0150,2025-02-01,9632.937312190845,regular,app,RU,93958.54905131078,148
C0150,2025-02-25,8700.584475489533,regular,web,RU,93958.54905131078,124
C0338,2025-03-05,33488.680988802866,opportunistic,app,RU,29052.177619448208,19
C0013,2025-05-11,8723.219468643623,opportunistic,app,AM,88568.85827603847,49
C0386,2025-06-28,14460.004414544803,new,app,RU,139744.5413521577,0
C0373,2025-03-05,4565.758760144443,regular,app,RU,94070.00566845604,115
C0397,2025-03-16,30814.616692453703,opportunistic,web,RU,177843.39553446515,79
C0367,2025-04-07,59727.15600955069,opportunistic,web,RU,37862.35599077226,79
C0113,2025-01-31,3301.2105495136484,regular,app,RU,22138.056114061816,145
C0249,2025-03-12,8495.434506257492,regular,app,RU,55783.52272481387,109
C0304,2025-03-08,7671.079689177262,regular,app,AM,52384.94132499481,111
C0125,2025-01-10,9534.668587715227,regular,app,RU,28042.399336962837,156
C0078,2025-01-21,62104.48133580363,opportunistic,web,RU,21159.814305575637,86
C0284,2025-06-22,6548.188957896429,regular,app,RU,16145.402480594568,0
C0323,2025-02-21,4419.3057667164585,regular,app,RU,58580.38170655148,118
C0385,2025-02-07,5086.456905904489,regular,app,RU,171261.59082559345,133
C0192,2025-02-05,11063.183686622591,regular,web,RU,131448.77247629315,137
C0352,2025-01-09,17621.47744241242,regular,app,RU,103141.23639450001,169
C0169,2025-01-28,6904.20583727254,regular,web,RU,63076.16263509317,152
C0115,2025-06-09,7441.890967911113,regular,web,RU,140101.75043049947,10
C0016,2025-03-16,5111.420008194038,regular,app,RU,73734.55681536577,100
C0086,2025-04-21,20822.167875599785,regular,app,RU,52897.26789986734,63
C0313,2025-01-14,5211.140651512614,regular,web,RU,40001.1761448378,163
C0039,2025-02-22,3798.319486956058,regular,manager,RU,40600.123215367676,124
C0203,2025-04-04,24624.939055461564,regular,app,RU,75319.67008401135,76
C0319,2025-01-30,12370.996761079714,regular,app,BY,117835.57409004774,132
C0286,2025-05-29,9686.357694433742,regular,web,RU,76864.80399866072,29
C0371,2025-05-14,23350.717864015027,opportunistic,manager,RU,39876.094229586975,5
C0077,2025-06-28,3756.0141254631876,regular,app,RU,27604.60480859763,0
C0069,2025-03-07,5032.490347852139,regular,app,RU,68745.02328473939,103
C0134,2025-05-29,6245.979770888028,regular,app,RU,162091.34627439242,30
C0298,2025-05-02,32900.54905374756,opportunistic,manager,BY,,56
C0059,2025-05-15,18690.730532317928,regular,web,RU,54801.21350948494,40
C0393,2025-02-16,115495.9181337592,opportunistic,manager,RU,,116
C0099,2025-01-15,11500.178794234507,regular,app,BY,64136.52177165041,165
C0361,2025-02-25,20983.042501155523,new,app,RU,,111
C0397,2025-01-21,16686.06683175715,opportunistic,manager,RU,177843.39553446515,133
C0188,2025-06-05,10041.554269390414,regular,app,RU,40342.7858121426,22
C0266,2025-06-19,4327.231125762392,regular,app,AM,60126.4423558778,3
C0152,2025-06-04,7384.392253296285,new,app,RU,,23
C0359,2025-03-13,12629.975880147013,regular,app,RU,69875.41513535524,108
C0166,2025-01-07,20848.955159010166,regular,app,KZ,89867.6573767307,169
C0036,2025-05-11,9321.463204809332,regular,app,RU,41749.00830799161,42
C0129,2025-03-29,12099.718422918912,regular,app,RU,102226.20848008845,62
C0330,2025-06-27,5444.650624964832,regular,web,RU,33903.04091126527,0
C0166,2025-04-01,9877.709217248968,regular,app,KZ,89867.6573767307,85
C0129,2025-02-12,19463.644536801854,regular,app,RU,,107
C0313,2025-05-03,10923.372532681837,regular,app,RU,,54
C0074,2025-02-13,15506.321978217851,regular,app,RU,65236.56695866103,136
C0335,2025-03-24,10947.821452192093,regular,web,RU,62761.78101883521,59
C0271,2025-06-03,5254.364535588018,regular,web,RU,41028.573339414696,17
C0150,2025-06-08,23571.793253035456,regular,manager,RU,93958.54905131078,21
C0171,2025-06-24,10106.439214236987,regular,app,RU,43719.95140581391,0
C0151,2025-06-06,64852.15038294901,opportunistic,web,BY,,0
C0209,2025-04-27,8365.704051069177,regular,web,RU,32709.208941189918,63
C0142,2025-03-01,23627.392694754806,regular,app,RU,71133.75089158732,112
C0222,2025-01-14,3235.779112447239,regular,app,RU,84664.75261477451,161
C0272,2025-05-17,5907.672968847291,regular,app,RU,72952.79470233107,11
C0367,2025-06-24,28635.61490424695,opportunistic,web,RU,,1
C0199,2025-04-06,7824.787154962485,regular,app,RU,98019.14203306024,81
C0366,2025-05-20,13022.868668033789,regular,app,RU,56128.80472027171,35
C0093,2025-01-08,14670.733814265106,regular,app,RU,66402.26752134197,168
C0010,2025-03-25,4344.473160067481,regular,web,RU,71398.54626114802,93
C0090,2025-03-25,28079.795533627384,regular,app,RU,54907.642961464815,89
C0137,2025-02-21,19253.728241006833,new,app,RU,137954.80147892743,85
C0221,2025-05-13,7396.3517598223025,regular,manager,RU,100670.64887680218,44
C0399,2025-01-05,10715.586373374104,regular,app,RU,66589.02089418373,173
C0271,2025-01-02,6380.213948683099,regular,web,RU,41028.573339414696,169
C0337,2025-06-06,5226.853858608725,regular,app,RU,18875.011531273616,20
C0359,2025-05-25,14587.763338290728,regular,web,RU,69875.41513535524,35
C0060,2025-06-25,3901.343594866837,regular,app,AM,29369.97581505382,3
C0065,2025-06-28,73646.15910444513,opportunistic,manager,RU,61566.57313890205,0
C0240,2025-02-25,15268.847941008999,regular,app,RU,49345.468111258146,123
C0059,2025-01-17,11809.293461284553,regular,manager,RU,54801.21350948494,158
C0147,2025-01-28,2827.726142138697,regular,app,RU,51703.96166882332,143
C0173,2025-05-23,4319.900545037812,regular,web,RU,33374.269800263144,33
C0370,2025-04-12,4535.625952883978,new,app,KZ,123602.58968811943,0
C0002,2025-05-05,10325.046419785784,regular,app,RU,88283.04157880397,44
C0283,2025-03-19,13853.967987872396,regular,web,AM,49637.64105345447,96
C0119,2025-02-14,1676.6350985723886,regular,web,RU,12958.52483784047,134
C0263,2025-04-20,4684.520221955559,regular,manager,RU,72432.82695809603,68
C0017,2025-03-23,19326.628712308157,opportunistic,manager,RU,,93
C0213,2025-01-10,12675.794410906501,regular,app,RU,75577.42042288934,156
C0165,2025-01-15,175201.59613499054,opportunistic,web,BY,,163
C0179,2025-06-08,2506.7524750496787,new,app,BY,,0
C0335,2025-04-22,6323.038707402876,regular,app,RU,62761.78101883521,30
C0132,2025-05-11,1094.5033847461045,new,app,KZ,,0
C0192,2025-04-27,10538.94384540529,regular,app,RU,131448.77247629315,56
C0199,2025-02-17,36730.68721575582,regular,manager,RU,98019.14203306024,129
C0094,2025-02-14,31282.853682451463,regular,app,RU,276155.8197288189,120
C0002,2025-01-09,10083.0365260871,regular,app,RU,88283.04157880397,160
C0060,2025-06-16,4625.896558451709,regular,web,AM,29369.97581505382,12
C0106,2025-03-01,86149.85539340392,opportunistic,web,KZ,,29
C0272,2025-05-28,6784.871938394399,regular,app,RU,72952.79470233107,0
C0094,2025-05-28,11336.832470173671,regular,app,RU,276155.8197288189,17
C0166,2025-02-01,4693.533508878405,regular,app,KZ,89867.6573767307,144
C0026,2025-06-10,6609.815748190183,regular,app,KZ,18333.974251046504,6
C0341,2025-02-12,5887.736752928629,regular,app,RU,77297.95977305167,130
C0362,2025-04-20,6172.381126871785,regular,app,RU,87900.75427160058,61
C0109,2025-05-05,4882.937329361785,regular,web,RU,55839.111146692514,52
C0088,2025-03-02,22086.48636574865,regular,web,RU,73271.65445707022,114
C0378,2025-04-23,3706.902294759331,regular,app,BY,93929.37563679303,66
C0285,2025-06-29,45353.92845303427,opportunistic,manager,RU,101891.5427450977,0
C0227,2025-06-25,8101.024868423148,regular,web,RU,30240.76297199327,0
C0049,2025-06-25,18505.264450225146,opportunistic,manager,RU,110256.34529649711,0
C0388,2025-02-05,5818.91611921839,new,app,RU,139085.4562713581,20
C0134,2025-01-27,5557.333944340466,regular,app,RU,162091.34627439242,152
C0395,2025-03-08,5238.829077044129,regular,web,RU,64333.874332747415,108
C0239,2025-02-08,18259.996809448978,regular,manager,RU,85744.30607535798,137
C0183,2025-05-29,21315.00559282221,regular,app,BY,89467.91572353024,30
C0168,2025-04-18,80963.80690237744,opportunistic,web,RU,,53
C0185,2025-04-20,83960.780108658,opportunistic,manager,RU,,8
C0140,2025-06-06,3833.040456861425,regular,app,AM,51875.679615003515,20
C0281,2025-05-25,18058.723031642538,regular,app,RU,27211.30833168933,31
C0294,2025-06-22,23224.03343231422,regular,app,RU,60366.5026649566,7
C0050,2025-06-13,12424.134131833325,regular,app,AM,47441.35558338082,12
C0266,2025-01-22,13780.245304561473,regular,app,AM,60126.4423558778,151
C0271,2025-06-02,11643.692555034098,regular,app,RU,41028.573339414696,18
C0315,2025-04-21,14249.268836787043,regular,web,BY,122043.30752195237,61
C0040,2025-03-01,19320.23861154126,opportunistic,manager,RU,54344.072314952726,6
C0228,2025-04-22,104614.70001574459,opportunistic,manager,RU,,52
C0018,2025-05-13,7544.3063439356,regular,manager,RU,53286.71637060531,33
C0253,2025-05-23,16966.82750730061,regular,web,RU,91013.09064201491,26
C0222,2025-03-07,7563.896583427466,regular,web,RU,84664.75261477451,109
C0273,2025-02-26,6167.4892229867355,regular,app,RU,128912.01034395119,118
C0147,2025-03-24,12787.62848931179,regular,app,RU,51703.96166882332,88
C0126,2025-05-18,8721.129013323618,regular,app,KZ,56188.76756509697,41
C0277,2025-03-21,6741.5066875493185,regular,app,RU,40282.29405287731,93
C0206,2025-05-01,3135.679924890061,regular,web,RU,75884.66245476011,58
C0221,2025-05-26,5739.806100548592,regular,app,RU,100670.64887680218,31
C0064,2025-01-13,28583.074046367303,opportunistic,manager,RU,81703.93243020093,163
C0036,2025-06-22,9553.55054362738,regular,web,RU,41749.00830799161,0
C0015,2025-04-18,73145.57380910208,regular,app,RU,59946.85642054766,69
C0222,2025-03-06,16055.680235169184,regular,app,RU,84664.75261477451,110
C0369,2025-02-06,10386.15351804788,regular,manager,RU,176635.3330683661,138
C0091,2025-01-20,16706.607188256257,regular,app,RU,118790.6932272385,142
C0396,2025-03-15,5694.5999429500735,regular,manager,KZ,63332.172912899565,101
C0289,2025-05-31,6193.043391806779,regular,app,RU,104787.97930192667,18
C0129,2025-04-22,8242.078948971752,regular,manager,RU,102226.20848008845,38
C0014,2025-05-11,-45226.45829071784,opportunistic,web,RU,44910.626020112715,20
C0364,2025-01-08,5252.853104679618,regular,manager,RU,40488.69823107142,170
C0289,2025-01-19,17358.653054561524,regular,app,RU,104787.97930192667,150
C0206,2025-03-06,8374.431747223402,regular,app,RU,75884.66245476011,114
C0398,2025-01-22,14271.910695674198,regular,manager,RU,108208.7305003528,152
C0356,2025-05-08,27687.895076835215,regular,app,RU,127166.025780776,51
C0258,2025-03-14,10483.78148509718,regular,app,BY,72735.01488396972,107
C0131,2025-05-12,10540.253542531707,regular,app,RU,95566.66157831959,48
C0341,2025-05-31,14841.550713065262,regular,app,RU,77297.95977305167,22
C0215,2025-06-17,26720.29009466625,opportunistic,manager,RU,87857.87417092851,0
C0107,2025-05-29,14888.478627015182,regular,app,RU,56532.060379392606,31
C0194,2025-03-14,40821.1545174971,opportunistic,app,RU,80813.54655267524,107
C0034,2025-05-25,41970.66391323739,regular,web,BY,139312.1307018514,35
C0266,2025-05-26,7663.297857790257,regular,app,AM,60126.4423558778,27
C0171,2025-04-10,25125.87902532672,regular,app,RU,43719.95140581391,75
C0276,2025-05-22,11255.702490509319,regular,manager,RU,65535.05343619635,36
C0204,2025-04-26,20249.74117705929,regular,app,RU,160510.37828520167,61
C0142,2025-05-15,35154.15732399426,regular,manager,RU,71133.75089158732,37
C0018,2025-05-18,30183.13073570821,regular,web,RU,53286.71637060531,28
C0172,2025-05-09,5199.6450230196415,regular,app,RU,,46
C0155,2025-01-14,5093.43896614986,regular,app,RU,26171.924123075,149
C0363,2025-02-16,10026.202550324191,regular,app,RU,53936.128335688154,116
C0314,2025-06-06,41344.63517935096,regular,web,BY,59242.379815333625,16
C0302,2025-06-22,10037.717682400611,regular,manager,KZ,150859.75994505777,3
C0242,2025-03-12,23492.109564990562,opportunistic,app,RU,,108
C0271,2025-01-11,23242.462198752663,regular,app,RU,41028.573339414696,160
C0183,2025-01-29,8977.587103635446,regular,app,BY,89467.91572353024,150
C0069,2025-02-26,18874.622215052324,regular,app,RU,68745.02328473939,112
C0315,2025-01-10,12147.485739743503,regular,web,BY,122043.30752195237,162
C0034,2025-05-09,11677.59114375088,regular,web,BY,139312.1307018514,51
C0134,2025-04-01,3676.1360372635204,regular,app,RU,162091.34627439242,88
C0163,2025-02-23,33002.996858655184,regular,web,RU,,126
C0134,2025-02-26,4962.1450292103455,regular,app,RU,162091.34627439242,122
C0324,2025-06-23,18879.252592266734,regular,app,RU,94477.46126382126,0
C0317,2025-04-25,6850.483345310547,regular,app,RU,37535.87622140273,59
C0114,2025-02-02,1630226.0295862134,opportunistic,manager,RU,29077.40070521304,113
C0138,2025-03-30,7466.2361519558535,regular,app,RU,59561.26986369458,87
C0199,2025-05-11,8948.24439571697,regular,web,RU,98019.14203306024,46
C0310,2025-02-10,7477.848993472251,regular,app,RU,43030.78274384195,139
C0330,2025-03-25,25147.284320311745,regular,manager,RU,33903.04091126527,94
C0092,2025-04-17,59726.61541898166,opportunistic,app,RU,35310.4409081031,73
C0256,2025-01-24,20032.998941427824,opportunistic,manager,RU,,156
C0207,2025-04-28,1906.9988070233956,regular,app,BY,180180.49328698896,57
C0356,2025-04-09,3940.46309986887,regular,web,RU,127166.025780776,80
C0044,2025-02-20,14815.103323060435,regular,app,RU,82129.71014803136,129
C0068,2025-01-03,19409.446901283693,regular,app,RU,207386.4605822518,175
C0220,2025-01-16,6564.543490495759,regular,web,RU,89109.60304575077,163
C0113,2025-06-08,5554.1289029884265,regular,app,RU,22138.056114061816,17
C0018,2025-02-13,8190.433784076253,regular,app,RU,53286.71637060531,122
C0235,2025-03-12,18409.159292471388,new,app,RU,51929.440784330545,74
C0066,2025-04-28,47429.67074984716,opportunistic,app,RU,80163.75361248822,46
C0018,2025-05-15,4580.379413423634,regular,web,RU,53286.71637060531,31
C0057,2025-03-13,13847.522628617662,regular,app,BY,80745.46024762576,87
C0243,2025-01-21,7963.8034292508,regular,app,RU,37334.670245607726,156
C0097,2025-01-10,5257.379096033446,regular,app,AM,69587.21229131967,166
C0163,2025-06-22,7770.96121446937,regular,app,RU,97613.13102034428,7
C0068,2025-02-02,3120.203702854029,regular,web,RU,207386.4605822518,145
C0193,2025-04-13,15344.43367543989,regular,app,RU,,69
C0127,2025-03-23,2973.6291438660023,regular,app,RU,69892.42897742578,98
C0183,2025-05-02,12119.274974294829,regular,web,BY,89467.91572353024,57
C0195,2025-01-31,9437.042642826887,regular,app,RU,17580.452648123697,130
C0392,2025-01-16,1612.3018403394167,regular,app,RU,82318.01174628778,154
C0392,2025-04-13,11054.168771560418,regular,app,RU,82318.01174628778,67
C0077,2025-02-20,4765.98281104977,regular,app,RU,27604.60480859763,128
C0315,2025-04-16,13729.074996352118,regular,web,BY,122043.30752195237,66
C0051,2025-04-05,2957.369951369794,regular,app,AM,49333.31383761302,84
C0258,2025-02-04,6640.830175416316,regular,web,BY,72735.01488396972,145
C0230,2025-03-15,5619.629045907343,regular,app,RU,32681.058632895285,106
C0141,2025-04-01,322368.86995291774,regular,app,RU,147307.13899357288,82
C0355,2025-05-02,15000.263540450384,regular,web,RU,114801.5160405255,49
C0319,2025-04-27,9085.04416789444,regular,app,BY,117835.57409004774,45
C0074,2025-05-17,7939.92918199664,regular,app,RU,65236.56695866103,43
C0225,2025-02-03,17242.203006533568,regular,web,RU,37463.80596379556,139
C0213,2025-03-13,12246.68726739139,regular,app,RU,75577.42042288934,94
C0095,2025-02-28,5388.228182106491,regular,app,RU,74809.02849203724,108
C0128,2025-06-20,7197.059017003976,regular,app,RU,63110.63911316603,9
C0316,2025-04-10,2373.2783059493086,regular,app,RU,57827.32199477627,78
C0283,2025-02-15,18326.84860931153,regular,app,AM,49637.64105345447,128
C0350,2025-04-21,5286.259676824133,regular,app,AM,72183.40831187136,66
C0315,2025-03-28,3629.402827910239,regular,manager,BY,122043.30752195237,85
C0372,2025-01-02,11817.295055923936,regular,app,BY,105901.06925376512,178
C0248,2025-03-22,17867.998694703514,regular,app,RU,22805.090958222576,84
C0310,2025-04-01,4921.900814178837,regular,app,RU,43030.78274384195,89
C0079,2025-04-20,65329.785902112395,opportunistic,web,RU,35790.53449527416,66
C0071,2025-03-04,6316.100534011247,regular,app,RU,119602.86638084592,115
C0048,2025-03-28,10430.077255312164,regular,app,RU,,93
C0010,2025-05-09,23133.0725383807,regular,app,RU,71398.54626114802,48
C0200,2025-03-28,14264.892951394724,regular,app,RU,198493.78958835345,88
C0285,2025-01-10,72089.15646422285,opportunistic,manager,RU,,170
C0128,2025-04-22,5082.979624110606,regular,app,RU,63110.63911316603,68
C0385,2025-01-30,8231.151195104441,regular,app,RU,171261.59082559345,141
C0377,2025-04-09,2468.313113568535,new,web,AM,,70
C0013,2025-01-27,73596.85998804598,opportunistic,app,AM,,153
C0050,2025-05-24,11029.78446398401,regular,app,AM,47441.35558338082,32
C0052,2025-03-27,3238.384872246621,regular,app,KZ,36740.54430792383,94
C0085,2025-04-01,3127.382853202767,regular,web,RU,80116.70385635352,84
C0158,2025-03-29,35475.52951137955,opportunistic,manager,AM,,83
C0200,2025-01-17,4180.893105819088,regular,web,RU,198493.78958835345,158
C0328,2025-02-03,10868.601558396636,regular,web,KZ,65732.80809874619,142
C0355,2025-04-09,8178.463818205877,regular,app,RU,114801.5160405255,72
C0373,2025-04-06,12094.952885445213,regular,app,RU,94070.00566845604,83
C0039,2025-01-30,5831.603582187929,regular,app,RU,40600.123215367676,147
C0107,2025-01-19,4116.153705550334,regular,app,RU,56532.060379392606,161
C0115,2025-05-25,10293.153684698333,regular,manager,RU,140101.75043049947,25
C0111,2025-05-16,9874.581160425665,regular,app,RU,24166.59661985463,43
C0124,2025-04-12,9423.306733761441,regular,app,RU,85459.18010301342,60
C0017,2025-05-21,56647.76644219451,opportunistic,manager,RU,103911.06431743408,34
C0180,2025-02-16,73599.31799947526,opportunistic,manager,RU,,124
C0290,2025-06-01,9956.361755856897,regular,manager,RU,80189.09743512764,24
C0138,2025-01-25,8038.660135012685,regular,app,RU,59561.26986369458,151
C0262,2025-02-27,53319.592283906,opportunistic,app,RU,25543.30732192371,106
C0374,2025-05-04,11768.003231180646,regular,app,RU,84406.5338871581,56
C0080,2025-06-12,61580.80879925275,opportunistic,manager,AM,51417.22917752957,14
C0375,2025-04-23,15479.26912519266,regular,web,RU,131572.8404314726,67
C0164,2025-02-17,24653.613023694983,regular,app,RU,95269.62263734348,130
C0317,2025-02-20,23895.920543862456,regular,app,RU,37535.87622140273,123
C0015,2025-03-26,3769.1150722998023,regular,app,RU,59946.85642054766,92
C0376,2025-05-03,3594.8061533611235,regular,web,RU,93850.10197362199,52
C0125,2025-02-07,10173.0848869754,regular,app,RU,28042.399336962837,128
C0131,2025-02-24,7812.376659517161,regular,web,RU,95566.66157831959,125
C0313,2025-01-31,10991.628240354341,regular,app,RU,40001.1761448378,146
C0085,2025-06-08,11554.503342459515,regular,app,RU,80116.70385635352,16
C0126,2025-04-20,24672.331498376374,regular,app,KZ,56188.76756509697,69
C0062,2025-01-13,26846.183831624687,regular,app,RU,55142.80232839496,164
C0072,2025-03-09,547959.5334111431,regular,app,RU,41559.708530966964,112
C0063,2025-06-28,130989.94379443189,opportunistic,manager,RU,122152.53681698047,0
C0195,2025-02-10,14652.187102401576,regular,web,RU,17580.452648123697,120
C0148,2025-05-10,20574.039276547275,regular,app,RU,84862.16854841373,44
C0190,2025-04-15,5163.587184017338,regular,app,RU,29728.08893128601,69
C0263,2025-06-27,14448.684852228898,regular,app,RU,72432.82695809603,0
C0304,2025-01-28,2030.7708507535674,regular,app,AM,52384.94132499481,150
C0155,2025-02-28,8612.456681578751,regular,app,RU,26171.924123075,104
C0189,2025-02-26,20150.174502265694,opportunistic,manager,RU,73453.94322932605,121
C0276,2025-03-30,20332.17046157928,regular,web,RU,65535.05343619635,89
C0183,2025-04-20,9605.105878992532,regular,app,BY,89467.91572353024,69
C0217,2025-04-12,5720.493366048167,regular,app,RU,133378.46522269418,70
C0047,2025-04-04,3658.4354307875415,regular,app,KZ,61568.2960255891,70
C0172,2025-05-07,14752.263252300332,regular,app,RU,37505.97494683757,48
C0164,2025-02-08,6145.92045536796,regular,app,RU,95269.62263734348,139
C0155,2025-01-11,8425.557855385918,regular,manager,RU,26171.924123075,152
C0176,2025-04-27,1364.1483322320573,regular,manager,RU,79527.83146299052,56
C0218,2025-01-30,8827.283532773135,regular,web,AM,46855.648918213476,150
C0164,2025-02-13,4744.460097058455,regular,manager,RU,95269.62263734348,134
C0394,2025-06-29,19567.44909241746,opportunistic,manager,RU,,0
C0373,2025-02-03,13378.03154279216,regular,app,RU,94070.00566845604,145
C0284,2025-05-24,11007.048522695188,regular,web,RU,16145.402480594568,29
C0005,2025-02-16,5450.642855420094,regular,app,RU,18572.608441914028,132
C0379,2025-06-08,17921.319855261725,regular,app,AM,79812.48895604689,20
C0279,2025-02-28,5899.634542653701,new,app,RU,,93
C0250,2025-01-28,9221.702000964166,regular,manager,BY,56532.86206867094,151
C0172,2025-02-07,17073.12611820026,regular,manager,RU,37505.97494683757,137
C0108,2025-06-12,53376.61485844203,regular,app,RU,84938.35767995643,12
C0147,2025-01-24,8535.166796898557,regular,app,RU,51703.96166882332,147
C0076,2025-06-05,11568.36404726569,regular,manager,BY,41841.634218175095,8
C0086,2025-03-16,14821.286707046444,regular,app,RU,52897.26789986734,99
C0119,2025-02-23,4433.383776920704,regular,app,RU,12958.52483784047,125
C0352,2025-04-06,13656.364236145264,regular,app,RU,103141.23639450001,82
C0009,2025-02-07,8733.67377062218,regular,manager,KZ,,142
C0336,2025-03-01,47265.57000912917,opportunistic,manager,AM,123057.91430420888,115
C0011,2025-04-21,8549.921843524708,regular,app,RU,100516.10043231638,66
C0127,2025-06-06,15275.599797263378,regular,app,RU,,23
C0326,2025-05-18,98275.41035930434,opportunistic,web,KZ,,18
C0260,2025-05-16,23839.904519593954,opportunistic,app,RU,,0
C0306,2025-03-23,33698.41662558278,regular,app,RU,57805.035774570744,91
C0351,2025-01-30,93078.32300088827,opportunistic,manager,KZ,101495.73572265125,129
C0398,2025-04-22,9850.276944714511,regular,app,RU,108208.7305003528,62
C0141,2025-06-19,3937.2073964532633,regular,app,RU,147307.13899357288,3
C0316,2025-05-07,8909.414118768185,regular,manager,RU,57827.32199477627,51
C0235,2025-04-18,3520.539662554026,new,app,RU,51929.440784330545,37
C0071,2025-03-15,8577.93420139758,regular,app,RU,119602.86638084592,104
C0076,2025-04-09,13943.07573182852,regular,web,BY,41841.634218175095,65
C0205,2025-05-14,11622.987366381256,regular,app,AM,33782.36257951558,43
C0289,2025-05-12,6306.4295175545685,regular,app,RU,104787.97930192667,37
C0232,2025-06-27,8589.031190956897,regular,app,RU,75576.78867544084,2
C0067,2025-05-06,53490.43286127377,opportunistic,manager,BY,193504.66662175572,54
C0194,2025-06-02,29916.481532479003,opportunistic,manager,RU,80813.54655267524,27
C0339,2025-03-02,26454.156657020023,regular,app,RU,39831.465005485414,107
C0183,2025-05-14,9550.119767596152,regular,app,BY,89467.91572353024,45
C0307,2025-03-30,18227.430898297014,regular,manager,KZ,111706.42563456245,88
C0400,2025-01-07,9858.046136666875,regular,web,RU,75874.27858611445,164
C0064,2025-03-05,77388.94822077572,opportunistic,app,RU,81703.93243020093,112
C0136,2025-05-03,7425.0007175892915,regular,app,RU,40609.90938605977,51
C0048,2025-06-29,7086.98561182482,regular,app,RU,24173.246782879014,0
C0306,2025-03-27,2444.7116116122193,regular,app,RU,57805.035774570744,87
C0248,2025-04-09,3908.897067831853,regular,app,RU,22805.090958222576,66
C0367,2025-01-07,50905.39799222498,opportunistic,web,RU,37862.35599077226,169
C0125,2025-04-02,7413.722682114762,regular,app,RU,28042.399336962837,74
C0212,2025-03-28,43054.462348913636,opportunistic,manager,RU,103459.0031373886,86
C0005,2025-02-20,8547.66838363753,regular,app,RU,18572.608441914028,128
C0222,2025-05-10,18341.94089385642,regular,app,RU,84664.75261477451,45
C0362,2025-05-16,7849.114254317556,regular,app,RU,87900.75427160058,35
C0121,2025-01-07,17286.419452093043,opportunistic,manager,BY,250503.52136061847,146
C0364,2025-03-01,3548.400221622565,regular,app,RU,40488.69823107142,118
C0367,2025-05-23,18485.603201754184,opportunistic,app,RU,37862.35599077226,33
C0263,2025-03-29,7411.1342631362395,regular,web,RU,72432.82695809603,90
C0203,2025-04-02,58767.058124996765,regular,app,RU,75319.67008401135,78
C0277,2025-05-14,29428.766598069917,regular,app,RU,40282.29405287731,39
C0140,2025-03-11,2118.4546975944695,regular,app,AM,,107
C0373,2025-05-09,5674.562844145501,regular,web,RU,94070.00566845604,50
C0153,2025-01-22,12484.898622583869,regular,app,RU,17732.54325367211,158
C0069,2025-05-07,4986.230024363994,regular,app,RU,68745.02328473939,42
C0271,2025-01-21,6230.990970400946,regular,app,RU,41028.573339414696,150
C0236,2025-03-25,34140.02907701112,opportunistic,web,RU,67350.06996628096,81
C0171,2025-05-19,5807.715313026831,regular,app,RU,43719.95140581391,36
C0249,2025-03-09,4019.7899877401655,regular,web,RU,55783.52272481387,112
C0313,2025-05-02,10480.535577044628,regular,app,RU,40001.1761448378,55
C0355,2025-06-15,8182.151205191206,regular,app,RU,114801.5160405255,5
C0209,2025-04-13,45197.85687763787,regular,manager,RU,32709.208941189918,77
C0218,2025-06-29,5803.29001386418,regular,app,AM,46855.648918213476,0
C0379,2025-05-26,8455.649687744803,regular,app,AM,79812.48895604689,33
C0255,2025-06-26,3806.5546951570645,regular,app,AM,29087.88109205289,3
C0197,2025-04-08,68822.58535258511,opportunistic,manager,RU,,77
C0387,2025-04-14,19906.25041398266,opportunistic,manager,KZ,76142.91997429843,21
C0149,2025-03-04,5702.342066573032,regular,web,BY,27968.453975938126,110
C0324,2025-05-01,16614.035329050548,regular,app,RU,94477.46126382126,53
C0033,2025-01-14,13050.738136330856,regular,app,RU,63702.184586940755,164
C0367,2025-03-29,415991.6768958939,opportunistic,web,RU,37862.35599077226,88
C0146,2025-06-27,16775.02702915342,regular,app,RU,39433.96766078368,1
C0023,2025-02-13,4561.6596332623785,new,app,RU,22110.696963924252,102
C0335,2025-02-22,11553.96181223489,regular,app,RU,62761.78101883521,89
C0366,2025-05-01,22473.392732627657,regular,app,RU,56128.80472027171,54
C0146,2025-06-28,18822.218478685005,regular,app,RU,39433.96766078368,0
C0297,2025-03-10,22434.863850967115,new,app,RU,131721.9782148662,47
C0033,2025-05-16,16200.713314739649,regular,app,RU,63702.184586940755,42
C0183,2025-04-17,6607.639048671284,regular,app,BY,89467.91572353024,72
C0005,2025-04-06,21689.606376950225,regular,app,RU,18572.608441914028,83
C0054,2025-06-10,9067.872150629442,opportunistic,app,RU,83728.92216603088,0
C0292,2025-03-16,10478.478940623796,regular,app,RU,83374.99550448595,104
C0310,2025-01-03,7819.932941804159,regular,app,RU,43030.78274384195,177
C0018,2025-02-22,3338.3927871028777,regular,app,RU,53286.71637060531,113
C0286,2025-02-03,13120.718197379942,regular,app,RU,76864.80399866072,144
C0184,2025-05-17,9172.365366473168,regular,app,RU,73378.44254129767,38
C0091,2025-04-29,7464.99343083099,regular,app,RU,118790.6932272385,43
C0150,2025-01-08,10866.633815240179,regular,manager,RU,93958.54905131078,172
C0230,2025-05-23,3318.5761325964672,regular,manager,RU,32681.058632895285,37
C0341,2025-04-28,20224.907093809252,regular,app,RU,77297.95977305167,55
C0307,2025-05-21,4122.361003701108,regular,app,KZ,111706.42563456245,36
C0337,2025-05-21,3030.943117850319,regular,manager,RU,18875.011531273616,36
C0339,2025-01-04,19558.324888526633,regular,app,RU,39831.465005485414,164
C0028,2025-03-05,23725.74175790318,regular,web,RU,99926.3451265315,88
C0196,2025-03-18,29278.067570378502,regular,manager,RU,35031.704974799344,100
C0290,2025-06-13,9156.266957071011,regular,web,RU,80189.09743512764,12
C0147,2025-06-20,21742.9558040061,regular,app,RU,51703.96166882332,0
C0311,2025-03-24,4639.492898981978,regular,app,RU,18468.17377658533,95
C0072,2025-05-17,21850.31754501612,regular,app,RU,41559.708530966964,43
C0072,2025-06-22,10425.088588037921,regular,app,RU,41559.708530966964,7
C0222,2025-01-06,12585.766503805946,regular,app,RU,84664.75261477451,169
C0376,2025-01-12,9741.639860043479,regular,app,RU,93850.10197362199,163
C0087,2025-03-17,89931.88282318422,opportunistic,manager,RU,56590.69713318657,89
C0221,2025-04-16,15407.610605104548,regular,app,RU,100670.64887680218,71
C0047,2025-03-07,26898.796219515854,regular,app,KZ,61568.2960255891,98
C0379,2025-04-15,14774.13960304461,regular,web,AM,79812.48895604689,74
C0087,2025-03-11,182290.93739318574,opportunistic,web,RU,56590.69713318657,95
C0140,2025-04-05,14078.240241760495,regular,app,AM,51875.679615003515,82
C0205,2025-04-08,5629.550724205544,regular,app,AM,33782.36257951558,79
C0313,2025-05-28,4903.165362458954,regular,app,RU,40001.1761448378,29
C0005,2025-02-01,14175.067177724879,regular,app,RU,18572.608441914028,147
C0146,2025-02-08,8810.091109641351,regular,app,RU,39433.96766078368,140
C0166,2025-01-06,23464.661081850812,regular,app,KZ,89867.6573767307,170
C0047,2025-02-18,4866.603624041325,regular,app,KZ,61568.2960255891,115
C0353,2025-03-11,18683.525145162665,opportunistic,manager,KZ,27148.318862214852,97
C0077,2025-01-17,11374.615877546938,regular,app,RU,27604.60480859763,162
C0290,2025-03-12,4004.954967687028,regular,web,RU,80189.09743512764,105
C0027,2025-03-04,19637.35578866323,regular,app,RU,45567.70668624445,99
C0386,2025-05-10,3453.8105815697363,new,web,RU,139744.5413521577,49
C0001,2025-01-01,61640.58415877105,opportunistic,web,AM,84271.59478632447,149
C0255,2025-04-13,40101.91919435411,regular,app,AM,,77
C0277,2025-02-03,7028.518362069051,regular,app,RU,40282.29405287731,139
C0111,2025-05-04,3150.356839912492,regular,app,RU,24166.59661985463,55
C0072,2025-03-19,5447.091099394989,regular,app,RU,41559.708530966964,102
C0011,2025-06-13,20275.304001879576,regular,app,RU,100516.10043231638,13
C0361,2025-06-16,3662.452407373439,new,app,RU,177846.65822318624,0
C0033,2025-01-08,6290.390308935638,regular,app,RU,63702.184586940755,170
C0073,2025-05-09,4055.194599070553,new,web,RU,,0
C0084,2025-02-03,5625.249240712999,regular,web,RU,38981.78972789811,117
C0131,2025-05-15,10409.41912757623,regular,app,RU,95566.66157831959,45
C0283,2025-06-23,4590.717704839128,regular,app,AM,49637.64105345447,0
C0311,2025-06-18,5362.394765852666,regular,app,RU,18468.17377658533,9
C0130,2025-04-20,27510.478560364587,opportunistic,web,RU,79981.8389236212,53
C0044,2025-06-15,15499.2915277693,regular,app,RU,82129.71014803136,14
C0076,2025-03-15,2927.1259151474137,regular,app,BY,41841.634218175095,90
C0206,2025-04-19,7241.280239537383,regular,app,RU,75884.66245476011,70
C0136,2025-04-26,5945.460128115539,regular,app,RU,40609.90938605977,58
C0290,2025-05-21,10289.043049964634,regular,app,RU,80189.09743512764,35
C0060,2025-04-04,14904.859799914691,regular,app,AM,29369.97581505382,85
C0290,2025-05-05,20614.144575661994,regular,app,RU,80189.09743512764,51
C0369,2025-02-14,7261.396934302067,regular,web,RU,176635.3330683661,130
C0349,2025-02-12,100757.40892236689,opportunistic,manager,RU,77109.29033857904,86
C0134,2025-06-04,1902.8028301728389,regular,web,RU,162091.34627439242,24
C0288,2025-05-02,3519.969808989689,regular,app,KZ,32072.151687949587,52
C0033,2025-06-03,8837.818046723747,regular,manager,RU,63702.184586940755,24
C0355,2025-04-21,36477.91234786042,regular,app,RU,114801.5160405255,60
C0359,2025-01-29,9418.296946859773,regular,web,RU,69875.41513535524,151
C0363,2025-03-21,8939.409126391116,regular,manager,RU,53936.128335688154,83
C0026,2025-02-07,35913.87284659993,regular,web,KZ,18333.974251046504,129
C0103,2025-03-13,11588.054592971883,regular,app,RU,41425.609103306146,106
C0363,2025-06-12,8716.975230559765,regular,manager,RU,,0
C0184,2025-04-04,4289.49523954634,regular,app,RU,,81
C0145,2025-06-05,13673.712370059227,regular,web,RU,54231.990145770134,24
C0335,2025-05-01,25605.30540738029,regular,web,RU,62761.78101883521,21
C0052,2025-05-14,14640.677256206436,regular,web,KZ,36740.54430792383,46
C0142,2025-04-13,9409.387351809517,regular,app,RU,71133.75089158732,69
C0139,2025-02-16,47005.9815755531,opportunistic,manager,BY,,125
C0399,2025-05-28,9623.872094080945,regular,app,RU,66589.02089418373,30
C0034,2025-05-30,26762.398938324517,regular,app,BY,139312.1307018514,30
C0027,2025-02-16,21994.96742037347,regular,app,RU,45567.70668624445,115
C0263,2025-04-11,-3100.316698248923,regular,app,RU,72432.82695809603,77
C0204,2025-01-06,7815.890450100285,regular,manager,RU,160510.37828520167,171
C0085,2025-02-03,3902.5432295850337,regular,app,RU,80116.70385635352,141
C0060,2025-05-01,24367.83173029864,regular,app,AM,29369.97581505382,58
C0108,2025-06-13,16898.84127006391,regular,web,RU,84938.35767995643,11
C0230,2025-05-06,14564.571348686524,regular,app,RU,32681.058632895285,54
C0005,2025-06-06,14681.142872106404,regular,web,RU,18572.608441914028,22
C0172,2025-05-31,38080.42946614295,regular,app,RU,37505.97494683757,24
C0142,2025-01-03,4241.152742058057,regular,web,RU,71133.75089158732,169
C0155,2025-02-22,5622.861722364788,regular,app,RU,26171.924123075,110
C0071,2025-05-31,32786.46616343574,regular,app,RU,119602.86638084592,27
C0244,2025-06-21,19923.00090444235,regular,app,RU,17552.836117749855,2
C0105,2025-05-10,63986.92707468034,opportunistic,app,RU,120199.46527490248,42
C0141,2025-05-23,23193.58060158918,regular,app,RU,147307.13899357288,30
C0103,2025-03-05,26379.189797359144,regular,web,RU,41425.609103306146,114
C0084,2025-02-02,6228.524718333131,regular,web,RU,38981.78972789811,118
C0257,2025-05-06,30446.250563731883,opportunistic,manager,RU,,35
C0068,2025-03-27,8835.260288194988,regular,app,RU,207386.4605822518,92
C0364,2025-05-14,2592.1288474922208,regular,app,RU,40488.69823107142,44
C0030,2025-02-19,576211.2508689397,opportunistic,web,AM,,126
C0065,2025-03-09,31898.045506186176,opportunistic,manager,RU,61566.57313890205,111
C0071,2025-06-23,10364.918399830498,regular,app,RU,119602.86638084592,4
C0088,2025-03-14,25216.000641078568,regular,app,RU,73271.65445707022,102
C0026,2025-04-27,3186.4085843320026,regular,app,KZ,18333.974251046504,50
C0166,2025-02-19,3939.7350406440496,regular,app,KZ,89867.6573767307,126
C0213,2025-04-15,25279.49030620918,regular,app,RU,75577.42042288934,61
C0313,2025-05-22,5684.796105921384,regular,app,RU,40001.1761448378,35
C0123,2025-06-10,8708.066612353792,regular,app,AM,48641.64046189509,19
C0074,2025-01-20,15299.587156621874,regular,app,RU,65236.56695866103,160
C0138,2025-04-02,7328.65864866175,regular,web,RU,59561.26986369458,84
C0163,2025-01-05,21299.435632279634,regular,app,RU,97613.13102034428,175
C0272,2025-01-17,10149.428162681952,regular,manager,RU,72952.79470233107,131
C0384,2025-03-27,12005.880308498818,regular,app,RU,166874.80517001377,91
C0028,2025-03-11,7370.146863133473,regular,app,RU,99926.3451265315,82
C0047,2025-05-13,5045.586488273649,regular,manager,KZ,61568.2960255891,31
C0062,2025-01-26,17929.562141220566,regular,web,RU,55142.80232839496,151
C0157,2025-05-28,13012.31357603218,regular,manager,RU,,30
C0142,2025-06-12,15547.39720329317,regular,app,RU,71133.75089158732,9
C0329,2025-03-29,36100.60962664944,opportunistic,app,RU,58930.878904385274,59
C0307,2025-05-09,12342.191502616066,regular,app,KZ,111706.42563456245,48
C0170,2025-06-04,7650.571298270283,new,app,BY,55887.9588032585,0
C0395,2025-01-07,4715.0485898919005,regular,app,RU,64333.874332747415,168
C0372,2025-06-12,10167.74270513643,regular,app,BY,105901.06925376512,17
C0072,2025-06-02,16655.98516309211,regular,app,RU,41559.708530966964,27
C0263,2025-01-09,57726.121987993094,regular,app,RU,72432.82695809603,169
C0082,2025-02-05,19847.85498374744,regular,manager,RU,192043.49068353276,124
C0149,2025-05-11,15704.745195403391,regular,app,BY,27968.453975938126,42
C0124,2025-02-12,14168.601321238197,regular,manager,RU,85459.18010301342,119
C0022,2025-06-13,16302.898576123092,regular,app,BY,104426.15742678501,12
C0248,2025-01-03,6445.614208448367,regular,app,RU,22805.090958222576,162
C0286,2025-02-08,6262.54754930306,regular,app,RU,76864.80399866072,139
C0204,2025-03-06,15499.2099706925,regular,web,RU,160510.37828520167,112
C0187,2025-03-16,-36954.98438030819,regular,web,RU,76429.16908843287,88
C0210,2025-04-06,26118.965100049933,regular,web,RU,52418.57889047791,84
C0114,2025-01-11,20590.534460246174,opportunistic,web,RU,,135
C0069,2025-01-31,11233.68317311625,regular,app,RU,,138
C0080,2025-05-07,18515.37248999853,opportunistic,manager,AM,,50
C0348,2025-02-02,20277.206841259514,regular,app,RU,59681.71404088037,147
C0094,2025-03-12,4606.505448619935,regular,app,RU,276155.8197288189,94
C0094,2025-04-18,11494.992597783905,regular,app,RU,276155.8197288189,57
C0157,2025-03-05,13420.031589867782,regular,app,RU,75827.495673324,114
C0263,2025-04-04,9562.011347784706,regular,manager,RU,72432.82695809603,84
C0369,2025-04-06,22446.0311041821,regular,app,RU,176635.3330683661,79
C0398,2025-03-17,7011.475483022897,regular,manager,RU,,98
C0354,2025-01-17,72600.90950218329,opportunistic,web,RU,,95
C0072,2025-04-19,13821.542110492755,regular,app,RU,41559.708530966964,71
C0123,2025-05-23,12234.395413534245,regular,web,AM,48641.64046189509,37
C0011,2025-02-28,11636.446787985486,regular,app,RU,100516.10043231638,118
C0112,2025-03-06,13235.633060171005,regular,app,KZ,55018.014532175854,100
C0355,2025-02-10,15772.270344643532,regular,app,RU,114801.5160405255,130
C0177,2025-05-26,11838.049220029794,regular,web,KZ,68058.85552278945,34
C0185,2025-03-14,21477.32478403488,opportunistic,web,RU,,45
C0203,2025-01-21,4486.9506172915035,regular,app,RU,,149
C0372,2025-06-29,2883.0618759439726,regular,app,BY,105901.06925376512,0
C0346,2025-06-22,95274.36610703745,opportunistic,manager,RU,68326.35771447497,0
C0027,2025-01-19,8878.685514008763,regular,web,RU,45567.70668624445,143
C0233,2025-02-19,1892.7113239339487,new,web,AM,47207.72196915643,125
C0227,2025-03-18,10193.55554520948,regular,app,RU,30240.76297199327,99
C0338,2025-02-11,57173.18537129779,opportunistic,web,RU,29052.177619448208,41
C0277,2025-06-09,52738.189836599435,regular,web,RU,40282.29405287731,13
C0037,2025-03-15,24576.4230902972,regular,web,KZ,47718.755959578484,64
C0313,2025-02-08,22747.447377389188,regular,app,RU,40001.1761448378,138
C0076,2025-01-24,9688.559007286638,regular,web,BY,41841.634218175095,140
C0250,2025-06-24,13172.674099157359,regular,app,BY,56532.86206867094,4
C0050,2025-06-02,9551.059483705922,regular,app,AM,47441.35558338082,23
C0088,2025-06-24,7305.015539061577,regular,web,RU,73271.65445707022,0
C0062,2025-01-20,15912.846416381226,regular,manager,RU,55142.80232839496,157
C0213,2025-05-15,4323.824793410217,regular,app,RU,75577.42042288934,31
C0033,2025-05-27,10902.598102391132,regular,manager,RU,63702.184586940755,31
C0163,2025-04-11,5559.0573731672175,regular,app,RU,97613.13102034428,79
C0134,2025-04-09,9480.31490162337,regular,app,RU,162091.34627439242,80
C0384,2025-06-08,6512.365138543269,regular,web,RU,166874.80517001377,18
C0398,2025-02-28,33664.428857247054,regular,app,RU,108208.7305003528,115
C0149,2025-03-06,10509.517043936814,regular,app,BY,27968.453975938126,108
C0093,2025-03-28,23662.217521613165,regular,manager,RU,66402.26752134197,89
C0115,2025-06-02,6036.958380826504,regular,app,RU,140101.75043049947,17
C0066,2025-05-25,59664.117643182566,opportunistic,manager,RU,,19
C0269,2025-04-24,483188.75810604595,regular,app,BY,91399.24908804016,57
C0308,2025-03-03,58309.37825071457,opportunistic,app,RU,19178.06563577975,96
C0172,2025-04-26,2126.011478800377,regular,web,RU,37505.97494683757,59
C0017,2025-06-22,19426.484949509293,opportunistic,web,RU,103911.06431743408,2
C0205,2025-05-31,14156.555497461324,regular,app,AM,33782.36257951558,26
C0393,2025-05-19,46560.22066137754,opportunistic,manager,RU,68405.75658258372,24
C0204,2025-06-24,10918.192057563796,regular,app,RU,160510.37828520167,2
C0023,2025-04-11,5385.184270222683,new,app,RU,22110.696963924252,45
C0084,2025-01-31,7474.625732739372,regular,app,RU,38981.78972789811,120
C0188,2025-04-22,13178.96318777195,regular,app,RU,40342.7858121426,66
C0055,2025-03-13,60512.64534427003,opportunistic,manager,RU,59630.09125590324,106
C0119,2025-04-12,9822.970010810295,regular,app,RU,12958.52483784047,77
C0396,2025-05-30,9258.31911740974,regular,web,KZ,63332.172912899565,25
C0089,2025-06-01,7873.950523761887,regular,app,BY,93017.61049185187,12
C0358,2025-06-14,103629.96696025669,opportunistic,web,RU,23791.66352877686,0
C0184,2025-01-15,31624.038418581084,regular,app,RU,73378.44254129767,160
C0362,2025-06-08,42140.300408479154,regular,app,RU,87900.75427160058,12
C0278,2025-04-10,34924.68175118547,regular,manager,RU,54814.63414542244,75
C0291,2025-01-07,43853.65075867733,opportunistic,web,RU,245347.59900639023,152
C0101,2025-05-07,6420.742425342372,new,manager,RU,43100.276086949925,15
C0123,2025-06-02,13326.579995778813,regular,web,AM,48641.64046189509,27
C0161,2025-05-14,8485.597448761886,regular,web,RU,74003.19392036954,46
C0189,2025-02-25,10547.075309282001,opportunistic,app,RU,73453.94322932605,122
C0379,2025-01-23,24572.400779028798,regular,web,AM,79812.48895604689,156
C0044,2025-03-26,654461.4782730136,regular,app,RU,82129.71014803136,95
C0287,2025-01-31,30878.210588374073,regular,web,KZ,44683.913853316626,139
C0077,2025-04-15,8773.318333773523,regular,manager,RU,27604.60480859763,74
C0057,2025-03-27,5353.847574055876,regular,app,BY,80745.46024762576,73
C0115,2025-03-14,4112.04917177536,regular,app,RU,140101.75043049947,97
C0018,2025-03-25,8747.68029146861,regular,app,RU,53286.71637060531,82
C0194,2025-02-23,94296.68056522332,opportunistic,web,RU,80813.54655267524,126
C0167,2025-04-06,50455.99699655148,opportunistic,manager,RU,77888.21217479996,69
C0067,2025-04-05,88311.64378033487,opportunistic,app,BY,193504.66662175572,85
C0282,2025-01-12,5204.753250962318,regular,app,KZ,86261.33612057511,160
C0086,2025-02-25,3514.340675457827,regular,web,RU,52897.26789986734,118
C0339,2025-05-21,12314.984933252514,regular,web,RU,39831.465005485414,27
C0232,2025-05-30,37227.303536104126,regular,app,RU,75576.78867544084,30
C0176,2025-05-30,23432.448189125953,regular,app,RU,79527.83146299052,23
C0315,2025-04-01,20820.394077366112,regular,app,BY,122043.30752195237,81
C0122,2025-05-04,48226.884081341486,opportunistic,web,RU,84051.61465536503,48
C0015,2025-04-09,16929.401199929303,regular,app,RU,59946.85642054766,78
C0352,2025-03-17,9855.858326425167,regular,manager,RU,103141.23639450001,102
C0172,2025-04-07,14556.92445739023,regular,app,RU,37505.97494683757,78
C0018,2025-01-17,17649.895063363674,regular,app,RU,53286.71637060531,149
C0007,2025-04-07,47375.89206632417,opportunistic,manager,RU,,80
C0150,2025-03-17,4061.542065036711,regular,app,RU,,104
C0127,2025-06-12,5687.281351854663,regular,web,RU,69892.42897742578,17
C0018,2025-06-05,3384.6121005728774,regular,web,RU,53286.71637060531,10
C0259,2025-06-26,5047.037980639749,regular,app,KZ,,1
C0201,2025-06-20,14738.198555064913,opportunistic,manager,RU,,0
C0366,2025-04-18,12558.938633815418,regular,app,RU,56128.80472027171,67
C0206,2025-02-23,21506.61139066864,regular,app,RU,75884.66245476011,125
C0330,2025-01-27,7780.058323513652,regular,app,RU,33903.04091126527,151
C0020,2025-03-01,68753.03156871763,opportunistic,web,RU,57170.23440825851,104
C0360,2025-06-14,40311.54684274137,opportunistic,app,RU,,1
C0119,2025-02-21,14255.429794316979,regular,app,RU,12958.52483784047,127
C0178,2025-05-14,6606.136238970031,new,web,RU,43432.16598996701,44
C0169,2025-05-03,9280.628122603373,regular,web,RU,63076.16263509317,57
C0374,2025-02-09,5787.556967756284,regular,manager,RU,84406.5338871581,140
C0111,2025-02-26,6662.6457864429585,regular,app,RU,24166.59661985463,122
C0349,2025-01-18,146115.00610269106,opportunistic,manager,RU,77109.29033857904,111
C0161,2025-04-17,6159.431000181004,regular,app,RU,74003.19392036954,73
C0072,2025-04-22,10260.821608578763,regular,app,RU,41559.708530966964,68
C0131,2025-05-30,7103.4636053286085,regular,app,RU,95566.66157831959,30
C0033,2025-05-13,85987.61355240978,regular,app,RU,63702.184586940755,45
C0245,2025-05-18,26854.001530163052,opportunistic,manager,BY,160494.5632676289,41
C0086,2025-01-03,8675.863340685479,regular,manager,RU,52897.26789986734,171
C0199,2025-01-06,18026.55093508449,regular,app,RU,98019.14203306024,171
C0294,2025-04-24,3841.0264187319513,regular,app,RU,60366.5026649566,66
C0283,2025-06-03,7442.203499178966,regular,app,AM,49637.64105345447,20
C0286,2025-05-25,10413.045009667814,regular,app,RU,76864.80399866072,33
C0203,2025-01-03,8542.888684789961,regular,app,RU,75319.67008401135,167
C0074,2025-06-28,28007.48921789105,regular,web,RU,65236.56695866103,1
C0187,2025-01-18,2932.3933147617918,regular,app,RU,76429.16908843287,145
C0271,2025-02-15,19208.377791410876,regular,app,RU,41028.573339414696,125
C0312,2025-01-10,1711.4744602726375,regular,app,RU,38948.629151541485,165
C0164,2025-05-27,11962.26392850607,regular,app,RU,95269.62263734348,31
C0129,2025-05-17,10057.272115456075,regular,web,RU,102226.20848008845,13
C0267,2025-04-28,12356.112182027262,regular,app,BY,165601.26935907674,58
C0349,2025-04-15,39740.02151697353,opportunistic,manager,RU,,24
C0239,2025-04-01,21400.189305358585,regular,manager,RU,85744.30607535798,85
C0142,2025-03-06,2679.117190118519,regular,app,RU,71133.75089158732,107
C0068,2025-01-27,23014.46925455484,regular,app,RU,207386.4605822518,151
C0263,2025-05-07,9111.492959572846,regular,app,RU,72432.82695809603,51
C0192,2025-01-03,6425.614853421735,regular,web,RU,131448.77247629315,170
C0332,2025-06-28,30216.415088362573,regular,web,KZ,96486.84621670823,0
C0384,2025-04-24,22471.846412421546,regular,web,RU,166874.80517001377,63
C0381,2025-06-10,131985.05183075028,opportunistic,manager,RU,69285.54604021527,11
C0350,2025-02-24,5341.004315193777,regular,app,AM,72183.40831187136,122
C0154,2025-03-31,154690.00534684717,opportunistic,app,RU,42932.69018429909,75
C0070,2025-04-02,5380.9898277671555,regular,web,RU,72265.69587493673,87
C0339,2025-01-01,4106.084741082695,regular,app,RU,39831.465005485414,167
C0316,2025-05-21,14180.376731043758,regular,web,RU,57827.32199477627,37
C0235,2025-03-16,20699.0518553116,new,app,RU,,70
C0109,2025-02-12,5813.486180278026,regular,app,RU,55839.111146692514,134
C0339,2025-02-20,7424.992304880746,regular,app,RU,39831.465005485414,117
C0220,2025-06-28,17316.044054674938,regular,app,RU,89109.60304575077,0
C0025,2025-05-24,109664.90612304054,opportunistic,web,RU,,31
C0192,2025-02-25,20665.180534175906,regular,manager,RU,131448.77247629315,117
C0118,2025-03-05,15400.083823741375,opportunistic,manager,RU,,116
C0188,2025-04-12,16734.655408315255,regular,app,RU,40342.7858121426,76
C0188,2025-05-11,6519.614340188738,regular,app,RU,40342.7858121426,47
C0088,2025-02-27,15852.637938607486,regular,web,RU,73271.65445707022,117
C0392,2025-01-05,6564.563343468292,regular,web,RU,82318.01174628778,165
C0148,2025-03-27,8496.96259777618,regular,app,RU,84862.16854841373,88
C0088,2025-06-16,15128.885524951453,regular,web,RU,73271.65445707022,8
C0240,2025-06-21,4199.096974199668,regular,app,RU,49345.468111258146,7
C0299,2025-06-19,28912.29087747561,opportunistic,web,BY,52079.45904776453,0
C0150,2025-06-17,6097.775102237852,regular,web,RU,93958.54905131078,12
C0333,2025-05-04,41128.25881455632,opportunistic,web,RU,,40
C0036,2025-03-16,13117.579122107489,regular,app,RU,,98
C0129,2025-05-30,35866.64006499205,regular,app,RU,102226.20848008845,0
C0282,2025-04-11,17661.44435282501,regular,manager,KZ,86261.33612057511,71
C0244,2025-05-26,5965.959600124284,regular,manager,RU,17552.836117749855,28
C0253,2025-06-18,4647.504582788718,regular,app,RU,91013.09064201491,0
C0244,2025-01-08,18708.689655517654,regular,web,RU,17552.836117749855,166
C0193,2025-05-30,34333.1139935794,regular,web,RU,57590.64763962595,22
C0142,2025-05-11,10601.883384256065,regular,app,RU,71133.75089158732,41
C0391,2025-05-29,39738.42057563648,opportunistic,manager,RU,,18
C0227,2025-04-13,3129.829398908488,regular,app,RU,30240.76297199327,73
C0362,2025-02-04,6820.506634554958,regular,web,RU,87900.75427160058,136
C0149,2025-03-05,9569.003699543338,regular,web,BY,27968.453975938126,109
C0212,2025-01-01,51940.9148412069,opportunistic,manager,RU,103459.0031373886,172
C0093,2025-01-16,4095.2546782334534,regular,app,RU,66402.26752134197,160
C0267,2025-06-15,24058.094177466563,regular,web,BY,,10
C0057,2025-01-22,18465.083889713027,regular,app,BY,80745.46024762576,137
C0101,2025-05-22,3157.239460830058,new,app,RU,43100.276086949925,0
C0164,2025-01-18,7765.857126942338,regular,web,RU,95269.62263734348,160
C0172,2025-01-06,651.017784689066,regular,app,RU,37505.97494683757,169
C0384,2025-01-05,24093.71369646632,regular,web,RU,166874.80517001377,172
C0187,2025-02-22,11746.741555712213,regular,app,RU,76429.16908843287,110
C0359,2025-06-23,9208.025120182405,regular,app,RU,,6
C0276,2025-04-03,4603.961414959831,regular,app,RU,65535.05343619635,85
C0069,2025-04-29,422190.9665973415,regular,manager,RU,68745.02328473939,50
C0344,2025-02-17,28741.398936701033,opportunistic,manager,RU,35748.20255231404,82
C0082,2025-02-01,9061.842068749747,regular,app,RU,192043.49068353276,128
C0373,2025-01-15,15390.349165662174,regular,app,RU,94070.00566845604,164
C0027,2025-03-13,20228.6582349577,regular,web,RU,45567.70668624445,90
C0225,2025-04-11,4569.434016361222,regular,app,RU,37463.80596379556,72
C0303,2025-03-22,3709.4717750227796,regular,web,RU,51412.557388166,82
C0237,2025-02-08,6791.97573453703,regular,app,RU,76718.82517000394,117
C0107,2025-04-24,7575.989015338736,regular,web,RU,56532.060379392606,66
C0261,2025-06-18,2900.792154046773,regular,app,RU,92817.5689867,11
C0187,2025-04-21,6693.920113556786,regular,app,RU,76429.16908843287,52
C0379,2025-02-10,17674.53633391935,regular,manager,AM,79812.48895604689,138
C0027,2025-01-03,22866.71502316205,regular,app,RU,45567.70668624445,159
C0030,2025-04-16,-48501.003637935195,opportunistic,app,AM,,70
C0369,2025-02-28,28255.386368692103,regular,app,RU,,116
C0192,2025-05-19,39171.12946739624,regular,app,RU,131448.77247629315,34
C0048,2025-01-14,11711.129967613546,regular,app,RU,24173.246782879014,166
C0140,2025-02-02,12387.34057874769,regular,app,AM,51875.679615003515,144
C0201,2025-06-13,32158.450797129528,opportunistic,manager,RU,34643.37900711766,7
C0271,2025-05-02,8979.581186003958,regular,app,RU,41028.573339414696,49
C0150,2025-02-14,11803.23088948944,regular,web,RU,93958.54905131078,135
C0327,2025-03-08,81873.57220167556,opportunistic,web,KZ,37447.94211658653,112
C0193,2025-03-31,10000.245410861273,regular,app,RU,,82
C0352,2025-04-03,17971.304367440036,regular,app,RU,103141.23639450001,85
C0392,2025-04-21,5266.152691106817,regular,app,RU,82318.01174628778,59
C0313,2025-01-28,5642.770345573154,regular,web,RU,,149
C0272,2025-02-26,50645.954979896356,regular,web,RU,72952.79470233107,91
C0097,2025-06-20,6509.477596489735,regular,app,AM,69587.21229131967,5
C0294,2025-03-27,346204.09906082903,regular,web,RU,,94
C0121,2025-06-02,27325.726476112744,opportunistic,manager,BY,250503.52136061847,0
C0119,2025-02-04,32518.275335178037,regular,app,RU,12958.52483784047,144
C0253,2025-02-05,2697.1394965488894,regular,app,RU,91013.09064201491,133
C0176,2025-04-09,13557.050213554407,regular,web,RU,79527.83146299052,74
C0101,2025-03-25,1584.4124229914987,new,web,RU,43100.276086949925,58
C0276,2025-04-06,8440.526311193425,regular,app,RU,65535.05343619635,82
C0290,2025-02-19,24243.155697301416,regular,app,RU,80189.09743512764,126
C0069,2025-04-15,4902.8130604888975,regular,app,RU,68745.02328473939,64
C0057,2025-03-01,10612.60010613919,regular,manager,BY,80745.46024762576,99
C0029,2025-04-22,4388.692601069728,regular,app,RU,56574.50740293192,65
C0183,2025-01-31,4307.692886912923,regular,app,BY,89467.91572353024,148
C0015,2025-05-06,33045.872779292025,regular,app,RU,59946.85642054766,51
C0038,2025-02-13,11935.568853745477,regular,web,AM,29310.61212769585,111
C0257,2025-01-18,22994.07051788022,opportunistic,manager,RU,,143
C0176,2025-02-22,2194.930661372765,regular,app,RU,79527.83146299052,120
C0138,2025-06-08,13712.312716216296,regular,app,RU,59561.26986369458,17
C0090,2025-02-02,5649.004960049748,regular,web,RU,54907.642961464815,140
C0310,2025-04-27,2844.0993411222644,regular,app,RU,43030.78274384195,63
C0258,2025-06-29,24299.507811384665,regular,app,BY,72735.01488396972,0
C0355,2025-03-05,9105.385300592989,regular,app,RU,,107
C0065,2025-04-21,33245.740018823766,opportunistic,web,RU,61566.57313890205,68
C0164,2025-06-19,4408.601463853626,regular,app,RU,95269.62263734348,8
C0113,2025-02-12,20798.598022991573,regular,app,RU,22138.056114061816,133
C0396,2025-05-25,3780.4845996287863,regular,app,KZ,63332.172912899565,30
C0257,2025-01-06,54639.87041151808,opportunistic,manager,RU,,155
C0245,2025-06-26,180996.19404044453,opportunistic,web,BY,160494.5632676289,2
C0010,2025-02-07,3606.9394178722314,regular,app,RU,,139
C0242,2025-02-27,21423.904988113823,opportunistic,app,RU,140007.80525962607,121
C0290,2025-04-06,9748.224584114647,regular,app,RU,80189.09743512764,80
C0196,2025-01-23,120649.81087917738,regular,manager,RU,35031.704974799344,154
C0076,2025-01-07,3324.610835210969,regular,app,BY,41841.634218175095,157
C0121,2025-04-21,40507.22204058906,opportunistic,web,BY,250503.52136061847,42
C0341,2025-06-01,12950.460153903878,regular,app,RU,77297.95977305167,21
C0264,2025-03-07,5532.527265383705,regular,app,RU,53382.85082631906,112
C0035,2025-04-19,16352.628375653156,regular,app,RU,69610.42796192828,71
C0373,2025-02-10,4082.3317883163654,regular,web,RU,94070.00566845604,138
C0365,2025-03-31,28584.205552100146,opportunistic,app,RU,66589.23523916356,61
C0047,2025-04-05,16469.633750246434,regular,app,KZ,61568.2960255891,69
C0016,2025-05-23,43686.76093902094,regular,app,RU,73734.55681536577,32
C0328,2025-05-09,14516.07588595148,regular,app,KZ,65732.80809874619,47
C0244,2025-01-01,14600.464285048374,regular,web,RU,,173
C0002,2025-05-29,5035.429798296056,regular,app,RU,88283.04157880397,20
C0064,2025-05-02,9981.482638856258,opportunistic,app,RU,,54
C0185,2025-04-22,26474.834125991372,opportunistic,app,RU,29837.760681668267,6
C0313,2025-06-09,9313.00540090454,regular,app,RU,40001.1761448378,17
C0268,2025-04-19,24955.625538125623,regular,app,KZ,36060.11248799635,64
C0150,2025-02-21,16886.973122685573,regular,app,RU,93958.54905131078,128
C0319,2025-01-13,15192.371484254121,regular,web,BY,117835.57409004774,149
C0234,2025-01-04,114291.94479513187,opportunistic,manager,RU,146994.1937911746,164
C0264,2025-05-24,13228.772254204012,regular,manager,RU,53382.85082631906,34
C0341,2025-05-14,6439.289544333509,regular,app,RU,77297.95977305167,39
C0109,2025-01-04,7010.764612569764,regular,app,RU,55839.111146692514,173
C0260,2025-01-22,65949.81720500918,opportunistic,manager,RU,61199.74073136644,114
C0037,2025-01-03,26131.451625094785,regular,app,KZ,47718.755959578484,135
C0005,2025-01-17,22646.74742890935,regular,app,RU,18572.608441914028,162
C0362,2025-03-04,8365.10709603107,regular,web,RU,87900.75427160058,108
C0264,2025-03-19,5856.234250983159,regular,app,RU,53382.85082631906,100
C0319,2025-02-09,5174.407948343395,regular,app,BY,117835.57409004774,122
C0357,2025-02-12,36105.249811656875,opportunistic,web,RU,,134
C0050,2025-02-03,6085.952055763438,regular,manager,AM,47441.35558338082,142
C0273,2025-01-14,10127.047008498479,regular,app,RU,128912.01034395119,161
C0075,2025-01-02,12343.77143931784,regular,app,RU,78641.08221028118,176
C0322,2025-02-24,4865.340803803346,regular,manager,RU,89967.3339755547,108
C0355,2025-05-30,13227.372022668316,regular,web,RU,,21
C0271,2025-02-03,10061.885018833605,regular,app,RU,41028.573339414696,137
C0088,2025-03-21,15787.074196481133,regular,app,RU,73271.65445707022,95
C0352,2025-05-16,46438.363170522796,regular,web,RU,103141.23639450001,42
C0311,2025-03-30,13112.135117146567,regular,app,RU,18468.17377658533,89
C0227,2025-05-31,21535.82447867911,regular,app,RU,30240.76297199327,25
C0316,2025-06-27,12999.612244715185,regular,web,RU,57827.32199477627,0
C0195,2025-05-20,6722.1964285162985,regular,app,RU,17580.452648123697,21
C0298,2025-04-18,22954.702856075346,opportunistic,web,BY,,70
C0232,2025-02-24,5848.3462622092275,regular,app,RU,75576.78867544084,125
C0138,2025-01-17,7930.491322463278,regular,app,RU,59561.26986369458,159
C0281,2025-02-12,3484.3216491620287,regular,app,RU,27211.30833168933,133
C0196,2025-01-31,20890.85835715661,regular,web,RU,35031.704974799344,146
C0262,2025-04-10,23117.154681372296,opportunistic,manager,RU,,64
C0166,2025-01-24,6512.342811931601,regular,app,KZ,,152
C0049,2025-04-02,18067.512066181338,opportunistic,web,RU,110256.34529649711,84
C0225,2025-05-24,14625.161628661768,regular,app,RU,37463.80596379556,29
C0119,2025-01-02,9012.578798215663,regular,app,RU,,177
C0109,2025-03-03,11188.084333763405,regular,web,RU,55839.111146692514,115
C0269,2025-05-10,16975.998291289357,regular,app,BY,91399.24908804016,41
C0127,2025-02-19,7444.232420565264,regular,web,RU,69892.42897742578,130
C0148,2025-06-22,4736.8189391893775,regular,app,RU,84862.16854841373,1
C0139,2025-04-12,110259.2303790305,opportunistic,manager,BY,143214.9268186321,70
C0048,2025-06-13,10750.12246414622,regular,app,RU,24173.246782879014,16
C0071,2025-02-27,24366.501580453907,regular,app,RU,119602.86638084592,120
C0263,2025-03-20,19643.10199739441,regular,manager,RU,72432.82695809603,99
C0230,2025-05-01,27288.72707664139,regular,app,RU,32681.058632895285,59
C0237,2025-02-03,7800.302925144989,regular,app,RU,76718.82517000394,122
C0287,2025-04-13,5095.30521293436,regular,app,KZ,44683.913853316626,67
C0165,2025-03-13,37505.35923320515,opportunistic,web,BY,81778.59926716395,106
C0068,2025-03-23,7867.347586126457,regular,app,RU,207386.4605822518,96
C0190,2025-05-28,9052.366667377202,regular,app,RU,29728.08893128601,26
C0240,2025-04-28,5603.333532777224,regular,web,RU,49345.468111258146,61
C0129,2025-03-18,17915.68101521744,regular,web,RU,102226.20848008845,73
C0001,2025-03-06,155384.1069228377,opportunistic,app,AM,,85
C0394,2025-01-10,67251.94987437926,opportunistic,manager,RU,32323.226443820487,170
C0400,2025-04-05,3537.2306262147176,regular,web,RU,75874.27858611445,76
C0096,2025-04-07,37362.657983474164,opportunistic,manager,AM,,64
C0220,2025-04-19,1762.8963232517501,regular,manager,RU,89109.60304575077,70
C0303,2025-03-11,4494.208812527208,regular,app,RU,51412.557388166,93
C0060,2025-02-25,23332.74501890211,regular,app,AM,29369.97581505382,123
C0287,2025-05-27,8191.531336241121,regular,app,KZ,44683.913853316626,23
C0081,2025-01-14,40541.14994154022,opportunistic,app,RU,56316.60043091989,152
C0276,2025-01-16,3661.5653424580414,regular,app,RU,65535.05343619635,162
C0251,2025-06-09,91764.51102879726,opportunistic,app,RU,59607.81016099394,0
C0379,2025-03-19,6031.94677006198,regular,web,AM,79812.48895604689,101
C0049,2025-06-05,27294.163247765962,opportunistic,app,RU,110256.34529649711,20
C0210,2025-01-16,4445.061639012241,regular,app,RU,52418.57889047791,164
C0396,2025-04-20,12864.828095092133,regular,app,KZ,,65
C0386,2025-03-06,3320.5835514826204,new,app,RU,139744.5413521577,114
C0140,2025-03-07,3945.191244640285,regular,app,AM,51875.679615003515,111
C0365,2025-01-13,98817.29290973228,opportunistic,manager,RU,,138
C0399,2025-03-26,34634.23204688653,regular,web,RU,66589.02089418373,93
C0134,2025-01-21,5756.626705365609,regular,app,RU,162091.34627439242,158
C0207,2025-01-16,4612.9241211551935,regular,manager,BY,180180.49328698896,159
C0019,2025-05-12,88756.54852340513,opportunistic,manager,RU,88136.4967035286,0
C0091,2025-03-13,25903.408755093766,regular,web,RU,118790.6932272385,90
C0062,2025-03-12,12831.9284919723,regular,app,RU,55142.80232839496,106
C0107,2025-06-29,4046.173132244242,regular,manager,RU,,0
C0335,2025-03-01,22889.856473215816,regular,app,RU,62761.78101883521,82
C0207,2025-06-24,8071.418170092844,regular,manager,BY,,0
C0315,2025-01-21,30673.68871255862,regular,app,BY,122043.30752195237,151
C0322,2025-01-19,2805.6162367610905,regular,app,RU,89967.3339755547,144
C0070,2025-06-20,5604.466729260655,regular,web,RU,,8
C0268,2025-06-22,12239.437008032328,regular,manager,KZ,36060.11248799635,0
C0316,2025-01-08,22126.26605667071,regular,manager,RU,57827.32199477627,170
C0379,2025-03-04,4457.375318601492,regular,web,AM,79812.48895604689,116
C0294,2025-03-01,3832.2580553416838,regular,app,RU,60366.5026649566,120
C0095,2025-04-16,3989.798152687821,regular,web,RU,74809.02849203724,61
C0315,2025-01-15,12960.528185737447,regular,app,BY,122043.30752195237,157
C0264,2025-06-24,8360.941924566574,regular,web,RU,53382.85082631906,3
C0205,2025-04-16,20556.84863370119,regular,app,AM,33782.36257951558,71
C0166,2025-02-07,3200.511876673386,regular,app,KZ,89867.6573767307,138
C0304,2025-05-15,7278.6940844460805,regular,app,AM,52384.94132499481,43
C0142,2025-03-29,4226.183881929818,regular,app,RU,71133.75089158732,84
C0079,2025-03-13,26483.39653414201,opportunistic,manager,RU,35790.53449527416,104
C0268,2025-04-04,15091.285062030554,regular,app,KZ,36060.11248799635,79
C0255,2025-03-07,9908.237116777116,regular,app,AM,29087.88109205289,114
C0242,2025-04-12,13055.712232414757,opportunistic,manager,RU,140007.80525962607,77
C0367,2025-04-27,126347.3650507212,opportunistic,manager,RU,37862.35599077226,59
C0153,2025-01-05,32885.751849273736,regular,manager,RU,17732.54325367211,175
C0304,2025-03-15,15999.457680258743,regular,app,AM,52384.94132499481,104
C0131,2025-04-22,4250.240343732425,regular,web,RU,95566.66157831959,68
C0163,2025-04-26,10718.23454081499,regular,app,RU,,64
C0227,2025-04-11,7908.866496180426,regular,app,RU,30240.76297199327,75
C0044,2025-05-27,38758.186962698936,regular,manager,RU,82129.71014803136,33
C0278,2025-02-06,8959.212963660259,regular,app,RU,54814.63414542244,138
C0211,2025-04-07,49676.94881779647,opportunistic,manager,BY,49695.833368652566,73
C0355,2025-01-07,21010.840153520778,regular,app,RU,114801.5160405255,164
C0056,2025-05-19,71283.45319717268,opportunistic,app,RU,79281.81808974489,0
C0309,2025-04-21,11050.00472965266,regular,app,RU,41995.26799765813,54
C0324,2025-03-13,5909.435583153595,regular,web,RU,94477.46126382126,102
C0183,2025-02-28,9491.235977758492,regular,web,BY,89467.91572353024,120
C0189,2025-05-01,83414.42984751475,opportunistic,app,RU,73453.94322932605,57
C0039,2025-03-19,2067.617280183736,regular,app,RU,40600.123215367676,99
C0317,2025-02-05,2976.2380269867776,regular,app,RU,37535.87622140273,138
C0272,2025-01-22,3410.773501504096,regular,manager,RU,72952.79470233107,126
C0140,2025-02-23,6923.968670106194,regular,manager,AM,51875.679615003515,123
C0057,2025-06-06,3801.0030871232348,regular,app,BY,80745.46024762576,2
C0051,2025-06-28,14860.111678388963,regular,app,AM,49333.31383761302,0
C0328,2025-02-01,18951.968037642724,regular,web,KZ,65732.80809874619,144
C0303,2025-02-13,7681.681893303866,regular,app,RU,51412.557388166,119
C0330,2025-05-24,3262.802892682821,regular,web,RU,33903.04091126527,34
C0013,2025-03-29,30257.08094934718,opportunistic,manager,AM,88568.85827603847,92
C0314,2025-05-21,8406.80644975126,regular,web,BY,59242.379815333625,32
C0052,2025-04-08,5273.195593809906,regular,app,KZ,36740.54430792383,82
C0352,2025-03-21,9555.43834472064,regular,app,RU,103141.23639450001,98
C0230,2025-04-22,11381.168492971665,regular,app,RU,32681.058632895285,68
C0195,2025-04-23,4434.005693317392,regular,app,RU,17580.452648123697,48
C0384,2025-06-02,8742.508385409996,regular,web,RU,166874.80517001377,24
C0091,2025-03-15,1210.5020993711826,regular,web,RU,118790.6932272385,88
C0099,2025-05-07,28329.21348707238,regular,app,BY,64136.52177165041,53
C0136,2025-05-07,3289.3765682445405,regular,app,RU,40609.90938605977,47
C0171,2025-06-09,8375.458843843557,regular,app,RU,43719.95140581391,15
C0042,2025-05-03,26202.96363845635,opportunistic,manager,AM,170488.54814437334,0
C0355,2025-04-23,10651.976137236072,regular,manager,RU,114801.5160405255,58
C0057,2025-02-17,8150.733921061035,regular,web,BY,80745.46024762576,111
C0314,2025-02-06,8430.138347376771,regular,manager,BY,59242.379815333625,136
C0140,2025-05-15,12663.49148905967,regular,web,AM,51875.679615003515,42
C0270,2025-06-09,-14064.647936265943,regular,app,RU,78878.98685669352,0
C0217,2025-03-23,37767.26157743475,regular,app,RU,133378.46522269418,90
C0302,2025-06-03,3404.2956619141487,regular,manager,KZ,150859.75994505777,22
C0064,2025-04-01,54846.65498504302,opportunistic,app,RU,,85
C0313,2025-01-20,20594.108455074376,regular,app,RU,,157
C0011,2025-01-02,16698.771549690584,regular,app,RU,100516.10043231638,175
C0135,2025-05-03,40990.340504432635,opportunistic,web,RU,38809.39999539269,16
C0210,2025-01-01,20047.670970621504,regular,app,RU,52418.57889047791,179
C0048,2025-03-17,2930.209426961231,regular,web,RU,24173.246782879014,104
C0294,2025-01-25,3426.547810933184,regular,app,RU,60366.5026649566,155
C0048,2025-04-21,26957.962297941758,regular,app,RU,24173.246782879014,69
C0151,2025-04-29,14967.543762445326,opportunistic,manager,BY,,38
C0031,2025-04-05,34734.47432398906,opportunistic,manager,RU,120459.5900263173,62
C0375,2025-05-08,16001.033530443423,regular,app,RU,131572.8404314726,52
C0057,2025-06-02,25879.914438460197,regular,app,BY,80745.46024762576,6
C0214,2025-04-21,1983801.8068072237,opportunistic,manager,RU,,48
C0052,2025-04-10,10582.815277714079,regular,web,KZ,36740.54430792383,80
C0112,2025-02-21,8530.158794830295,regular,web,KZ,55018.014532175854,113
C0109,2025-02-03,8225.59599253204,regular,app,RU,55839.111146692514,143
C0016,2025-05-30,9088.238128729081,regular,app,RU,73734.55681536577,25
C0213,2025-01-19,10907.14716429299,regular,app,RU,75577.42042288934,147
C0281,2025-02-11,11595.972367971093,regular,web,RU,27211.30833168933,134
C0145,2025-06-21,3369.6018245007717,regular,app,RU,54231.990145770134,8
C0076,2025-03-02,10354.000526086995,regular,app,BY,41841.634218175095,103
C0367,2025-06-25,47201.38902760435,opportunistic,web,RU,37862.35599077226,0
C0397,2025-02-13,32041.529581847935,opportunistic,web,RU,177843.39553446515,110
C0200,2025-05-11,6826.232935392017,regular,app,RU,198493.78958835345,44
C0023,2025-02-02,1867.5370946528622,new,app,RU,,113
C0043,2025-05-26,111097.4061834233,opportunistic,web,RU,30939.846612717953,0
C0048,2025-05-20,30838.24824226487,regular,app,RU,24173.246782879014,40
C0041,2025-04-12,7068.180237983856,regular,app,RU,102947.22534981728,78
C0109,2025-01-11,7510.598233325774,regular,app,RU,55839.111146692514,166
C0161,2025-01-16,7623.950877329005,regular,web,RU,74003.19392036954,164
C0241,2025-02-24,39717.44310319654,opportunistic,manager,AM,52764.7652847006,117
C0123,2025-06-29,27643.161936271896,regular,app,AM,48641.64046189509,0
C0290,2025-01-25,5716.506233660416,regular,app,RU,80189.09743512764,151
C0384,2025-02-27,7236.821079853071,regular,app,RU,166874.80517001377,119
C0200,2025-04-21,6864.109276969768,regular,manager,RU,198493.78958835345,64
C0210,2025-03-11,2007.143392974201,regular,app,RU,52418.57889047791,110
C0251,2025-05-17,116589.87340429313,opportunistic,manager,RU,59607.81016099394,23
C0314,2025-02-20,4718.160272389397,regular,app,BY,59242.379815333625,122
C0179,2025-02-26,4145.5497717713115,new,web,BY,108564.6915980085,102
C0332,2025-05-31,53531.32084529068,regular,app,KZ,96486.84621670823,28
C0071,2025-06-26,8776.909057983523,regular,web,RU,119602.86638084592,1
C0161,2025-06-23,37556.603118739884,regular,app,RU,74003.19392036954,6
C0006,2025-05-14,4459.875381039035,new,app,RU,68179.17681824998,27
C0044,2025-01-06,574945.832499055,regular,app,RU,82129.71014803136,174
C0285,2025-06-09,36311.5021558572,opportunistic,manager,RU,101891.5427450977,20
C0103,2025-03-29,11796.031424618437,regular,web,RU,41425.609103306146,90
C0074,2025-05-29,25648.434544489763,regular,app,RU,65236.56695866103,31
C0282,2025-06-17,12201.814224096128,regular,app,KZ,86261.33612057511,4
C0212,2025-03-24,64456.49922007625,opportunistic,manager,RU,103459.0031373886,90
C0274,2025-02-18,39479.17369132094,opportunistic,web,RU,,104
C0056,2025-04-06,74487.64277838598,opportunistic,manager,RU,79281.81808974489,43
C0259,2025-04-10,4178.204346911242,regular,app,KZ,54966.058792712574,78
C0017,2025-06-20,595787.58133374,opportunistic,manager,RU,103911.06431743408,4
C0134,2025-01-07,7579.472301958625,regular,app,RU,162091.34627439242,172
C0227,2025-03-01,21274.487509676386,regular,manager,RU,30240.76297199327,116
C0167,2025-02-22,50227.20219686551,opportunistic,manager,RU,77888.21217479996,112
C0171,2025-03-04,9731.825220051609,regular,web,RU,43719.95140581391,112
C0113,2025-04-12,4987.671666057208,regular,app,RU,,74
C0231,2025-03-19,20907.016176993508,regular,app,RU,97988.07583193238,102
C0327,2025-01-13,145424.35857209202,opportunistic,manager,KZ,37447.94211658653,166
C0254,2025-03-07,13496.144997724581,regular,app,RU,88298.5580564642,101
C0098,2025-03-21,8031.172025609111,regular,web,BY,91073.97819474443,98
C0124,2025-05-06,6666.550865673825,regular,web,RU,85459.18010301342,36
C0195,2025-01-24,6149.687421416555,regular,app,RU,17580.452648123697,137
C0166,2025-02-03,2459.6394065856834,regular,web,KZ,89867.6573767307,142
C0123,2025-06-21,4862.145304763789,regular,app,AM,48641.64046189509,8
C0393,2025-05-14,15572.886652594741,opportunistic,manager,RU,68405.75658258372,29
C0237,2025-01-09,7793.729674232323,regular,app,RU,76718.82517000394,147
C0378,2025-03-29,10517.101516761617,regular,manager,BY,93929.37563679303,91
C0109,2025-03-07,17711.030839425322,regular,app,RU,55839.111146692514,111
C0077,2025-03-05,3094.2650018111376,regular,web,RU,27604.60480859763,115
C0117,2025-04-04,31188.34412529549,opportunistic,manager,RU,44546.366596465356,23
C0311,2025-06-14,2064.7076818449996,regular,app,RU,18468.17377658533,13
C0212,2025-06-22,16276.40021574087,opportunistic,manager,RU,,0
C0385,2025-06-20,3026.589475756348,regular,web,RU,171261.59082559345,0
C0284,2025-04-07,22140.579551402356,regular,app,RU,16145.402480594568,76
C0283,2025-05-09,11241.45349332966,regular,app,AM,49637.64105345447,45
C0112,2025-06-14,18188.19068168036,regular,app,KZ,55018.014532175854,0
C0385,2025-05-27,6917.693744808904,regular,app,RU,171261.59082559345,24
C0307,2025-03-10,13634.965576495493,regular,app,KZ,111706.42563456245,108
C0216,2025-03-10,30041.401077880717,opportunistic,manager,RU,,92
C0113,2025-01-27,3903.2608874219227,regular,web,RU,22138.056114061816,149
C0203,2025-06-16,10606.147009137494,regular,app,RU,75319.67008401135,3
C0157,2025-01-06,1132310.124052805,regular,web,RU,75827.495673324,172
C0271,2025-02-01,11948.578429669284,regular,manager,RU,,139
C0209,2025-01-10,42328.81775059652,regular,web,RU,32709.208941189918,170
C0362,2025-03-24,12008.551177476791,regular,app,RU,87900.75427160058,88
C0399,2025-05-25,183214.90560645662,regular,app,RU,66589.02089418373,33
C0018,2025-03-04,27878.846790570347,regular,app,RU,53286.71637060531,103
C0008,2025-01-01,40970.04639316631,opportunistic,manager,RU,85191.94571132299,175
C0384,2025-04-16,9898.857574879627,regular,web,RU,166874.80517001377,71
C0145,2025-03-16,13346.16880568151,regular,app,RU,54231.990145770134,105
C0217,2025-02-02,29117.833103844205,regular,web,RU,133378.46522269418,139
C0189,2025-05-13,20801.156845848764,opportunistic,web,RU,73453.94322932605,45
C0337,2025-03-05,153350.94350594035,regular,app,RU,18875.011531273616,113
C0396,2025-06-13,12924.848708113681,regular,manager,KZ,63332.172912899565,11
C0144,2025-06-25,226638.39726244163,opportunistic,manager,RU,156466.14065595446,0
C0374,2025-05-08,15339.536434005138,regular,app,RU,84406.5338871581,52
C0126,2025-02-14,8241.37964914633,regular,manager,KZ,56188.76756509697,134
C0300,2025-05-21,84762.22257863918,opportunistic,web,RU,50842.772416125044,8
C0138,2025-06-16,7670.100066576132,regular,app,RU,,9
C0318,2025-02-14,46536.33290966728,opportunistic,app,RU,,122
C0199,2025-03-22,21525.75671564281,regular,app,RU,98019.14203306024,96
C0316,2025-05-09,11277.257668792823,regular,app,RU,57827.32199477627,49
C0072,2025-06-28,28009.680235413096,regular,web,RU,41559.708530966964,1
C0221,2025-01-14,4480.975575441712,regular,app,RU,100670.64887680218,163
C0109,2025-06-24,13743.553004260571,regular,app,RU,55839.111146692514,2
C0288,2025-01-28,5083.302184102491,regular,manager,KZ,32072.151687949587,146
C0323,2025-05-03,4443.926537245961,regular,manager,RU,58580.38170655148,47
C0119,2025-03-01,2749.155043035342,regular,app,RU,12958.52483784047,119
C0205,2025-06-02,15796.678367780869,regular,app,AM,33782.36257951558,24
C0124,2025-05-28,4653.615090982115,regular,app,RU,85459.18010301342,14
C0214,2025-02-13,1603350.6552228162,opportunistic,web,RU,24928.596248155605,115
C0341,2025-02-08,5154.296651296677,regular,app,RU,77297.95977305167,134
C0288,2025-03-26,21847.75437781061,regular,app,KZ,32072.151687949587,89
C0230,2025-01-08,10713.051685451936,regular,app,RU,32681.058632895285,172
C0255,2025-06-10,3237.105785757863,regular,app,AM,29087.88109205289,19
C0005,2025-01-01,27838.508636410326,regular,app,RU,18572.608441914028,178
C0217,2025-02-08,21306.508978655515,regular,web,RU,133378.46522269418,133
C0316,2025-02-26,6022.0804954911355,regular,app,RU,57827.32199477627,121
C0306,2025-02-24,10623.738118032188,regular,app,RU,57805.035774570744,118
C0247,2025-04-18,136648.00309421052,opportunistic,manager,RU,52949.92337999243,50
C0292,2025-03-05,8926.887759713944,regular,manager,RU,83374.99550448595,115
C0335,2025-03-22,29722.89281976544,regular,app,RU,62761.78101883521,61
C0150,2025-03-31,10992.40146696068,regular,app,RU,93958.54905131078,90
C0167,2025-04-09,39417.3141055571,opportunistic,web,RU,77888.21217479996,66
C0278,2025-05-15,25411.98722301926,regular,manager,RU,54814.63414542244,40
C0367,2025-03-31,36781.71047501075,opportunistic,manager,RU,37862.35599077226,86
C0300,2025-04-21,40554.09323452849,opportunistic,manager,RU,,38
C0362,2025-04-14,9032.455748010849,regular,app,RU,87900.75427160058,67
C0240,2025-06-16,6018.6691310468905,regular,app,RU,49345.468111258146,12
C0315,2025-05-08,6268.72503790949,regular,app,BY,122043.30752195237,44
C0098,2025-06-03,13547.152641283144,regular,web,BY,91073.97819474443,24
C0059,2025-02-15,6737.209424224203,regular,app,RU,54801.21350948494,129
C0209,2025-06-29,36314.52555866403,regular,app,RU,32709.208941189918,0
C0281,2025-01-31,16057.865561344952,regular,app,RU,27211.30833168933,145
C0131,2025-02-05,7817.994584242555,regular,manager,RU,95566.66157831959,144
C0061,2025-04-13,19094.688139294394,opportunistic,manager,RU,119011.13380630473,68
C0352,2025-02-11,3040.2267487354666,regular,manager,RU,,136
C0209,2025-06-11,23469.23007756836,regular,app,RU,32709.208941189918,18
C0188,2025-03-14,13787.101744113666,regular,app,RU,,105
C0339,2025-02-21,12870.219642620577,regular,web,RU,39831.465005485414,116
C0286,2025-04-30,20741.978701657583,regular,app,RU,76864.80399866072,58
C0018,2025-06-13,21723.854930965274,regular,manager,RU,53286.71637060531,2
C0156,2025-03-11,26703.964660481983,opportunistic,manager,RU,42006.254107436456,88
C0138,2025-02-10,4420.832697443874,regular,app,RU,59561.26986369458,135
C0053,2025-06-08,58419.849662402536,opportunistic,manager,RU,46172.709442249135,13
C0350,2025-01-04,16198.361182203991,regular,app,AM,72183.40831187136,173
C0129,2025-03-16,5887.699269579839,regular,app,RU,102226.20848008845,75
C0071,2025-06-27,8479.287935706892,regular,web,RU,119602.86638084592,0
C0350,2025-02-01,6569.37404763932,regular,app,AM,72183.40831187136,145
C0138,2025-06-17,4928.922345116134,regular,web,RU,59561.26986369458,8
C0172,2025-03-05,19795.645466802423,regular,web,RU,37505.97494683757,111
C0255,2025-02-09,33037.58836648931,regular,app,AM,29087.88109205289,140
C0225,2025-05-03,4714.520195365518,regular,app,RU,37463.80596379556,50
C0048,2025-05-15,8001.1075068078835,regular,web,RU,24173.246782879014,45
C0103,2025-04-01,33261.625232428065,regular,manager,RU,41425.609103306146,87
C0022,2025-01-05,9973.511671964568,regular,app,BY,104426.15742678501,171
C0134,2025-02-13,21771.376082003022,regular,app,RU,162091.34627439242,135
C0351,2025-02-05,8550.9757158603,opportunistic,web,KZ,101495.73572265125,123
C0175,2025-02-08,7604.0273565806665,regular,web,RU,63648.166022056794,141
C0373,2025-05-23,7037.1983865596785,regular,app,RU,94070.00566845604,36
C0084,2025-02-25,86516.12940365843,regular,manager,RU,38981.78972789811,95
C0273,2025-02-05,28073.438354533435,regular,app,RU,128912.01034395119,139
C0171,2025-01-01,4997.989698792503,regular,web,RU,43719.95140581391,174
C0113,2025-02-05,3419.0855836102246,regular,app,RU,22138.056114061816,140
C0266,2025-06-07,15264.396922409453,regular,app,AM,60126.4423558778,15
C0250,2025-06-28,12057.897761515116,regular,app,BY,56532.86206867094,0
C0140,2025-06-15,7416.965788260915,regular,app,AM,51875.679615003515,11
C0168,2025-06-10,81852.08478175901,opportunistic,manager,RU,202661.0821059138,0
C0183,2025-06-15,9256.397077414198,regular,app,BY,89467.91572353024,13
C0035,2025-05-21,34915.75435377609,regular,app,RU,,39
C0271,2025-03-28,7144.689175025994,regular,app,RU,41028.573339414696,84
C0248,2025-01-01,23810.88026285837,regular,web,RU,22805.090958222576,164
C0318,2025-02-04,10556.771657153013,opportunistic,manager,RU,,132
C0050,2025-01-06,273955.4984580593,regular,app,AM,47441.35558338082,170
C0105,2025-03-17,107207.86414932531,opportunistic,web,RU,120199.46527490248,96
C0221,2025-05-27,21594.254083182917,regular,app,RU,100670.64887680218,30
C0371,2025-02-15,18309.0591969929,opportunistic,manager,RU,39876.094229586975,93
C0364,2025-06-12,7244.710417351762,regular,manager,RU,40488.69823107142,15
C0302,2025-06-05,4275.363095278533,regular,web,KZ,150859.75994505777,20
C0186,2025-01-18,68381.08875049914,opportunistic,manager,RU,63742.758168336564,128
C0072,2025-06-06,2188.726583545804,regular,web,RU,41559.708530966964,23
C0048,2025-03-11,17437.56806403467,regular,web,RU,24173.246782879014,110
C0171,2025-06-18,36470.49229441426,regular,app,RU,43719.95140581391,6
C0207,2025-02-25,8183.420942001988,regular,app,BY,180180.49328698896,119
C0106,2025-03-30,28174.35687618185,opportunistic,manager,KZ,80950.43024024995,0
C0255,2025-01-01,7503.640914255211,regular,manager,AM,29087.88109205289,179
C0245,2025-05-17,34125.590913454915,opportunistic,manager,BY,160494.5632676289,42
C0334,2025-03-31,5022.05315381258,new,app,AM,37712.46084036547,8
C0112,2025-03-27,7716.941091187393,regular,app,KZ,55018.014532175854,79
C0074,2025-04-05,15985.993149561515,regular,app,RU,65236.56695866103,85
C0022,2025-01-19,8521.453438989834,regular,app,BY,104426.15742678501,157
C0268,2025-05-19,4409.462879611361,regular,app,KZ,36060.11248799635,34
C0094,2025-04-16,16896.59206378857,regular,app,RU,276155.8197288189,59
C0136,2025-06-21,5272.310987314465,regular,app,RU,40609.90938605977,2
C0399,2025-05-07,7318.313735579345,regular,app,RU,66589.02089418373,51
C0221,2025-02-02,19970.3848879555,regular,web,RU,100670.64887680218,144
C0313,2025-03-08,4563.163997181023,regular,app,RU,40001.1761448378,110
C0029,2025-05-22,6866.659787716791,regular,app,RU,56574.50740293192,35
C0199,2025-06-16,36960.9800824706,regular,manager,RU,98019.14203306024,10
C0068,2025-03-08,12806.428989746344,regular,manager,RU,207386.4605822518,111
C0369,2025-01-27,9199.016912347117,regular,app,RU,176635.3330683661,148
C0161,2025-01-26,15292.559230206445,regular,app,RU,74003.19392036954,154
C0220,2025-04-05,12659.819493016666,regular,app,RU,89109.60304575077,84
C0009,2025-03-19,34849.75516070298,regular,app,KZ,97350.63118258487,102
C0324,2025-03-11,3355.1907425243444,regular,app,RU,94477.46126382126,104
C0306,2025-05-26,18253.02754167159,regular,app,RU,57805.035774570744,27
C0153,2025-05-06,26873.122823567483,regular,app,RU,17732.54325367211,54
C0050,2025-03-26,12742.533516996207,regular,app,AM,47441.35558338082,91
C0059,2025-05-19,34185.5529421088,regular,manager,RU,54801.21350948494,36
C0029,2025-01-25,55841.151198282125,regular,web,RU,56574.50740293192,152
C0294,2025-03-15,12189.018369869224,regular,app,RU,60366.5026649566,106
C0348,2025-05-05,10926.768968097687,regular,app,RU,59681.71404088037,55
C0374,2025-06-17,4230.917540780515,regular,manager,RU,84406.5338871581,12
C0167,2025-01-26,51774.3153159382,opportunistic,web,RU,,139
C0324,2025-02-22,37635.19016046138,regular,app,RU,94477.46126382126,121
C0286,2025-04-21,12483.976953461817,regular,manager,RU,76864.80399866072,67
C0294,2025-01-15,4046.123620702692,regular,app,RU,60366.5026649566,165
C0106,2025-02-21,24758.559939987863,opportunistic,web,KZ,80950.43024024995,37
C0109,2025-01-09,8186.949578073383,regular,app,RU,55839.111146692514,168
C0045,2025-05-24,33940.04806929199,opportunistic,app,RU,,31
C0259,2025-06-27,6050.181779924051,regular,manager,KZ,54966.058792712574,0
C0097,2025-06-14,134202.43256646927,regular,app,AM,69587.21229131967,11
C0362,2025-01-17,13373.158247295618,regular,app,RU,87900.75427160058,154
C0350,2025-05-08,3664.064030345514,regular,app,AM,72183.40831187136,49
C0399,2025-05-12,25768.20112108718,regular,app,RU,66589.02089418373,46
C0282,2025-05-02,6236.507364050072,regular,app,KZ,86261.33612057511,50
C0288,2025-04-17,8445.004928508937,regular,app,KZ,32072.151687949587,67
C0325,2025-06-22,76957.8638535136,opportunistic,app,RU,,0
C0006,2025-02-26,875.8779776015947,new,web,RU,68179.17681824998,104
C0093,2025-02-22,14571.470581458816,regular,app,RU,66402.26752134197,123
C0192,2025-04-15,5317.964624241296,regular,app,RU,131448.77247629315,68
C0282,2025-03-25,16083.280944706315,regular,app,KZ,86261.33612057511,88
C0150,2025-02-13,5558.078209680223,regular,app,RU,93958.54905131078,136
C0268,2025-05-28,10630.047159381675,regular,app,KZ,36060.11248799635,25
C0119,2025-01-21,337857.81411712867,regular,manager,RU,12958.52483784047,158
C0123,2025-03-02,21003.614925702383,regular,web,AM,48641.64046189509,119
C0033,2025-01-05,19463.394527967408,regular,app,RU,63702.184586940755,173
C0397,2025-01-15,38526.47660337913,opportunistic,web,RU,,139
C0175,2025-02-16,12057.8165084718,regular,app,RU,63648.166022056794,133
C0041,2025-06-11,11155.153414912982,regular,app,RU,,18
C0124,2025-01-20,10036.437921270279,regular,app,RU,85459.18010301342,142
C0355,2025-01-14,5256.959631362974,regular,web,RU,114801.5160405255,157
C0258,2025-05-15,17480.46637645514,regular,web,BY,72735.01488396972,45
C0374,2025-06-29,9952.294647844932,regular,manager,RU,84406.5338871581,0
C0269,2025-01-28,7910.7440278867325,regular,app,BY,91399.24908804016,143
C0303,2025-03-24,22733.052525508978,regular,app,RU,51412.557388166,80
C0150,2025-01-12,11262.755024461463,regular,app,RU,93958.54905131078,168
C0109,2025-06-23,23467.160212895433,regular,app,RU,55839.111146692514,3
C0294,2025-02-09,44342.07446369523,regular,web,RU,60366.5026649566,140
C0392,2025-05-20,48018.34683189213,regular,web,RU,82318.01174628778,30
C0201,2025-02-14,58179.277955907346,opportunistic,web,RU,,126
C0366,2025-05-28,11363.155255977235,regular,app,RU,56128.80472027171,27
C0250,2025-03-04,8737.715092303803,regular,app,BY,56532.86206867094,116
C0091,2025-06-01,11763.981774260254,regular,app,RU,118790.6932272385,10
C0362,2025-02-13,21033.718411682014,regular,app,RU,87900.75427160058,127
C0148,2025-06-10,5710.633619332805,regular,web,RU,84862.16854841373,13
C0153,2025-04-18,26010.85718408186,regular,web,RU,17732.54325367211,72
C0068,2025-04-19,11411.252024443862,regular,app,RU,207386.4605822518,69
C0313,2025-02-16,13065.280468595885,regular,manager,RU,40001.1761448378,130
C0169,2025-06-13,23001.625317196063,regular,web,RU,63076.16263509317,16
C0173,2025-03-23,90951.63617301027,regular,app,RU,33374.269800263144,94
C0112,2025-06-03,13070.410264567023,regular,app,KZ,55018.014532175854,11
C0331,2025-05-02,41066.20530531397,opportunistic,manager,RU,28003.565733441188,54
C0315,2025-04-18,13582.038762462882,regular,app,BY,122043.30752195237,64
C0240,2025-06-20,7689.174513155407,regular,app,RU,,8
C0225,2025-01-26,5167.4375205080005,regular,app,RU,37463.80596379556,147
C0010,2025-01-05,3720.523584249101,regular,manager,RU,71398.54626114802,172
C0249,2025-03-19,14209.37387684008,regular,app,RU,55783.52272481387,102
C0011,2025-03-01,13802.28789841076,regular,app,RU,100516.10043231638,117
C0379,2025-06-06,25737.605137321392,regular,app,AM,79812.48895604689,22
C0086,2025-02-16,280192.39985125785,regular,app,RU,52897.26789986734,127
C0173,2025-05-20,12211.81688018636,regular,web,RU,33374.269800263144,36
C0396,2025-01-26,2900.162395155956,regular,app,KZ,63332.172912899565,149
C0074,2025-06-29,23611.685884067447,regular,app,RU,65236.56695866103,0
C0303,2025-06-01,5391.228600399019,regular,manager,RU,51412.557388166,11
C0140,2025-01-25,12026.633480358816,regular,app,AM,51875.679615003515,152
C0029,2025-03-23,7140.288393716863,regular,app,RU,56574.50740293192,95
C0109,2025-05-20,5113.055967687338,regular,app,RU,55839.111146692514,37
C0002,2025-03-19,5512.425580941151,regular,app,RU,88283.04157880397,91
C0217,2025-01-18,5953.684521152435,regular,app,RU,,154
C0161,2025-01-24,28577.53781356604,regular,app,RU,74003.19392036954,156
C0112,2025-01-18,10430.693071988304,regular,app,KZ,55018.014532175854,147
C0281,2025-03-08,15616.671148731475,regular,app,RU,27211.30833168933,109
C0118,2025-06-29,29534.53897435194,opportunistic,manager,RU,28958.617270561706,0
C0059,2025-05-10,7118.044260778613,regular,web,RU,,45
C0008,2025-02-16,58991.093107887355,opportunistic,web,RU,85191.94571132299,129
C0362,2025-03-31,10622.255960142986,regular,web,RU,87900.75427160058,81
C0316,2025-06-15,16676.650550174636,regular,app,RU,57827.32199477627,12
C0169,2025-03-28,10716.174211729796,regular,app,RU,63076.16263509317,93
C0278,2025-03-06,28842.113522084725,regular,app,RU,54814.63414542244,110
C0327,2025-05-25,78664.65039326713,opportunistic,manager,KZ,37447.94211658653,34
C0153,2025-01-09,3613.5364835754417,regular,web,RU,17732.54325367211,171
C0172,2025-03-25,7863.182241965178,regular,app,RU,37505.97494683757,91
C0317,2025-01-03,17882.814390204647,regular,app,RU,37535.87622140273,171
C0028,2025-02-23,7046.051429356916,regular,app,RU,99926.3451265315,98
C0034,2025-02-27,31881.61722065116,regular,app,BY,139312.1307018514,122
C0380,2025-01-22,38591.56130782404,opportunistic,manager,RU,24810.292808637114,82
C0243,2025-06-24,22187.091321481723,regular,app,RU,37334.670245607726,2
C0348,2025-03-21,16542.190358135613,regular,web,RU,59681.71404088037,100
C0205,2025-03-02,3330.5939126689036,regular,app,AM,33782.36257951558,116
C0011,2025-06-26,3341.8720112066735,regular,app,RU,100516.10043231638,0
C0254,2025-01-14,7047.190331368458,regular,app,RU,88298.5580564642,153
C0200,2025-05-16,15662.560622893932,regular,web,RU,198493.78958835345,39
C0076,2025-01-06,4452.180824821913,regular,app,BY,41841.634218175095,158
C0392,2025-05-31,14501.274047597148,regular,web,RU,82318.01174628778,19
C0195,2025-02-12,9577.571198594806,regular,app,RU,17580.452648123697,118
C0311,2025-06-22,6800.988036888401,regular,web,RU,18468.17377658533,5
C0193,2025-05-05,9899.497946428513,regular,app,RU,57590.64763962595,47
C0090,2025-04-18,6265.194833938028,regular,web,RU,54907.642961464815,65
C0310,2025-06-18,4735.576412251837,regular,web,RU,43030.78274384195,11
C0086,2025-04-08,5135.823889944115,regular,web,RU,52897.26789986734,76
C0043,2025-01-31,49000.54448351957,opportunistic,manager,RU,30939.846612717953,115
C0272,2025-01-29,17214.55519149182,regular,app,RU,72952.79470233107,119
C0097,2025-03-28,11580.041313842317,regular,web,AM,69587.21229131967,89
C0385,2025-06-11,184924.38115014823,regular,app,RU,171261.59082559345,9
C0030,2025-01-05,53584.97425287362,opportunistic,manager,AM,73775.68944954776,171
C0376,2025-03-14,14292.631717326838,regular,web,RU,93850.10197362199,102
C0150,2025-05-08,34752.997479292266,regular,manager,RU,93958.54905131078,52
C0111,2025-03-04,5179.104761162299,regular,app,RU,24166.59661985463,116
C0399,2025-05-03,13107.577400438484,regular,web,RU,66589.02089418373,55
C0107,2025-01-21,9225.285385497491,regular,app,RU,56532.060379392606,159
C0136,2025-05-11,11571.107708530455,regular,app,RU,40609.90938605977,43
C0357,2025-03-22,44632.051507585165,opportunistic,manager,RU,37746.851199622164,96
C0046,2025-04-07,25294.73657804456,opportunistic,app,RU,85912.39546387289,80
C0259,2025-02-16,32533.077937462047,regular,web,KZ,54966.058792712574,131
C0324,2025-01-29,9684.961875156967,regular,app,RU,94477.46126382126,145
C0005,2025-06-23,4674.180214676101,regular,app,RU,,5
C0269,2025-04-07,6567.892266653603,regular,app,BY,,74
C0105,2025-03-12,95349.15805193619,opportunistic,manager,RU,,101
C0277,2025-06-12,18414.31156600829,regular,app,RU,40282.29405287731,10
C0398,2025-04-27,12139.425228216987,regular,app,RU,108208.7305003528,57
C0372,2025-05-14,18563.884648636253,regular,app,BY,105901.06925376512,46
C0039,2025-01-31,7409.189477686423,regular,app,RU,40600.123215367676,146
C0123,2025-03-30,145552.16388180826,regular,app,AM,48641.64046189509,91
C0266,2025-05-08,3564.2512669528182,regular,app,AM,60126.4423558778,45
C0272,2025-03-07,10549.482502209361,regular,app,RU,72952.79470233107,82
C0028,2025-04-06,2365.3711330228502,regular,app,RU,99926.3451265315,56
C0153,2025-05-26,76615.16788747502,regular,web,RU,17732.54325367211,34
C0324,2025-06-17,7815.508499891917,regular,app,RU,94477.46126382126,6
C0321,2025-06-06,16241.164285180252,new,app,RU,40102.093296631676,0
C0288,2025-06-17,11715.701500410132,regular,app,KZ,32072.151687949587,6
C0044,2025-03-18,2371.786634982701,regular,web,RU,82129.71014803136,103
C0009,2025-05-19,3195.389845025916,regular,web,KZ,97350.63118258487,41
C0200,2025-02-06,11910.405015088172,regular,web,RU,198493.78958835345,138
C0040,2025-03-02,13432.150684546015,opportunistic,web,RU,54344.072314952726,5
C0158,2025-03-03,34321.36175229319,opportunistic,app,AM,59959.54453274451,109
C0356,2025-06-17,21644.152641531124,regular,web,RU,127166.025780776,11
C0085,2025-04-23,6697.031141843106,regular,manager,RU,80116.70385635352,62
C0398,2025-06-23,27040.60224593324,regular,web,RU,108208.7305003528,0
C0301,2025-02-08,68371.13144511155,opportunistic,web,RU,,132
C0108,2025-01-26,4488.460383708912,regular,manager,RU,84938.35767995643,149
C0344,2025-05-06,16410.183256382654,opportunistic,manager,RU,35748.20255231404,4
C0114,2025-03-16,84958.56882560105,opportunistic,web,RU,29077.40070521304,71
C0186,2025-01-03,52529.964247205105,opportunistic,manager,RU,63742.758168336564,143
C0002,2025-06-18,8301.80457123751,regular,app,RU,88283.04157880397,0
C0119,2025-03-03,11975.416606804265,regular,app,RU,12958.52483784047,117
C0314,2025-02-28,486640.07832888374,regular,app,BY,59242.379815333625,114
C0330,2025-06-06,17179.199937876634,regular,app,RU,33903.04091126527,21
C0148,2025-06-15,3090.7220326981856,regular,app,RU,,8
C0005,2025-05-19,2871.714510894201,regular,app,RU,18572.608441914028,40
C0393,2025-01-10,20071.237074221957,opportunistic,manager,RU,68405.75658258372,153
C0083,2025-02-20,7718.544433628187,opportunistic,app,RU,,129
C0283,2025-03-21,11157.764844018428,regular,manager,AM,49637.64105345447,94
C0391,2025-04-25,47554.990873008406,opportunistic,manager,RU,,52
C0173,2025-01-15,15216.739539687393,regular,app,RU,33374.269800263144,161
C0199,2025-06-01,10273.695271331877,regular,web,RU,98019.14203306024,25
C0210,2025-04-26,4086.2424567760318,regular,app,RU,52418.57889047791,64
C0286,2025-02-28,5286.19408696971,regular,app,RU,76864.80399866072,119
C0217,2025-02-28,6308.547941595073,regular,app,RU,133378.46522269418,113
C0380,2025-03-27,20845.96265038571,opportunistic,manager,RU,24810.292808637114,18
C0175,2025-05-22,5018.871331619176,regular,app,RU,63648.166022056794,38
C0171,2025-05-24,15271.761663030784,regular,manager,RU,43719.95140581391,31
C0087,2025-03-24,2405365.301392784,opportunistic,app,RU,56590.69713318657,82
C0253,2025-01-20,11917.592476879974,regular,web,RU,91013.09064201491,149
C0287,2025-06-03,235352.06929679844,regular,web,KZ,44683.913853316626,16
C0134,2025-01-26,5651.887319636733,regular,manager,RU,162091.34627439242,153
C0243,2025-03-20,9021.560552866546,regular,app,RU,37334.670245607726,98
C0339,2025-01-02,12263.352767634582,regular,app,RU,39831.465005485414,166
C0196,2025-03-11,6604.9840390923455,regular,web,RU,35031.704974799344,107
C0302,2025-03-17,26073.32980189693,regular,app,KZ,150859.75994505777,100
C0173,2025-03-15,11422.58514103051,regular,app,RU,33374.269800263144,102
C0107,2025-01-26,15985.80794223962,regular,app,RU,56532.060379392606,154
C0031,2025-05-01,86955.04306029664,opportunistic,manager,RU,,36
C0352,2025-01-12,1513.5355751671134,regular,web,RU,103141.23639450001,166
C0022,2025-02-28,12995.082729396743,regular,app,BY,104426.15742678501,117
C0270,2025-05-03,16325.628235399963,regular,app,RU,78878.98685669352,37
C0196,2025-04-15,3691.3595192931866,regular,web,RU,35031.704974799344,72
C0375,2025-06-29,6989.255536355089,regular,web,RU,,0
C0344,2025-05-09,132190.96154965632,opportunistic,manager,RU,35748.20255231404,1
C0047,2025-02-12,30270.214914128206,regular,app,KZ,61568.2960255891,121
C0275,2025-05-21,61099.34141695735,opportunistic,app,RU,26092.952637370763,9
C0372,2025-02-12,7441.880563323308,regular,manager,BY,105901.06925376512,137
C0268,2025-04-09,4305.580559378649,regular,app,KZ,36060.11248799635,74
C0277,2025-02-06,5972.241970859898,regular,app,RU,40282.29405287731,136
C0376,2025-04-06,5386.935495202728,regular,app,RU,93850.10197362199,79
C0387,2025-04-11,93615.95010708785,opportunistic,manager,KZ,76142.91997429843,24
C0005,2025-04-20,12125.043186086998,regular,app,RU,18572.608441914028,69
C0097,2025-04-18,9585.114053169213,regular,app,AM,69587.21229131967,68
C0309,2025-05-14,5642.07613800775,regular,app,RU,41995.26799765813,31
C0153,2025-02-13,1260.518763053097,regular,app,RU,17732.54325367211,136
C0398,2025-06-21,19682.48754031907,regular,app,RU,108208.7305003528,2
C0134,2025-06-28,35835.84614272085,regular,app,RU,162091.34627439242,0
C0400,2025-03-06,5119.777856408428,regular,app,RU,75874.27858611445,106
C0233,2025-01-06,10305.963272095465,new,manager,AM,47207.72196915643,169
C0389,2025-01-31,6056.25720523211,regular,app,RU,66611.28251620958,148
C0358,2025-06-10,81604.79973927354,opportunistic,app,RU,23791.66352877686,4
C0089,2025-03-06,16763.331081299653,regular,web,BY,93017.61049185187,99
C0238,2025-01-28,49839.56024801499,opportunistic,web,RU,47060.23878059438,140
C0264,2025-03-06,14429.572466705375,regular,app,RU,53382.85082631906,113
C0331,2025-06-25,39923.81672233926,opportunistic,web,RU,28003.565733441188,0
C0249,2025-05-05,17530.824700542194,regular,web,RU,55783.52272481387,55
C0153,2025-02-24,14340.170111958692,regular,web,RU,17732.54325367211,125
C0094,2025-01-07,5943.0036303173565,regular,app,RU,276155.8197288189,158
C0230,2025-01-21,4258.652368495181,regular,app,RU,32681.058632895285,159
C0161,2025-06-17,11133.590149454816,regular,app,RU,74003.19392036954,12
C0131,2025-06-26,9824.893961756445,regular,web,RU,95566.66157831959,3
C0249,2025-04-15,19201.441287399117,regular,app,RU,55783.52272481387,75
C0379,2025-02-15,13299.697693644903,regular,manager,AM,79812.48895604689,133
C0089,2025-04-01,21061.129989745583,regular,app,BY,93017.61049185187,73
C0217,2025-04-11,24157.347550398797,regular,app,RU,133378.46522269418,71
C0333,2025-05-06,50975.49015004596,opportunistic,manager,RU,,38
C0128,2025-03-17,15820.747434961402,regular,app,RU,63110.63911316603,104
C0115,2025-01-24,20298.644644914573,regular,web,RU,140101.75043049947,146
C0275,2025-02-03,39105.33633300374,opportunistic,manager,RU,,116
C0112,2025-01-15,7116.867810696214,regular,app,KZ,55018.014532175854,150
C0243,2025-06-26,16857.551980752796,regular,manager,RU,37334.670245607726,0
C0123,2025-03-13,14269.845359564995,regular,app,AM,48641.64046189509,108
C0399,2025-05-31,17899.08833713538,regular,web,RU,66589.02089418373,27
C0126,2025-01-11,15413.381429463372,regular,manager,KZ,56188.76756509697,168
C0026,2025-02-25,3978.442941032538,regular,app,KZ,18333.974251046504,111
C0339,2025-05-03,6360.0842885354405,regular,web,RU,39831.465005485414,45
C0210,2025-02-01,9732.60495127973,regular,manager,RU,52418.57889047791,148
C0131,2025-05-28,6708.314207115918,regular,app,RU,95566.66157831959,32
C0302,2025-02-10,9782.769458412024,regular,web,KZ,150859.75994505777,135
C0213,2025-01-21,32486.03604561287,regular,web,RU,75577.42042288934,145
C0079,2025-02-15,11981.560957040978,opportunistic,manager,RU,35790.53449527416,130
C0278,2025-03-09,4759.446702589449,regular,app,RU,54814.63414542244,107
C0363,2025-04-25,27611.5085022616,regular,app,RU,,48
C0213,2025-02-10,12826.694632897337,regular,app,RU,75577.42042288934,125
C0108,2025-02-23,11337.775410945767,regular,app,RU,84938.35767995643,121
C0230,2025-03-14,11776.034700628916,regular,app,RU,32681.058632895285,107
C0281,2025-02-08,20214.048210297966,regular,web,RU,27211.30833168933,137
C0157,2025-03-25,27853.708912828268,regular,web,RU,75827.495673324,94
C0314,2025-01-25,18453.171660423875,regular,web,BY,59242.379815333625,148
C0331,2025-03-14,100020.03218332677,opportunistic,manager,RU,28003.565733441188,103
C0128,2025-03-30,10876.46895222502,regular,manager,RU,63110.63911316603,91
C0231,2025-06-22,16157.606293131366,regular,app,RU,97988.07583193238,7
C0016,2025-05-14,12513.078511952823,regular,web,RU,73734.55681536577,41
C0082,2025-04-16,7840.597413705646,regular,app,RU,192043.49068353276,54
C0059,2025-04-25,16621.459773453338,regular,app,RU,54801.21350948494,60
C0176,2025-02-07,8030.507065817602,regular,app,RU,79527.83146299052,135
C0277,2025-02-20,19717.9059771507,regular,app,RU,40282.29405287731,122
C0027,2025-01-23,5308.936287117318,regular,web,RU,45567.70668624445,139
C0125,2025-04-12,4442.254654324967,regular,app,RU,28042.399336962837,64
C0060,2025-05-12,19150.211315057546,regular,web,AM,29369.97581505382,47
C0232,2025-01-09,11432.453340945029,regular,app,RU,75576.78867544084,171
C0399,2025-06-27,29770.647670639926,regular,app,RU,66589.02089418373,0
C0379,2025-06-15,42260.28352038676,regular,app,AM,79812.48895604689,13
C0241,2025-06-21,8546.391109030688,opportunistic,manager,AM,52764.7652847006,0
C0195,2025-05-31,22446.054149180953,regular,app,RU,17580.452648123697,10
C0038,2025-05-28,14834.464600866962,regular,manager,AM,29310.61212769585,7
C0398,2025-06-17,16892.0494747788,regular,web,RU,108208.7305003528,6
C0375,2025-05-19,44638.524311116955,regular,web,RU,131572.8404314726,41
C0230,2025-06-29,26018.177129637854,regular,app,RU,32681.058632895285,0
C0399,2025-02-25,31362.774798911614,regular,app,RU,,122
C0009,2025-03-08,8387.41381674065,regular,web,KZ,97350.63118258487,113
C0218,2025-06-02,5340.597217971976,regular,app,AM,46855.648918213476,27
C0294,2025-05-06,3882.0304776275516,regular,web,RU,60366.5026649566,54
C0126,2025-06-02,7393.6186410402615,regular,app,KZ,,26
C0136,2025-03-10,7962.094416815746,regular,app,RU,40609.90938605977,105
C0176,2025-04-19,5151.754001136932,regular,web,RU,79527.83146299052,64
C0009,2025-03-26,11577.01794037775,regular,app,KZ,97350.63118258487,95
C0109,2025-02-04,9573.346592085223,regular,app,RU,55839.111146692514,142
C0121,2025-01-26,21414.347065356476,opportunistic,manager,BY,250503.52136061847,127
C0011,2025-02-18,7561.424845087448,regular,app,RU,100516.10043231638,128
C0017,2025-05-01,22829.40036180473,opportunistic,web,RU,103911.06431743408,54
C0309,2025-03-26,14464.824774010012,regular,web,RU,41995.26799765813,80
C0290,2025-03-26,3789.778737026228,regular,manager,RU,80189.09743512764,91
C0241,2025-05-20,47760.61431162503,opportunistic,app,AM,52764.7652847006,32
C0045,2025-05-04,52870.85387275817,opportunistic,app,RU,,51
C0269,2025-03-19,18261.649534486445,regular,app,BY,91399.24908804016,93
C0259,2025-04-07,8311.017844371067,regular,web,KZ,54966.058792712574,81
C0283,2025-02-23,9628.761298487612,regular,app,AM,49637.64105345447,120
C0364,2025-06-27,4313.771841845037,regular,app,RU,,0
C0261,2025-03-12,10216.508039602328,regular,app,RU,92817.5689867,109
C0271,2025-04-02,9579.554919589364,regular,web,RU,41028.573339414696,79
C0302,2025-04-06,9368.335086859966,regular,app,KZ,150859.75994505777,80
C0250,2025-04-16,25477.598476555555,regular,app,BY,56532.86206867094,73
C0038,2025-01-20,15276.258805137819,regular,web,AM,29310.61212769585,135
C0204,2025-03-24,5879.073521872718,regular,manager,RU,160510.37828520167,94
C0363,2025-06-02,4521.188303649445,regular,app,RU,53936.128335688154,10
C0068,2025-02-09,1372765.32991721,regular,app,RU,207386.4605822518,138
C0372,2025-03-06,17536.69489948952,regular,web,BY,,115
C0163,2025-05-17,6023.085759625068,regular,app,RU,97613.13102034428,43
C0399,2025-05-15,34497.10757106838,regular,web,RU,66589.02089418373,43
C0210,2025-04-15,18979.484698083314,regular,app,RU,52418.57889047791,75
C0399,2025-04-10,17991.11357413942,regular,app,RU,66589.02089418373,78
C0077,2025-02-15,14572.76931263688,regular,app,RU,27604.60480859763,133
C0051,2025-02-10,11384.450541906746,regular,app,AM,49333.31383761302,138
C0052,2025-04-28,13479.847680967468,regular,web,KZ,36740.54430792383,62
C0266,2025-02-25,17212.52150561432,regular,web,AM,60126.4423558778,117
C0002,2025-02-02,5956.426112190339,regular,app,RU,88283.04157880397,136
C0140,2025-03-01,10592.10304445355,regular,app,AM,51875.679615003515,117
C0057,2025-01-13,17348.427320766128,regular,app,BY,80745.46024762576,146
C0063,2025-05-17,45217.39511962619,opportunistic,manager,RU,122152.53681698047,42
C0369,2025-06-09,9554.49692800886,regular,app,RU,176635.3330683661,15
C0240,2025-06-28,8803.633905329767,regular,app,RU,49345.468111258146,0
C0217,2025-05-10,6346.766978937238,regular,manager,RU,133378.46522269418,42
C0071,2025-06-10,1595.3431444271564,regular,app,RU,119602.86638084592,17
C0144,2025-03-28,26514.488151120448,opportunistic,app,RU,156466.14065595446,89
C0158,2025-01-23,27548.959936187952,opportunistic,web,AM,59959.54453274451,148
C0351,2025-06-03,69986.13359930682,opportunistic,manager,KZ,,5
C0322,2025-06-01,16877.290825261956,regular,app,RU,89967.3339755547,11
C0266,2025-04-28,20096.36976208765,regular,manager,AM,60126.4423558778,55
C0236,2025-06-14,37717.19167893368,opportunistic,manager,RU,,0
C0399,2025-05-30,8601.50805570556,regular,web,RU,66589.02089418373,28
C0092,2025-02-03,9449.325445251992,opportunistic,manager,RU,,146
C0065,2025-05-14,89430.34536492328,opportunistic,web,RU,61566.57313890205,45
C0375,2025-05-10,21537.47860689814,regular,app,RU,131572.8404314726,50
C0193,2025-05-02,2598.07200376724,regular,web,RU,57590.64763962595,50
C0356,2025-06-02,14894.207099244615,regular,app,RU,127166.025780776,26
C0103,2025-06-01,10473.962172558293,regular,manager,RU,41425.609103306146,26
C0313,2025-02-19,15886.460356896268,regular,web,RU,40001.1761448378,127
C0018,2025-01-12,5308.080043722133,regular,app,RU,53286.71637060531,154
C0084,2025-04-29,14233.441343345634,regular,app,RU,38981.78972789811,32
C0288,2025-02-28,1260.8343274408667,regular,app,KZ,32072.151687949587,115
C0088,2025-04-08,10300.92864041783,regular,manager,RU,73271.65445707022,77
C0239,2025-03-22,9195.899149802986,regular,manager,RU,85744.30607535798,95
C0375,2025-01-04,31102.728034997777,regular,app,RU,131572.8404314726,176
C0248,2025-05-29,12294.978699782387,regular,web,RU,22805.090958222576,16
C0048,2025-05-01,4561.433669717189,regular,app,RU,24173.246782879014,59
C0310,2025-02-01,3172.273996401548,regular,web,RU,43030.78274384195,148
C0123,2025-01-18,20539.27130808435,regular,app,AM,48641.64046189509,162
C0099,2025-06-13,6195.459176847678,regular,app,BY,64136.52177165041,16
C0269,2025-06-19,15762.13838299457,regular,web,BY,91399.24908804016,1
C0027,2025-01-25,5719.400449003194,regular,web,RU,45567.70668624445,137
C0094,2025-05-27,23516.091578666717,regular,app,RU,276155.8197288189,18
C0248,2025-04-27,25908.282275575657,regular,web,RU,22805.090958222576,48
C0276,2025-03-25,13831.33855833373,regular,app,RU,65535.05343619635,94
C0150,2025-03-05,3661.851967293296,regular,web,RU,93958.54905131078,116
C0124,2025-01-30,5615.488103733101,regular,web,RU,85459.18010301342,132
C0314,2025-04-07,25321.25617153777,regular,app,BY,59242.379815333625,76
C0026,2025-01-28,4627.5174384354805,regular,app,KZ,18333.974251046504,139
C0085,2025-04-18,7738.922247630399,regular,app,RU,80116.70385635352,67
C0042,2025-03-05,20250.355708002666,opportunistic,app,AM,170488.54814437334,59
C0186,2025-05-17,54279.00132090122,opportunistic,manager,RU,,9
C0199,2025-03-27,4331.459901853409,regular,app,RU,98019.14203306024,91
C0372,2025-02-28,45413.46896141509,regular,app,BY,105901.06925376512,121
C0005,2025-02-17,19531.76326567417,regular,web,RU,18572.608441914028,131
C0227,2025-02-15,12244.020876240857,regular,app,RU,30240.76297199327,130
C0290,2025-03-04,8101.210159196293,regular,app,RU,80189.09743512764,113
C0125,2025-06-15,7867.850198482428,regular,app,RU,28042.399336962837,0
C0359,2025-02-26,8332.182138676939,regular,app,RU,69875.41513535524,123
C0277,2025-05-19,21026.03098154781,regular,manager,RU,40282.29405287731,34
C0167,2025-06-05,24360.37923478415,opportunistic,manager,RU,77888.21217479996,9
C0078,2025-04-17,30230.31679958112,opportunistic,manager,RU,21159.814305575637,0
C0173,2025-03-29,4075.571062224347,regular,app,RU,33374.269800263144,88
C0192,2025-02-08,7273.4918436272055,regular,manager,RU,131448.77247629315,134
C0188,2025-06-27,9796.56470305433,regular,app,RU,40342.7858121426,0
C0231,2025-01-25,23151.419512147564,regular,web,RU,97988.07583193238,155
C0304,2025-01-22,10537.119721753215,regular,app,AM,,156
C0127,2025-02-06,4696.433393820604,regular,app,RU,69892.42897742578,143
C0175,2025-06-04,19385.733778249563,regular,app,RU,63648.166022056794,25
C0141,2025-04-10,24334.64981159303,regular,web,RU,147307.13899357288,73
C0091,2025-05-31,14077.346523837288,regular,manager,RU,118790.6932272385,11
C0237,2025-03-07,27457.01815204712,regular,app,RU,76718.82517000394,90
C0172,2025-06-24,1867.7830645919926,regular,app,RU,37505.97494683757,0
C0309,2025-04-15,15942.617587892597,regular,web,RU,41995.26799765813,60
C0267,2025-04-29,14314.47536498087,regular,app,BY,165601.26935907674,57
C0161,2025-04-26,17018.746501359463,regular,app,RU,74003.19392036954,64
C0237,2025-04-06,5267.539482159238,regular,app,RU,76718.82517000394,60
C0029,2025-01-27,9925.803087096796,regular,app,RU,56574.50740293192,150
C0384,2025-04-30,18163.112038153573,regular,web,RU,166874.80517001377,57
C0051,2025-04-04,9979.9934338461,regular,web,AM,49333.31383761302,85
C0381,2025-04-03,58354.34816089247,opportunistic,manager,RU,69285.54604021527,79
C0005,2025-05-31,8831.151584430172,regular,manager,RU,18572.608441914028,28
C0175,2025-04-14,8715.376949413578,regular,web,RU,63648.166022056794,76
C0373,2025-04-25,7612.088864719952,regular,web,RU,94070.00566845604,64
C0106,2025-01-28,11195.759857896233,opportunistic,manager,KZ,80950.43024024995,61
C0276,2025-05-10,42126.77025755462,regular,manager,RU,65535.05343619635,48
C0219,2025-01-02,4579.558091793716,new,app,RU,46623.57503810979,112
C0355,2025-05-17,10799.772562404232,regular,app,RU,114801.5160405255,34
C0398,2025-05-09,13118.105868377399,regular,web,RU,108208.7305003528,45
C0069,2025-04-07,11586.335503791448,regular,app,RU,,72
C0113,2025-06-20,15039.774727556942,regular,manager,RU,22138.056114061816,5
C0090,2025-04-02,15006.599612681499,regular,web,RU,54907.642961464815,81
C0153,2025-02-12,13213.569362869039,regular,app,RU,17732.54325367211,137
C0281,2025-03-19,20541.12627771225,regular,manager,RU,27211.30833168933,98
C0304,2025-06-22,12658.450469466996,regular,app,AM,52384.94132499481,5
C0123,2025-05-12,23292.438006512453,regular,app,AM,48641.64046189509,48
C0161,2025-05-15,15948.341288082413,regular,app,RU,74003.19392036954,45
C0038,2025-02-23,5928.902784517437,regular,app,AM,29310.61212769585,101
C0005,2025-04-26,14142.345094033122,regular,web,RU,18572.608441914028,63
C0100,2025-04-09,6152.4484626192125,new,app,BY,60251.083244896654,0
C0220,2025-01-15,299699.3897050193,regular,app,RU,89109.60304575077,164
C0359,2025-01-02,12404.47367593498,regular,app,RU,69875.41513535524,178
C0281,2025-06-25,9272.738320409217,regular,app,RU,27211.30833168933,0
C0164,2025-06-02,6861.214713814309,regular,app,RU,95269.62263734348,25
C0028,2025-03-10,16609.695057870067,regular,web,RU,99926.3451265315,83
C0294,2025-06-03,2361.4411381737036,regular,app,RU,60366.5026649566,26
C0355,2025-03-23,7469.641880754811,regular,app,RU,114801.5160405255,89
C0026,2025-06-16,21381.03250594546,regular,app,KZ,18333.974251046504,0
C0277,2025-04-16,8423.454760163948,regular,app,RU,40282.29405287731,67
C0301,2025-06-20,20290.44623048653,opportunistic,manager,RU,102225.96106422746,0
C0084,2025-04-27,16453.44800309615,regular,app,RU,38981.78972789811,34
C0039,2025-02-23,12391.080849046832,regular,app,RU,40600.123215367676,123
C0184,2025-06-24,11432.79959370898,regular,app,RU,73378.44254129767,0
C0091,2025-02-22,18062.211336255285,regular,web,RU,118790.6932272385,109
C0071,2025-05-20,2716.33083214474,regular,web,RU,119602.86638084592,38
C0109,2025-02-20,13284.28994530839,regular,web,RU,55839.111146692514,126
C0188,2025-05-20,9819.65441858705,regular,app,RU,40342.7858121426,38
C0271,2025-01-13,8903.755255186918,regular,web,RU,41028.573339414696,158
C0276,2025-06-04,14417.271260382551,regular,app,RU,65535.05343619635,23
C0209,2025-03-14,4099.544074887467,regular,app,RU,32709.208941189918,107
C0271,2025-03-11,5007.7799073108345,regular,app,RU,41028.573339414696,101
C0059,2025-06-16,5615.791281323881,regular,app,RU,54801.21350948494,8
C0011,2025-05-18,2427.154504607213,regular,app,RU,100516.10043231638,39
C0053,2025-04-10,14903.975352989646,opportunistic,manager,RU,,72
C0168,2025-06-02,29818.7244630012,opportunistic,manager,RU,202661.0821059138,8
C0266,2025-05-27,1783.0848028055104,regular,app,AM,60126.4423558778,26
C0141,2025-04-07,12277.284978637857,regular,web,RU,147307.13899357288,76
C0022,2025-02-17,15396.058739598904,regular,app,BY,104426.15742678501,128
C0050,2025-02-14,17313.451977946028,regular,app,AM,47441.35558338082,131
C0153,2025-03-21,8047.249312809348,regular,web,RU,17732.54325367211,100
C0085,2025-03-30,3690.2202688527523,regular,app,RU,80116.70385635352,86
C0330,2025-03-24,39544.09868581576,regular,app,RU,33903.04091126527,95
C0364,2025-05-31,32867.02336075833,regular,web,RU,40488.69823107142,27
C0238,2025-02-09,22074.14651122491,opportunistic,manager,RU,47060.23878059438,128
C0018,2025-05-25,14088.459321195742,regular,app,RU,53286.71637060531,21
C0373,2025-04-26,2583.4554439150093,regular,web,RU,94070.00566845604,63
C0392,2025-05-28,7404.409149369817,regular,manager,RU,82318.01174628778,22
C0385,2025-03-08,4497.904468637466,regular,web,RU,171261.59082559345,104
C0304,2025-06-26,17633.369271499094,regular,app,AM,52384.94132499481,1
C0209,2025-03-22,5627.1491252282785,regular,app,RU,32709.208941189918,99
C0314,2025-02-17,12974.28851081112,regular,app,BY,59242.379815333625,125
C0232,2025-03-05,4746.0534045261,regular,app,RU,75576.78867544084,116
C0205,2025-05-23,14794.337892942869,regular,app,AM,33782.36257951558,34
C0026,2025-01-30,2938.845076829275,regular,web,KZ,18333.974251046504,137
C0169,2025-02-26,11738.168834469436,regular,app,RU,63076.16263509317,123
C0149,2025-04-08,5846.10644316237,regular,app,BY,27968.453975938126,75
C0213,2025-04-14,18416.245908118384,regular,app,RU,75577.42042288934,62
C0228,2025-03-27,108678.42025673977,opportunistic,manager,RU,,78
C0123,2025-06-05,9468.957733319012,regular,app,AM,48641.64046189509,24
C0120,2025-02-26,12033.272365475725,opportunistic,app,RU,49073.64807561081,105
C0141,2025-06-04,14442.120289688068,regular,app,RU,147307.13899357288,18
C0112,2025-04-18,16839.992389845487,regular,web,KZ,55018.014532175854,57
C0052,2025-01-08,18173.57229000002,regular,app,KZ,,172
C0318,2025-03-28,104886.63609661021,opportunistic,app,RU,64130.477782441994,80
C0400,2025-01-17,7743.875396605144,regular,app,RU,,154
C0385,2025-01-28,15860.305641204424,regular,app,RU,171261.59082559345,143
C0263,2025-02-04,2473.9486293589707,regular,web,RU,72432.82695809603,143
C0314,2025-06-18,12848.215121997588,regular,app,BY,59242.379815333625,4
C0128,2025-02-20,5591.808267775849,regular,web,RU,63110.63911316603,129
C0207,2025-05-28,10809.536703297617,regular,app,BY,180180.49328698896,27
C0055,2025-05-30,27045.819532920847,opportunistic,manager,RU,59630.09125590324,28
C0310,2025-04-20,5595.877126664144,regular,web,RU,43030.78274384195,70
C0104,2025-05-27,2310.460281704417,new,app,RU,95422.7100525801,0
C0075,2025-06-27,19567.36106582183,regular,app,RU,78641.08221028118,0
C0204,2025-02-20,13162.183701632013,regular,web,RU,160510.37828520167,126
C0221,2025-02-10,5595.671309723716,regular,web,RU,100670.64887680218,136
C0068,2025-03-28,8368.25245568832,regular,app,RU,207386.4605822518,91
C0195,2025-01-24,6149.687421416555,regular,app,RU,17580.452648123697,137
C0273,2025-06-21,11892.308448082918,regular,app,RU,128912.01034395119,3
C0257,2025-05-05,32744.893064647473,opportunistic,manager,RU,204633.6814809772,36
C0249,2025-03-31,4967.475817792767,regular,app,RU,55783.52272481387,90
C0081,2025-06-15,94957.14091445523,opportunistic,manager,RU,56316.60043091989,0
C0259,2025-06-11,24435.64655140748,regular,app,KZ,54966.058792712574,16
C0131,2025-03-31,7042.264533220513,regular,app,RU,95566.66157831959,90
C0155,2025-05-18,10306.751768753313,regular,app,RU,26171.924123075,25
C0284,2025-03-14,9053.178827724101,regular,app,RU,,100
C0198,2025-06-26,12058.288183187204,new,app,BY,36692.4700857131,0
C0095,2025-02-08,14483.061046163835,regular,manager,RU,74809.02849203724,128
C0093,2025-03-08,211149.59719380655,regular,web,RU,66402.26752134197,109
C0155,2025-03-18,8323.882287495626,regular,manager,RU,26171.924123075,86
C0162,2025-06-16,8806.771660440174,new,app,RU,37998.622077448264,0
C0266,2025-01-03,4075.0795141099643,regular,manager,AM,60126.4423558778,170
C0050,2025-04-30,18178.72723879799,regular,app,AM,47441.35558338082,56
C0222,2025-03-16,10706.049957910236,regular,app,RU,84664.75261477451,100
C0289,2025-03-31,8422.768494914713,regular,app,RU,104787.97930192667,79
C0384,2025-06-26,16063.974843894006,regular,web,RU,166874.80517001377,0
C0022,2025-02-12,5400.571269087595,regular,app,BY,104426.15742678501,133
C0010,2025-06-12,8922.65937023104,regular,app,RU,71398.54626114802,14
C0298,2025-06-15,30901.558217432586,opportunistic,manager,BY,,12
C0364,2025-01-26,11506.11648858964,regular,web,RU,40488.69823107142,152
C0316,2025-06-16,12292.747516185267,regular,app,RU,57827.32199477627,11
C0041,2025-04-04,8865.100161748522,regular,app,RU,102947.22534981728,86
C0025,2025-06-24,57300.331046539985,opportunistic,manager,RU,,0
C0369,2025-04-23,10047.634807511606,regular,app,RU,176635.3330683661,62
C0020,2025-01-19,36650.584588773825,opportunistic,manager,RU,57170.23440825851,145
C0102,2025-06-22,28609.33045829368,opportunistic,app,RU,83840.02078157301,0
C0091,2025-04-05,11632.299605739228,regular,web,RU,118790.6932272385,67
C0004,2025-06-26,33623.58343123207,opportunistic,manager,RU,30423.747915419874,0
C0146,2025-02-23,5015.771584254244,regular,app,RU,39433.96766078368,125
C0277,2025-01-14,13141.851263833096,regular,app,RU,40282.29405287731,159
C0311,2025-06-14,2064.7076818449996,regular,app,RU,18468.17377658533,13
C0258,2025-03-06,13961.809403750738,regular,web,BY,72735.01488396972,115
C0027,2025-02-11,6795.149611275475,regular,app,RU,45567.70668624445,120
C0269,2025-01-14,11949.492154989935,regular,app,BY,91399.24908804016,157
C0264,2025-05-13,46012.64073332671,regular,app,RU,53382.85082631906,45
C0396,2025-03-23,8892.099174581923,regular,manager,KZ,63332.172912899565,93
C0375,2025-02-01,24034.64939569134,regular,app,RU,131572.8404314726,148
C0041,2025-01-15,11347.657808811444,regular,app,RU,102947.22534981728,165
C0041,2025-06-25,7737.426627800234,regular,app,RU,102947.22534981728,4
C0362,2025-03-13,103158.54504224968,regular,web,RU,87900.75427160058,99
C0384,2025-05-26,7072.4572624558305,regular,app,RU,166874.80517001377,31
C0054,2025-01-27,150627.57555664887,opportunistic,web,RU,83728.92216603088,134
C0341,2025-05-16,3022.84650343192,regular,app,RU,77297.95977305167,37
C0389,2025-05-21,36198.649540778206,regular,web,RU,66611.28251620958,38
C0199,2025-03-23,3602.4148002511547,regular,app,RU,98019.14203306024,95
C0356,2025-03-07,3815.8994146836894,regular,app,RU,127166.025780776,113
C0098,2025-04-18,38037.64002539741,regular,app,BY,91073.97819474443,70
C0059,2025-04-10,13919.044265978046,regular,app,RU,54801.21350948494,75
C0303,2025-01-19,17963.706539499337,regular,web,RU,51412.557388166,144
C0051,2025-04-22,7235.649834845522,regular,app,AM,49333.31383761302,67
C0094,2025-02-05,3598.57616410334,regular,app,RU,,129
C0150,2025-02-16,12270.272681086937,regular,app,RU,93958.54905131078,133
C0243,2025-05-10,5786.185894378081,regular,app,RU,37334.670245607726,47
C0303,2025-06-10,9128.250342660738,regular,app,RU,51412.557388166,2
C0033,2025-02-21,2259.8066763830343,regular,app,RU,63702.184586940755,126
C0047,2025-04-14,7361.065872893991,regular,app,KZ,,60
C0047,2025-05-20,26377.222742297163,regular,web,KZ,61568.2960255891,24
C0190,2025-02-01,30963.44583101854,regular,app,RU,29728.08893128601,142
C0268,2025-02-09,7338.220546813515,regular,app,KZ,36060.11248799635,133
C0086,2025-06-06,3949.296747590104,regular,app,RU,52897.26789986734,17
C0091,2025-06-11,7427.653457512499,regular,app,RU,118790.6932272385,0
C0398,2025-01-20,10107.300785186117,regular,app,RU,108208.7305003528,154
C0195,2025-05-08,8938.704451818568,regular,web,RU,17580.452648123697,33
C0373,2025-04-24,10972.722112665308,regular,manager,RU,94070.00566845604,65
C0378,2025-02-02,7425.716466059039,regular,app,BY,93929.37563679303,146
C0094,2025-03-15,8710.468552628146,regular,app,RU,276155.8197288189,91
C0193,2025-06-08,12355.638489679568,regular,app,RU,57590.64763962595,13
C0283,2025-03-30,24976.32248332293,regular,app,AM,49637.64105345447,85
C0204,2025-06-20,4276.7472422844685,regular,app,RU,160510.37828520167,6
C0338,2025-02-19,25010.261798208427,opportunistic,web,RU,29052.177619448208,33
C0322,2025-02-16,3432.079044988736,regular,app,RU,89967.3339755547,116
C0165,2025-03-22,32264.007119464946,opportunistic,manager,BY,81778.59926716395,97
C0374,2025-04-27,7609.935385249131,regular,manager,RU,84406.5338871581,63
C0103,2025-06-21,11645.976233529718,regular,app,RU,41425.609103306146,6
C0141,2025-04-28,21120.28850897215,regular,app,RU,147307.13899357288,55
C0026,2025-02-02,7635.034458482626,regular,app,KZ,18333.974251046504,134
C0206,2025-02-10,20554.189591796345,regular,app,RU,75884.66245476011,138
C0220,2025-01-31,11150.562030572699,regular,app,RU,89109.60304575077,148
C0125,2025-02-10,9492.531944411734,regular,manager,RU,28042.399336962837,125
C0248,2025-05-24,8455.276268666312,regular,app,RU,22805.090958222576,21
C0119,2025-02-13,18904.5362942967,regular,app,RU,12958.52483784047,135
C0204,2025-04-21,40724.66465778018,regular,web,RU,160510.37828520167,66
C0119,2025-01-31,16420.2023699997,regular,manager,RU,12958.52483784047,148
C0140,2025-05-22,5506.737094550504,regular,app,AM,51875.679615003515,35
C0323,2025-02-04,9009.530623106177,regular,app,RU,58580.38170655148,135
C0098,2025-04-03,13578.060110955625,regular,app,BY,91073.97819474443,85
C0392,2025-03-21,9209.440944802844,regular,app,RU,82318.01174628778,90
C0363,2025-05-15,20395.800484321502,regular,app,RU,53936.128335688154,28
C0288,2025-04-28,4349.373117337675,regular,app,KZ,32072.151687949587,56
C0199,2025-05-02,25025.16696421239,regular,app,RU,98019.14203306024,55
C0327,2025-04-19,65846.05640418048,opportunistic,manager,KZ,37447.94211658653,70
C0299,2025-01-24,145220.13469033342,opportunistic,app,BY,52079.45904776453,146
C0217,2025-04-27,36047.70501101305,regular,manager,RU,133378.46522269418,55
C0090,2025-05-06,5002.296139012609,regular,web,RU,,47
C0240,2025-03-27,17337.298941230416,regular,app,RU,49345.468111258146,93
C0269,2025-06-12,12618.979592515338,regular,app,BY,91399.24908804016,8
C0094,2025-04-28,12715.814117665082,regular,app,RU,276155.8197288189,47
C0397,2025-02-09,10055.412762630567,opportunistic,manager,RU,,114
C0206,2025-05-09,3574.7052939851483,regular,app,RU,75884.66245476011,50
C0099,2025-02-01,11903.918226533624,regular,manager,BY,64136.52177165041,148
C0140,2025-04-28,9381.968209234994,regular,app,AM,51875.679615003515,59
C0356,2025-01-22,2969.209749358039,regular,app,RU,127166.025780776,157
C0140,2025-04-22,13682.2537767873,regular,web,AM,51875.679615003515,65
C0231,2025-06-21,3383.4516298755307,regular,app,RU,97988.07583193238,8
C0277,2025-05-21,33566.399227891896,regular,app,RU,40282.29405287731,32
C0348,2025-03-16,14881.156212201544,regular,app,RU,59681.71404088037,105
C0090,2025-01-29,11629.994241851044,regular,app,RU,54907.642961464815,144
C0140,2025-02-27,6434.442905767233,regular,web,AM,51875.679615003515,119
C0020,2025-06-13,16620.81082475379,opportunistic,app,RU,,0
C0240,2025-01-12,27979.78942790246,regular,app,RU,49345.468111258146,167
C0281,2025-01-02,5555.195089139662,regular,app,RU,,174
C0286,2025-03-15,7445.601170502944,regular,app,RU,76864.80399866072,104
C0376,2025-02-23,11033.443543971269,regular,app,RU,93850.10197362199,121
C0185,2025-04-28,31184.774028931504,opportunistic,manager,RU,29837.760681668267,0
C0302,2025-01-30,35940.71164339857,regular,manager,KZ,150859.75994505777,146
C0359,2025-01-15,11659.771071816855,regular,app,RU,69875.41513535524,165
C0097,2025-01-18,154511.4556287391,regular,app,AM,69587.21229131967,158
C0311,2025-04-25,5394.227359733217,regular,app,RU,18468.17377658533,63
C0366,2025-02-16,23622.288552851587,regular,web,RU,56128.80472027171,128
C0355,2025-02-28,7015.723373796238,regular,app,RU,114801.5160405255,112
C0153,2025-02-09,11235.839549287604,regular,app,RU,17732.54325367211,140
C0271,2025-05-06,6714.763550403515,regular,app,RU,41028.573339414696,45
C0263,2025-04-02,17489.276566474404,regular,app,RU,72432.82695809603,86
C0379,2025-03-17,28671.355644922307,regular,app,AM,79812.48895604689,103
C0119,2025-01-12,11495.791681577073,regular,web,RU,12958.52483784047,167
C0015,2025-04-23,14885.988717020098,regular,app,RU,59946.85642054766,64
C0269,2025-02-16,6881.590718527483,regular,app,BY,91399.24908804016,124
C0248,2025-04-03,17790.527519968364,regular,app,RU,22805.090958222576,72
C0192,2025-05-31,1676.4240274424706,regular,web,RU,131448.77247629315,22
C0047,2025-02-25,9342.900464619315,regular,app,KZ,61568.2960255891,108
C0348,2025-02-09,45701.43508235144,regular,app,RU,59681.71404088037,140
C0372,2025-02-10,6144.564843496549,regular,app,BY,105901.06925376512,139
C0286,2025-01-08,8446.11490261486,regular,app,RU,76864.80399866072,170
C0284,2025-05-26,18839.814805514416,regular,web,RU,16145.402480594568,27
C0227,2025-06-17,14640.756885802231,regular,app,RU,30240.76297199327,8
C0008,2025-06-16,57277.05428018286,opportunistic,manager,RU,85191.94571132299,9
C0249,2025-05-10,10540.586915962096,regular,web,RU,55783.52272481387,50
C0271,2025-05-12,271653.0923108262,regular,app,RU,41028.573339414696,39
C0314,2025-01-27,13974.49352683031,regular,app,BY,59242.379815333625,146
C0376,2025-05-30,21972.511428521,regular,web,RU,93850.10197362199,25
C0207,2025-03-20,43504.445616273544,regular,web,BY,180180.49328698896,96
C0150,2025-04-21,19214.072449302366,regular,app,RU,93958.54905131078,69
C0356,2025-04-23,4676.934027642466,regular,app,RU,127166.025780776,66
C0271,2025-06-20,21144.90812326288,regular,web,RU,41028.573339414696,0
C0084,2025-03-10,24431.38894839764,regular,app,RU,38981.78972789811,82
C0374,2025-02-04,21970.675918363497,regular,app,RU,84406.5338871581,145
C0161,2025-01-03,730532.3932924153,regular,app,RU,74003.19392036954,177
C0034,2025-04-25,3271.75708009663,regular,web,BY,139312.1307018514,65
C0195,2025-06-10,6201.098886887863,regular,app,RU,17580.452648123697,0
C0242,2025-02-09,69289.71525693855,opportunistic,manager,RU,140007.80525962607,139
C0139,2025-01-22,288392.74403868633,opportunistic,manager,BY,143214.9268186321,150
C0084,2025-05-11,39153.490867469016,regular,app,RU,38981.78972789811,20
C0176,2025-02-23,13686.16260136666,regular,app,RU,79527.83146299052,119
C0152,2025-04-23,3205.5578689449358,new,web,RU,124404.91440912963,65
C0138,2025-01-13,15384.370856269265,regular,app,RU,59561.26986369458,163
C0020,2025-05-26,30110.409104751012,opportunistic,web,RU,,18
C0069,2025-01-12,3709.0564709951655,regular,app,RU,68745.02328473939,157
C0283,2025-01-22,8784.775938734396,regular,app,AM,49637.64105345447,152
C0126,2025-02-11,13987.985806546976,regular,web,KZ,56188.76756509697,137
C0038,2025-01-25,17808.674492398266,regular,app,AM,29310.61212769585,130
C0005,2025-05-27,9804.61967654636,regular,web,RU,18572.608441914028,32
C0311,2025-04-29,93035.07659048993,regular,app,RU,18468.17377658533,59
C0145,2025-02-21,4640.0227519146865,regular,web,RU,54231.990145770134,128
C0068,2025-02-23,9491.025260163182,regular,web,RU,207386.4605822518,124
C0062,2025-02-08,9641.026260647674,regular,web,RU,55142.80232839496,138
C0400,2025-03-26,29089.910615333887,regular,app,RU,75874.27858611445,86
C0027,2025-01-21,9483.30207056889,regular,web,RU,45567.70668624445,141
C0222,2025-06-24,8480.346583766734,regular,web,RU,84664.75261477451,0
C0396,2025-03-21,4180.547316080088,regular,app,KZ,63332.172912899565,95
C0130,2025-06-10,96310.15348039694,opportunistic,web,RU,,2
C0278,2025-03-10,22585.971044379665,regular,web,RU,54814.63414542244,106
C0114,2025-05-26,32696.690725514854,opportunistic,manager,RU,29077.40070521304,0
C0259,2025-01-01,4086.1824620974553,regular,app,KZ,54966.058792712574,177
C0035,2025-05-16,4834.082205511463,regular,app,RU,69610.42796192828,44
C0291,2025-03-12,25710.526326224364,opportunistic,manager,RU,,88
C0163,2025-05-31,7775.757856170837,regular,app,RU,97613.13102034428,29
C0266,2025-06-12,12351.508298425651,regular,web,AM,60126.4423558778,10
C0300,2025-04-04,63819.42136673729,opportunistic,manager,RU,50842.772416125044,55
C0124,2025-01-19,4330.537628981811,regular,app,RU,85459.18010301342,143
C0135,2025-03-21,53781.15830364953,opportunistic,app,RU,38809.39999539269,59
C0314,2025-05-03,34784.988159219145,regular,app,BY,59242.379815333625,50
C0048,2025-04-27,12790.217223124017,regular,app,RU,24173.246782879014,63
C0183,2025-05-08,26535.58269703379,regular,web,BY,89467.91572353024,51
C0036,2025-04-11,10464.783194730124,regular,web,RU,41749.00830799161,72
C0091,2025-04-24,10083.381244833878,regular,web,RU,118790.6932272385,48
C0047,2025-03-18,5846.391394650541,regular,app,KZ,61568.2960255891,87
C0272,2025-04-24,2637.2876365821094,regular,app,RU,72952.79470233107,34
C0303,2025-04-12,5568.768103215604,regular,web,RU,51412.557388166,61
C0169,2025-04-09,23493.293861064343,regular,web,RU,63076.16263509317,81
C0037,2025-01-24,29176.37643685676,regular,app,KZ,47718.755959578484,114
C0027,2025-03-03,6221.575033848934,regular,app,RU,45567.70668624445,100
C0268,2025-01-10,13680.379379799584,regular,web,KZ,36060.11248799635,163
C0109,2025-05-13,21125.329302578593,regular,app,RU,55839.111146692514,44
C0250,2025-04-07,27130.807203415177,regular,app,BY,56532.86206867094,82
C0258,2025-03-16,7561.0146149946695,regular,manager,BY,72735.01488396972,105
C0136,2025-05-16,28530.7694204685,regular,web,RU,40609.90938605977,38
C0363,2025-03-04,5851.955252916636,regular,app,RU,53936.128335688154,100
C0010,2025-05-10,12223.14561336573,regular,app,RU,71398.54626114802,47
C0169,2025-02-16,15196.95996836735,regular,web,RU,63076.16263509317,133
C0090,2025-01-26,2825.9907396065464,regular,app,RU,54907.642961464815,147
C0323,2025-03-20,6246.218540236274,regular,app,RU,58580.38170655148,91
C0315,2025-01-07,12301.898159366365,regular,app,BY,122043.30752195237,165
C0036,2025-05-04,11937.52331940105,regular,web,RU,41749.00830799161,49
C0163,2025-03-04,15732.029295140987,regular,app,RU,97613.13102034428,117
C0257,2025-05-01,29685.89488159865,opportunistic,manager,RU,204633.6814809772,40
C0207,2025-01-13,12720.675434731,regular,app,BY,180180.49328698896,162
C0317,2025-01-13,2672.6391356717527,regular,web,RU,37535.87622140273,161
C0192,2025-02-19,24197.735566836385,regular,manager,RU,131448.77247629315,123
C0010,2025-04-04,70735.17685006,regular,web,RU,71398.54626114802,83
C0267,2025-04-30,21881.924510179597,regular,app,BY,165601.26935907674,56
C0141,2025-01-09,32371.608332693442,regular,app,RU,147307.13899357288,164
C0369,2025-02-24,4459.715512349772,regular,app,RU,176635.3330683661,120
C0259,2025-06-14,9461.90132028993,regular,app,KZ,54966.058792712574,13
C0220,2025-05-07,2807.572238790792,regular,app,RU,89109.60304575077,52
C0103,2025-06-12,15571.170899178453,regular,app,RU,41425.609103306146,15
C0362,2025-01-18,7375.386990352265,regular,app,RU,87900.75427160058,153
C0284,2025-03-22,13737.533086078443,regular,web,RU,16145.402480594568,92
C0190,2025-03-11,3218.9800781110625,regular,app,RU,29728.08893128601,104
C0342,2025-05-29,-15416.146706402056,new,app,RU,,0
C0199,2025-01-24,11644.56261688596,regular,web,RU,98019.14203306024,153
C0184,2025-03-17,13697.20965663545,regular,app,RU,73378.44254129767,99
C0300,2025-02-12,36081.27406930945,opportunistic,manager,RU,50842.772416125044,106
C0158,2025-04-03,50502.06823897258,opportunistic,web,AM,59959.54453274451,78
C0119,2025-06-28,8656.591042114642,regular,app,RU,12958.52483784047,0
C0339,2025-03-05,7478.788039219169,regular,web,RU,39831.465005485414,104
C0272,2025-03-27,14601.464216076893,regular,app,RU,72952.79470233107,62
C0281,2025-06-19,11965.031264776277,regular,manager,RU,27211.30833168933,6
C0149,2025-06-21,7635.065358369298,regular,app,BY,27968.453975938126,1
C0263,2025-04-09,15505.009649267968,regular,app,RU,72432.82695809603,79
C0399,2025-03-30,11712.263365999797,regular,app,RU,66589.02089418373,89
C0152,2025-06-27,10032.477024006674,new,web,RU,124404.91440912963,0
C0311,2025-05-17,16358.509644160195,regular,web,RU,18468.17377658533,41
C0294,2025-02-20,8210.049430584391,regular,app,RU,60366.5026649566,129
C0124,2025-04-08,6665.814786323167,regular,app,RU,85459.18010301342,64
C0036,2025-03-12,5245.595811303303,regular,web,RU,41749.00830799161,102
C0075,2025-01-20,16799.006940031955,regular,app,RU,78641.08221028118,158
C0324,2025-05-05,12890.585406362074,regular,web,RU,94477.46126382126,49
C0039,2025-06-01,10380.358299769907,regular,app,RU,40600.123215367676,25
C0391,2025-02-06,19745.361750202832,opportunistic,manager,RU,36264.36096006157,130
C0126,2025-03-18,10436.2685567647,regular,app,KZ,56188.76756509697,102
C0181,2025-03-25,1432.7383834683667,new,web,RU,60608.682108824985,82
C0312,2025-03-01,6714.786520780629,regular,app,RU,38948.629151541485,115
C0076,2025-03-24,121926.43734444084,regular,app,BY,41841.634218175095,81
C0314,2025-01-28,261584.5006753583,regular,manager,BY,59242.379815333625,145
C0362,2025-04-21,8196.138445997407,regular,app,RU,87900.75427160058,60
C0147,2025-05-24,19005.49957684968,regular,app,RU,51703.96166882332,27
C0316,2025-04-11,29197.981990955413,regular,app,RU,57827.32199477627,77
C0312,2025-02-14,30533.71516898777,regular,app,RU,38948.629151541485,130
C0312,2025-03-15,20293.528146913646,regular,app,RU,38948.629151541485,101
C0255,2025-02-27,17152.914633149183,regular,web,AM,29087.88109205289,122
C0068,2025-05-19,8351.966052721527,regular,web,RU,207386.4605822518,39
C0068,2025-06-17,8342.465371586028,regular,app,RU,207386.4605822518,10
C0010,2025-04-23,32671.68993520501,regular,manager,RU,71398.54626114802,64
C0347,2025-02-26,12743.166956050914,new,app,KZ,89483.21550110105,91
C0196,2025-02-19,7922.1905337497665,regular,web,RU,35031.704974799344,127
C0380,2025-04-14,41135.136473796374,opportunistic,manager,RU,,0
C0248,2025-01-04,11967.544018267246,regular,app,RU,22805.090958222576,161
C0373,2025-03-10,4831.3023279415365,regular,app,RU,94070.00566845604,110
C0205,2025-02-13,16880.467296825398,regular,app,AM,33782.36257951558,133
C0097,2025-01-12,7371.736743257213,regular,manager,AM,69587.21229131967,164
C0207,2025-02-27,5992.267559829744,regular,app,BY,180180.49328698896,117
C0267,2025-02-11,35354.4445694817,regular,app,BY,165601.26935907674,134
C0267,2025-04-16,9956.892757272,regular,app,BY,165601.26935907674,70
C0099,2025-06-06,604984.1358397075,regular,app,BY,64136.52177165041,23
C0396,2025-03-26,50075.21846154374,regular,app,KZ,63332.172912899565,90
C0064,2025-01-06,45836.20650390707,opportunistic,app,RU,81703.93243020093,170
C0118,2025-02-10,23337.213792382343,opportunistic,manager,RU,28958.617270561706,139
C0273,2025-05-08,15001.472358253659,regular,app,RU,128912.01034395119,47
C0266,2025-05-10,20752.099764770443,regular,app,AM,60126.4423558778,43
C0341,2025-05-13,8968.600007049008,regular,app,RU,77297.95977305167,40
C0310,2025-04-10,5108.579571028337,regular,app,RU,43030.78274384195,80
C0126,2025-02-01,24539.397433114318,regular,web,KZ,56188.76756509697,147
C0207,2025-01-08,19227.744770310765,regular,app,BY,180180.49328698896,167
C0378,2025-06-28,6054.709087876174,regular,app,BY,93929.37563679303,0
C0137,2025-05-17,4139.79883378638,new,app,RU,,0
C0323,2025-01-06,28124.47103046111,regular,app,RU,58580.38170655148,164
C0099,2025-04-11,12468.94893708922,regular,manager,BY,64136.52177165041,79
C0150,2025-02-10,9985.809914127894,regular,app,RU,93958.54905131078,139
C0231,2025-02-09,5529.054259686007,regular,app,RU,97988.07583193238,140
C0244,2025-05-04,9775.693659821341,regular,app,RU,17552.836117749855,50
C0208,2025-01-03,53545.524256262404,opportunistic,manager,RU,26676.344249311056,156
C0136,2025-06-16,3676.907694257705,regular,app,RU,,7
C0050,2025-03-13,11917.013644541197,regular,app,AM,47441.35558338082,104
C0083,2025-06-16,159286.23323216458,opportunistic,manager,RU,121576.18149311296,13
C0376,2025-02-20,8281.747953031356,regular,app,RU,93850.10197362199,124
C0026,2025-05-04,3191.123792798853,regular,app,KZ,18333.974251046504,43
C0230,2025-06-01,3294.4481449923283,regular,app,RU,32681.058632895285,28
C0126,2025-03-02,3830.562559964474,regular,app,KZ,56188.76756509697,118
C0147,2025-01-27,4466.0045725713835,regular,app,RU,51703.96166882332,144
C0289,2025-01-24,9208.712004190718,regular,app,RU,104787.97930192667,145
C0304,2025-05-24,6682.234385523402,regular,web,AM,52384.94132499481,34
C0161,2025-02-01,8562.528007473305,regular,app,RU,74003.19392036954,148
C0029,2025-04-23,19508.13532149198,regular,web,RU,56574.50740293192,64
C0094,2025-02-07,7409.13445188245,regular,app,RU,276155.8197288189,127
C0074,2025-03-02,16546.93966687626,regular,app,RU,65236.56695866103,119
C0115,2025-01-07,5792.687173075125,regular,app,RU,140101.75043049947,163
C0378,2025-05-23,14380.919828436448,regular,manager,BY,93929.37563679303,36
C0165,2025-05-24,77104.48090316662,opportunistic,web,BY,81778.59926716395,34
C0066,2025-01-05,89604.8186649659,opportunistic,manager,RU,,159
C0113,2025-05-06,4447.529614023791,regular,manager,RU,22138.056114061816,50
C0287,2025-05-04,9917.622230724664,regular,app,KZ,44683.913853316626,46
C0048,2025-03-24,4725.026768176628,regular,app,RU,24173.246782879014,97
C0035,2025-03-13,13184.878104564918,regular,app,RU,69610.42796192828,108
C0259,2025-05-20,16285.691495843292,regular,app,KZ,54966.058792712574,38
C0310,2025-02-28,5445.763681516886,regular,app,RU,,121
C0197,2025-04-16,103390.35814294277,opportunistic,app,RU,56298.41122451303,69
C0310,2025-04-28,20228.193855176625,regular,web,RU,43030.78274384195,62
C0009,2025-01-15,8581.402985284567,regular,web,KZ,97350.63118258487,165
C0284,2025-04-28,1838.7315668602141,regular,web,RU,16145.402480594568,55
C0240,2025-01-02,16252.478969153613,regular,app,RU,49345.468111258146,177
C0060,2025-03-16,3186.8692728543847,regular,app,AM,29369.97581505382,104
C0074,2025-05-09,8718.00862025652,regular,app,RU,65236.56695866103,51
C0375,2025-05-17,6319.3764207555705,regular,app,RU,131572.8404314726,43
C0332,2025-06-24,2894.6623626850287,regular,web,KZ,96486.84621670823,4
C0039,2025-01-12,4237.222216929877,regular,app,RU,40600.123215367676,165
C0016,2025-06-13,8513.390739289302,regular,app,RU,73734.55681536577,11
C0281,2025-06-03,13462.33826935446,regular,app,RU,27211.30833168933,22
C0310,2025-02-23,2563.887832656935,regular,app,RU,43030.78274384195,126
C0303,2025-06-02,6233.149640319463,regular,app,RU,51412.557388166,10
C0146,2025-01-19,5270.207504714843,regular,app,RU,39433.96766078368,160
C0259,2025-01-31,5531.71202242728,regular,app,KZ,54966.058792712574,147
C0363,2025-03-09,8189.086208659106,regular,app,RU,53936.128335688154,95
C0276,2025-03-31,5186.535761858284,regular,app,RU,65535.05343619635,88
C0307,2025-04-04,51078.436937501894,regular,app,KZ,111706.42563456245,83
C0048,2025-05-18,6112.453446728877,regular,app,RU,24173.246782879014,42
C0230,2025-02-25,14267.198965143461,regular,app,RU,32681.058632895285,124
C0253,2025-03-12,6301.92035785882,regular,web,RU,91013.09064201491,98
C0357,2025-05-16,20549.240287954897,opportunistic,manager,RU,,41
C0186,2025-03-28,43372.30865458643,opportunistic,manager,RU,63742.758168336564,59
C0391,2025-06-16,59092.64794455612,opportunistic,app,RU,36264.36096006157,0
C0187,2025-04-08,5189.908052402692,regular,web,RU,76429.16908843287,65
C0050,2025-04-08,13339.878231290573,regular,app,AM,47441.35558338082,78
C0254,2025-05-26,13560.225656840614,regular,app,RU,88298.5580564642,21
C0288,2025-04-19,15430.438786474795,regular,app,KZ,,65
C0219,2025-02-17,11159.73062057613,new,app,RU,46623.57503810979,66
C0264,2025-05-05,38232.58205261058,regular,web,RU,53382.85082631906,53
C0103,2025-06-06,9108.88047408197,regular,app,RU,41425.609103306146,21
C0307,2025-06-19,9661.596702337947,regular,app,KZ,111706.42563456245,7
C0303,2025-05-06,18627.246712072545,regular,web,RU,51412.557388166,37
C0085,2025-03-18,11339.9153650951,regular,web,RU,80116.70385635352,98
C0290,2025-06-18,5833.729288266297,regular,web,RU,80189.09743512764,7
C0131,2025-06-16,5218.089947048619,regular,app,RU,95566.66157831959,13
C0148,2025-02-06,42372.289682346665,regular,web,RU,84862.16854841373,137
C0125,2025-05-31,341462.36240936094,regular,web,RU,28042.399336962837,15
C0230,2025-04-28,17336.985722060832,regular,web,RU,32681.058632895285,62
C0186,2025-01-31,80946.61887012234,opportunistic,web,RU,63742.758168336564,115
C0330,2025-05-28,16493.42384028212,regular,web,RU,33903.04091126527,30
C0150,2025-04-27,11130.122131624703,regular,app,RU,93958.54905131078,63
C0050,2025-02-04,24662.301283482793,regular,web,AM,47441.35558338082,141
C0135,2025-05-16,91150.39161712797,opportunistic,manager,RU,38809.39999539269,3
C0211,2025-06-16,122126.2825579029,opportunistic,manager,BY,49695.833368652566,3
C0346,2025-06-02,1072655.3494420743,opportunistic,manager,RU,68326.35771447497,20
C0028,2025-02-27,50600.526992387866,regular,app,RU,99926.3451265315,94
C0278,2025-02-21,18528.60352003831,regular,web,RU,54814.63414542244,123
C0306,2025-06-10,5301.15485544605,regular,app,RU,57805.035774570744,12
C0386,2025-01-22,3505.946616748398,new,app,RU,,157
C0109,2025-01-28,2833.6894415716133,regular,app,RU,55839.111146692514,149
C0040,2025-02-12,102557.41639351097,opportunistic,manager,RU,54344.072314952726,23
C0095,2025-05-20,3840.5347224853213,regular,app,RU,,27
C0204,2025-03-04,6603.56118263685,regular,app,RU,160510.37828520167,114
C0047,2025-04-06,8672.210968154764,regular,app,KZ,61568.2960255891,68
C0177,2025-06-13,9149.53685550048,regular,app,KZ,68058.85552278945,16
C0122,2025-03-19,615679.9990163613,opportunistic,app,RU,,94
C0274,2025-01-02,32236.067644128427,opportunistic,app,RU,55376.719713659855,151
C0304,2025-05-01,33416.55604983713,regular,app,AM,52384.94132499481,57
C0281,2025-01-26,11937.389954900324,regular,app,RU,27211.30833168933,150
C0031,2025-05-15,56150.07924183785,opportunistic,app,RU,,22
C0181,2025-03-31,13105.088269905526,new,app,RU,60608.682108824985,76
C0027,2025-01-04,21316.67614834655,regular,manager,RU,45567.70668624445,158
C0200,2025-02-16,9887.402732656652,regular,app,RU,198493.78958835345,128
C0354,2025-04-17,1078589.8927934666,opportunistic,web,RU,19225.682503241867,5
C0013,2025-01-14,17419.111921141906,opportunistic,manager,AM,,166
C0396,2025-04-22,4719.203899828205,regular,manager,KZ,63332.172912899565,63
C0103,2025-05-14,1597.1051507654897,regular,app,RU,41425.609103306146,44
C0313,2025-02-27,12326.879782793265,regular,app,RU,40001.1761448378,119
C0036,2025-01-09,8777.835393944964,regular,app,RU,41749.00830799161,164
C0145,2025-04-26,5907.045649556236,regular,web,RU,54231.990145770134,64
C0111,2025-04-26,6122.540171416231,regular,web,RU,24166.59661985463,63
C0218,2025-03-07,9739.349428194875,regular,app,AM,46855.648918213476,114
C0363,2025-04-23,19381.36674092843,regular,app,RU,53936.128335688154,50
C0352,2025-01-26,5004.374242647914,regular,app,RU,103141.23639450001,152
C0108,2025-06-11,16025.880387869223,regular,app,RU,84938.35767995643,13
C0372,2025-05-10,11850.060732503549,regular,app,BY,105901.06925376512,50
C0002,2025-04-06,7612.437616483848,regular,app,RU,88283.04157880397,73
C0124,2025-01-17,14243.822211750361,regular,web,RU,85459.18010301342,145
C0299,2025-02-05,48575.97610031835,opportunistic,web,BY,52079.45904776453,134
C0385,2025-04-26,8605.866705635177,regular,web,RU,171261.59082559345,55
C0309,2025-01-13,17344.426555790316,regular,app,RU,41995.26799765813,152
C0124,2025-02-22,5829.714168905033,regular,app,RU,85459.18010301342,109
C0022,2025-01-08,2986.8326429966155,regular,web,BY,104426.15742678501,168
C0375,2025-02-27,4392.46911943658,regular,web,RU,131572.8404314726,122
C0177,2025-02-22,11812.367263949038,regular,manager,KZ,68058.85552278945,127
C0138,2025-05-23,12316.083648088686,regular,app,RU,59561.26986369458,33
C0103,2025-05-07,15980.889514506953,regular,app,RU,41425.609103306146,51
C0363,2025-05-17,26303.38822259804,regular,web,RU,53936.128335688154,26
C0319,2025-03-04,4441.006729779091,regular,web,BY,117835.57409004774,99
C0243,2025-03-24,16291.085942447135,regular,app,RU,37334.670245607726,94
C0319,2025-03-28,9717.358006659702,regular,app,BY,117835.57409004774,75
C0372,2025-01-24,7911.692228593636,regular,web,BY,105901.06925376512,156
C0096,2025-04-08,24895.176347607903,opportunistic,web,AM,145548.98544138437,63
C0121,2025-01-18,64592.19973272833,opportunistic,manager,BY,250503.52136061847,135
C0272,2025-01-25,10734.250379716437,regular,app,RU,72952.79470233107,123
C0399,2025-06-04,12611.828396015246,regular,manager,RU,66589.02089418373,23
C0188,2025-02-16,19524.237604381888,regular,web,RU,40342.7858121426,131
C0396,2025-04-05,2933.110477909988,regular,app,KZ,63332.172912899565,80
C0030,2025-03-28,30380.476486454303,opportunistic,manager,AM,73775.68944954776,89
C0035,2025-06-29,53769.61852889378,regular,app,RU,69610.42796192828,0
C0175,2025-03-08,4114.752800928682,regular,app,RU,63648.166022056794,113
C0135,2025-02-27,29169.088248025284,opportunistic,web,RU,38809.39999539269,81
C0095,2025-05-13,5556.989315160967,regular,app,RU,74809.02849203724,34
C0010,2025-06-11,2706.7033604687704,regular,app,RU,71398.54626114802,15
C0050,2025-06-04,21821.20798157725,regular,app,AM,47441.35558338082,21
C0399,2025-05-04,14004.791509301518,regular,app,RU,66589.02089418373,54
C0383,2025-04-27,44938.84110264418,opportunistic,manager,RU,32731.312689247476,58
C0352,2025-02-03,5566.127704523044,regular,app,RU,103141.23639450001,144
C0166,2025-06-25,6749.724150050047,regular,app,KZ,89867.6573767307,0
C0018,2025-01-05,18947.35607533016,regular,web,RU,53286.71637060531,161
C0008,2025-02-09,51123.96281290161,opportunistic,manager,RU,,136
C0348,2025-01-28,6484.07413865716,regular,app,RU,59681.71404088037,152
C0207,2025-06-22,9885.713591444848,regular,manager,BY,180180.49328698896,2
C0367,2025-06-21,43301.52261826298,opportunistic,manager,RU,37862.35599077226,4
C0276,2025-06-05,13261.425407483222,regular,app,RU,65535.05343619635,22
C0210,2025-06-25,9651.494703397198,regular,app,RU,52418.57889047791,4
C0098,2025-03-16,42553.55889756935,regular,app,BY,91073.97819474443,103
C0272,2025-02-14,8362.380076027926,regular,web,RU,72952.79470233107,103
C0089,2025-05-03,547105.7967852547,regular,app,BY,93017.61049185187,41
C0258,2025-05-28,215074.6410217912,regular,manager,BY,72735.01488396972,32
C0060,2025-06-19,6171.802707701053,regular,web,AM,29369.97581505382,9
C0282,2025-05-31,4573.689852515449,regular,web,KZ,86261.33612057511,21
C0148,2025-06-23,4222.732931995597,regular,app,RU,84862.16854841373,0
C0335,2025-01-26,36813.34227316009,regular,web,RU,62761.78101883521,116
C0350,2025-06-08,13751.105399158383,regular,manager,AM,72183.40831187136,18
C0041,2025-03-05,6774.22189019403,regular,app,RU,102947.22534981728,116
C0339,2025-06-17,10669.853371463083,regular,app,RU,39831.465005485414,0
C0222,2025-04-10,2517.249010878776,regular,app,RU,84664.75261477451,75
C0310,2025-01-12,4652.5274624273425,regular,app,RU,43030.78274384195,168
C0306,2025-01-21,6240.795150178428,regular,web,RU,57805.035774570744,152
C0400,2025-03-05,11688.71804003701,regular,web,RU,75874.27858611445,107
C0255,2025-03-27,-2182.702641296043,regular,manager,AM,29087.88109205289,94
C0259,2025-06-02,47355.28982089065,regular,app,KZ,54966.058792712574,25
C0098,2025-03-06,32800.44932884867,regular,web,BY,91073.97819474443,113
C0028,2025-04-25,5493.581023073945,regular,app,RU,99926.3451265315,37
C0289,2025-02-26,9642.979843157553,regular,web,RU,104787.97930192667,112
C0159,2025-06-22,33760.6897376906,opportunistic,manager,RU,57563.40627579265,3
C0098,2025-02-12,12097.832812067702,regular,web,BY,91073.97819474443,135
C0103,2025-04-05,14038.00674606477,regular,app,RU,41425.609103306146,83
C0295,2025-02-01,47730.58173218962,opportunistic,manager,RU,,92
C0076,2025-02-24,8259.96599691428,regular,app,BY,41841.634218175095,109
C0266,2025-06-10,19360.736403474035,regular,web,AM,60126.4423558778,12
C0285,2025-03-30,16919.717981925056,opportunistic,manager,RU,101891.5427450977,91
C0314,2025-03-13,12536.442765370322,regular,app,BY,59242.379815333625,101
C0275,2025-03-27,50087.468944959626,opportunistic,web,RU,,64
C0069,2025-06-18,2993.91928653388,regular,app,RU,68745.02328473939,0
C0369,2025-03-15,7370.540120200388,regular,manager,RU,176635.3330683661,101
C0077,2025-03-06,5508.658701968133,regular,app,RU,27604.60480859763,114
C0016,2025-04-17,5902.530247004062,regular,app,RU,73734.55681536577,68
C0221,2025-05-18,8580.307706825131,regular,app,RU,100670.64887680218,39
C0150,2025-03-18,11265.781596073108,regular,app,RU,93958.54905131078,103
C0093,2025-05-08,16294.157945381052,regular,app,RU,66402.26752134197,48
C0209,2025-04-21,7374.818518742905,regular,app,RU,32709.208941189918,69
C0074,2025-05-12,8313.83027995877,regular,app,RU,65236.56695866103,48
C0037,2025-05-17,18944.74842470251,regular,app,KZ,47718.755959578484,1
C0176,2025-03-03,4570.83616121075,regular,manager,RU,79527.83146299052,111
C0143,2025-02-04,30581.122986035367,new,web,RU,76269.30576838924,45
C0246,2025-02-25,6439.409884522839,new,manager,RU,268909.5546376625,90
C0389,2025-01-11,17493.955824987253,regular,app,RU,66611.28251620958,168
C0010,2025-06-26,7429.7370750114715,regular,app,RU,71398.54626114802,0
C0188,2025-05-30,26211.192117487553,regular,app,RU,40342.7858121426,28
C0190,2025-03-31,11282.657377638096,regular,app,RU,29728.08893128601,84
C0074,2025-04-06,7530.712763188496,regular,app,RU,65236.56695866103,84
C0066,2025-06-13,127566.6543519749,opportunistic,manager,RU,80163.75361248822,0
C0165,2025-03-23,82886.84769809127,opportunistic,app,BY,81778.59926716395,96
C0315,2025-05-23,43354.50055267527,regular,web,BY,122043.30752195237,29
C0060,2025-02-12,10436.390717779446,regular,app,AM,29369.97581505382,136
C0092,2025-02-20,34466.51511604781,opportunistic,manager,RU,35310.4409081031,129
C0074,2025-04-23,13293.301203133855,regular,web,RU,65236.56695866103,67
C0107,2025-05-16,9091.99501504898,regular,app,RU,56532.060379392606,44
C0304,2025-01-01,14218.140122405905,regular,web,AM,52384.94132499481,177
C0189,2025-03-27,20888.973656834416,opportunistic,app,RU,,92
C0227,2025-04-06,15942.154088259087,regular,app,RU,30240.76297199327,80
C0124,2025-06-11,3142.752352693015,regular,web,RU,85459.18010301342,0
C0171,2025-02-08,22904.995358823948,regular,web,RU,43719.95140581391,136
C0002,2025-02-04,9633.705488492033,regular,app,RU,88283.04157880397,134
C0194,2025-06-07,150015.34747718196,opportunistic,app,RU,80813.54655267524,22
C0290,2025-05-23,3202.8715728218917,regular,app,RU,80189.09743512764,33
C0272,2025-04-26,17561.993235305366,regular,app,RU,72952.79470233107,32
C0145,2025-04-04,7861.084965636745,regular,web,RU,54231.990145770134,86
C0076,2025-05-21,8950.808544475056,regular,app,BY,41841.634218175095,23
C0102,2025-03-08,66968.73519634263,opportunistic,manager,RU,83840.02078157301,106
C0168,2025-01-23,37951.40403562035,opportunistic,app,RU,202661.0821059138,138
C0091,2025-02-07,8005.31255983157,regular,app,RU,118790.6932272385,124
C0396,2025-04-24,17159.785680968886,regular,web,KZ,63332.172912899565,61
C0031,2025-01-23,-24381.064957180686,opportunistic,app,RU,120459.5900263173,134
C0153,2025-01-21,13633.253264099849,regular,web,RU,17732.54325367211,159
C0390,2025-03-05,2230.5390997978716,new,app,RU,73979.1445673503,0
C0258,2025-02-10,8107.536905506773,regular,web,BY,,139
C0400,2025-06-09,87326.95851816605,regular,web,RU,75874.27858611445,11
C0200,2025-01-13,5690.13390287397,regular,app,RU,198493.78958835345,162
C0085,2025-01-17,23571.528305205542,regular,web,RU,80116.70385635352,158
C0298,2025-02-06,35334.4037969107,opportunistic,manager,BY,49675.761390926724,141
C0062,2025-03-31,409180.2154873878,regular,app,RU,55142.80232839496,87
C0034,2025-01-15,13336.858043744074,regular,web,BY,139312.1307018514,165
C0362,2025-04-17,6598.289247139183,regular,app,RU,87900.75427160058,64
C0263,2025-06-21,12995.937276823699,regular,manager,RU,72432.82695809603,6
C0224,2025-03-22,6937.6259589035335,new,app,RU,,22
C0027,2025-04-06,35655.83197161014,regular,app,RU,45567.70668624445,66
C0372,2025-03-20,10071.013852503256,regular,app,BY,105901.06925376512,101
C0041,2025-05-31,5792.105446348393,regular,app,RU,102947.22534981728,29
C0289,2025-05-01,10032.87506146529,regular,app,RU,104787.97930192667,48
C0348,2025-01-27,9482.09678897282,regular,web,RU,59681.71404088037,153
C0247,2025-01-01,10018.560231991349,opportunistic,app,RU,52949.92337999243,157
C0322,2025-03-12,17896.339025729718,regular,web,RU,,92
C0140,2025-04-26,9134.688141680675,regular,web,AM,51875.679615003515,61
C0075,2025-06-21,70267.1829991883,regular,app,RU,78641.08221028118,6
C0199,2025-01-25,5363.374196186835,regular,app,RU,98019.14203306024,152
C0155,2025-02-07,11095.291837953606,regular,app,RU,26171.924123075,125
C0247,2025-03-03,20244.43375614968,opportunistic,web,RU,52949.92337999243,96
C0059,2025-06-03,27537.076213938675,regular,app,RU,54801.21350948494,21
C0328,2025-02-20,22785.32945843055,regular,app,KZ,65732.80809874619,125
C0339,2025-04-02,6047.037586059754,regular,app,RU,39831.465005485414,76
C0064,2025-01-01,41031.768437704675,opportunistic,manager,RU,81703.93243020093,175
C0105,2025-02-16,2287795.0511490037,opportunistic,web,RU,120199.46527490248,125
C0195,2025-02-18,23293.775110910163,regular,app,RU,17580.452648123697,112
C0087,2025-02-09,59661.93344969709,opportunistic,manager,RU,56590.69713318657,125
C0044,2025-03-19,2459.178672207277,regular,manager,RU,82129.71014803136,102
C0165,2025-04-29,19204.8883201609,opportunistic,web,BY,,59
C0142,2025-05-08,42008.89525648369,regular,app,RU,71133.75089158732,44
C0034,2025-04-11,10224.67524115448,regular,app,BY,139312.1307018514,79
C0359,2025-01-26,3374.365525359014,regular,app,RU,69875.41513535524,154
C0266,2025-01-15,8927.526339428001,regular,web,AM,60126.4423558778,158
C0195,2025-06-10,6201.098886887863,regular,app,RU,17580.452648123697,0
C0016,2025-06-10,2698.8523417542874,regular,app,RU,73734.55681536577,14
C0385,2025-06-08,5535.433657229002,regular,app,RU,171261.59082559345,12
C0138,2025-05-14,5948.387367458679,regular,manager,RU,59561.26986369458,42
C0161,2025-02-22,5293.298546719847,regular,web,RU,74003.19392036954,127
C0249,2025-04-11,22468.57500853105,regular,web,RU,55783.52272481387,79
C0289,2025-02-27,11345.457228998197,regular,app,RU,104787.97930192667,111
C0290,2025-01-31,12919.473700340284,regular,app,RU,80189.09743512764,145
C0069,2025-01-23,14732.598701657951,regular,web,RU,68745.02328473939,146
C0190,2025-06-02,8448.82358073743,regular,app,RU,29728.08893128601,21
C0364,2025-03-25,9841.594753244315,regular,app,RU,40488.69823107142,94
C0150,2025-03-11,3755.270909273397,regular,app,RU,93958.54905131078,110
C0232,2025-04-27,32715.673012558127,regular,app,RU,75576.78867544084,63
C0010,2025-04-20,7215.818322042148,regular,app,RU,71398.54626114802,67
C0276,2025-05-18,4826.4161607385895,regular,app,RU,65535.05343619635,40
C0156,2025-01-28,10796.217483379553,opportunistic,app,RU,,130
C0149,2025-02-05,5523.233145559583,regular,web,BY,27968.453975938126,137
C0051,2025-04-11,9252.513857386633,regular,app,AM,49333.31383761302,78
C0282,2025-05-13,7264.2865353756315,regular,app,KZ,86261.33612057511,39
C0218,2025-03-01,14371.56737120305,regular,app,AM,46855.648918213476,120
C0016,2025-02-16,5115.979009756702,regular,app,RU,73734.55681536577,128
C0281,2025-03-06,10845.49432329849,regular,app,RU,27211.30833168933,111
